PRODUCT_ID,component,degree,offset_source,edge_weight_tiles,n_tiles,offset_logit,trend_fitted,trend_resid,offset_residual_only,offset_logit_lcv,offset_residual_only_lcv,lofo_offset_pred,lofo_pred_err,lofo_n_edges,frame_mean_prob,ln_frame_median,radiometry_z,incidence,subsolar_lat,epoch_year,lon,lat,mola_elev,themis_night_ir,flag_big_offset_normal_radiometry,flag_under_pinned,flag_isolated
B01_009853_2288_XN_48N011W,0,3,solved,53447.0,204881,-7.9808,-6.7449,-1.2358,-1.4187,-7.9808,-1.4187,-8.0685,0.0878,3,0.5782,-2.3561,-2.346,48.1,21.56,2008.671,11.18,48.89,-4647.85,136.92,False,False,False
B01_009892_2148_XI_34N353W,0,18,solved,799401.0,235861,2.8567,2.5777,0.2791,0.0962,2.8567,0.0962,2.8669,0.0101,18,0.34968,-1.8557,0.619,47.26,21.21,2008.679,-6.82,34.83,-2516.22,122.12,True,False,False
B01_009905_2253_XI_45N352W,0,8,solved,589315.0,182318,5.7323,5.6606,0.0717,-0.1112,5.7323,-0.1112,5.7542,0.0218,8,0.45138,-2.109,-0.882,46.66,21.09,2008.682,-8.01,45.38,-3917.41,121.03,True,False,False
B01_009919_2280_XI_48N012W,0,15,solved,666089.0,344211,-9.6667,-7.5203,-2.1464,-2.3293,-9.6667,-2.3293,-9.6831,0.0164,15,0.56331,-2.3209,-2.138,49.03,20.96,2008.684,12.06,48.09,-4673.72,131.83,False,False,False
B01_009958_2210_XI_41N356W,0,11,solved,131777.0,251032,2.0653,1.5029,0.5625,0.3796,2.0653,0.3796,2.0721,0.0068,11,0.49433,-1.9326,0.163,47.53,20.59,2008.693,-3.31,41.03,-3708.61,124.8,True,False,False
B01_009998_2163_XI_36N010W,0,11,solved,607980.0,130522,-10.3824,-8.7013,-1.681,-1.8639,-10.3824,-1.8639,-10.3935,0.0112,11,0.56291,-1.8731,0.515,45.81,20.19,2008.701,10.11,36.37,-3716.11,120.5,True,False,False
B01_010064_2278_XN_47N011W,0,16,solved,364440.0,290944,-8.9771,-7.2135,-1.7636,-1.9465,-8.9771,-1.9465,-8.9786,0.0015,16,0.52469,-2.3278,-2.179,49.76,19.5,2008.715,11.55,47.89,-4605.22,124.52,False,False,False
B01_010103_2236_XI_43N355W,0,14,solved,501068.0,292482,3.7217,2.6971,1.0246,0.8417,3.7217,0.8417,3.7459,0.0242,14,0.41235,-2.1244,-0.973,49.16,19.08,2008.723,-4.24,43.62,-3958.1,126.56,True,False,False
B01_010130_2163_XN_36N011W,0,16,solved,627497.0,171894,-9.8008,-9.6631,-0.1377,-0.3206,-9.8008,-0.3206,-9.7961,0.0048,16,0.56372,-1.9205,0.235,48.73,18.78,2008.728,11.5,36.33,-3840.93,131.41,True,False,False
B01_010143_2216_XN_41N009W,0,19,solved,1028256.0,197186,-8.5086,-6.9569,-1.5517,-1.7346,-8.5086,-1.7346,-8.5233,0.0146,19,0.70956,-2.2173,-1.524,47.95,18.63,2008.731,9.23,41.68,-4379.35,124.37,True,False,False
B01_010182_2258_XI_45N353W,0,6,solved,238445.0,275417,3.8495,4.9211,-1.0716,-1.2545,3.8495,-1.2545,3.8145,0.035,6,0.48084,-2.1542,-1.15,50.16,18.17,2008.739,-6.8,45.8,-4038.33,122.82,True,False,False
B01_010195_2277_XN_47N347W,0,11,solved,319815.0,389513,6.7676,8.9746,-2.207,-2.3899,6.7676,-2.3899,6.439,0.3286,11,0.50581,-2.0209,-0.36,51.1,18.02,2008.742,-12.1,47.75,-3931.34,123.16,True,False,False
B01_010209_2277_XN_47N010W,0,7,solved,212455.0,206254,-7.2242,-6.2291,-0.9951,-1.178,-7.2242,-1.178,-7.1606,0.0636,7,0.63487,-2.3366,-2.23,51.27,17.85,2008.747,10.08,47.78,-4571.13,126.04,False,False,False
B02_010248_2250_XI_45N354W,0,20,solved,736052.0,149489,3.8953,3.9705,-0.0752,-0.2581,3.8953,-0.2581,3.8961,0.0008,20,0.44595,-2.1456,-1.099,51.09,17.38,2008.756,-5.63,45.11,-3994.84,124.73,True,False,False
B02_010261_2248_XI_44N348W,0,22,solved,1195185.0,508482,6.2861,7.814,-1.5279,-1.7108,6.2861,-1.7108,6.2869,0.0008,22,0.45519,-1.9717,-0.069,51.55,17.22,2008.758,-11.31,44.87,-3599.47,122.94,True,False,False
B02_010275_2163_XI_36N010W,0,8,solved,557850.0,111333,-10.0304,-8.7219,-1.3085,-1.4914,-10.0304,-1.4914,-10.0369,0.0065,8,0.50155,-1.8638,0.57,50.01,17.04,2008.761,10.14,36.37,-3714.25,121.6,True,False,False
B02_010288_2247_XI_44N007W,0,15,solved,811766.0,200417,-5.5971,-4.7749,-0.8223,-1.0052,-5.5971,-1.0052,-5.6023,0.0052,15,0.82182,-2.2643,-1.802,50.98,16.88,2008.764,7.01,44.75,-4384.75,130.02,True,False,False
B02_010301_2200_XN_40N003W,0,15,solved,738850.0,129678,-1.8743,-3.0692,1.1949,1.012,-1.8743,1.012,-1.8691,0.0052,15,0.26262,-2.0497,-0.531,48.83,16.71,2008.767,3.05,40.05,-4274.81,132.59,True,False,False
B02_010354_2163_XI_36N008W,0,14,solved,801614.0,107703,-7.58,-7.3251,-0.2549,-0.4378,-7.58,-0.4378,-7.5898,0.0098,14,0.27465,-1.8582,0.604,49.82,16.02,2008.778,8.1,36.36,-3678.34,133.28,True,False,False
B02_010406_2289_XN_48N348W,0,6,solved,251624.0,187389,6.7087,8.7589,-2.0502,-2.2331,6.7087,-2.2331,6.7507,0.042,6,0.38646,-2.0515,-0.541,53.83,15.32,2008.789,-11.4,48.98,-4016.79,118.8,True,False,False
B02_010459_2250_XI_45N354W,0,23,solved,2515021.0,158950,3.4415,3.6053,-0.1638,-0.3467,3.4415,-0.3467,3.447,0.0055,23,0.44937,-2.1845,-1.33,53.52,14.58,2008.799,-5.11,45.07,-4019.93,119.86,True,False,False
B02_010486_2277_XI_47N012W,0,13,solved,211119.0,388771,-9.5829,-7.9778,-1.6052,-1.7881,-9.5829,-1.7881,-9.5563,0.0266,13,0.47638,-2.3856,-2.521,54.49,14.2,2008.805,12.63,47.78,-4586.68,105.52,False,False,False
B02_010512_2179_XN_37N001W,0,3,solved,43315.0,30253,-1.627,-2.0576,0.4306,0.2477,-1.627,0.2477,-1.6364,0.0094,3,0.36942,-1.7492,1.25,52.62,13.82,2008.81,0.92,37.96,-3330.56,97.2,True,False,False
B02_010525_2212_XN_41N356W,0,10,solved,279806.0,140380,3.6225,1.8291,1.7934,1.6105,3.6225,1.6105,3.6499,0.0274,10,0.16166,-1.8505,0.65,53.44,13.64,2008.813,-3.72,41.24,-3742.02,126.08,True,False,False
B02_010565_2277_XI_47N009W,0,6,solved,266344.0,431941,-4.5672,-5.9205,1.3533,1.1704,-4.5672,1.1704,-4.5234,0.0438,6,0.31724,-2.2622,-1.79,55.47,13.04,2008.821,9.63,47.78,-4567.55,125.21,True,False,False
B02_010591_2152_XN_35N357W,0,9,solved,120545.0,58852,0.8154,0.0826,0.7328,0.5499,0.8154,0.5499,0.8137,0.0017,9,0.10863,-1.7913,1.0,53.48,12.65,2008.827,-3.05,35.25,-2434.4,127.32,False,False,False
B02_010604_2269_XI_46N353W,0,8,solved,145340.0,137253,6.4622,5.304,1.1581,0.9752,6.4622,0.9752,6.3949,0.0673,8,0.32811,-2.1097,-0.886,56.57,12.46,2008.83,-7.02,46.88,-4161.13,121.12,True,False,False
B03_010657_2168_XN_36N359W,0,17,solved,429275.0,69011,-0.0073,-1.3021,1.2948,1.1119,-0.0073,1.1119,0.0004,0.0077,17,0.17527,-1.8173,0.847,54.25,11.64,2008.841,-0.52,36.88,-2844.42,127.21,False,False,False
B03_010683_2290_XI_49N351W,0,6,solved,88537.0,271610,7.6394,7.1388,0.5006,0.3177,7.6394,0.3177,7.6381,0.0013,6,0.04834,-2.0367,-0.454,57.86,11.23,2008.846,-9.0,49.1,-4114.74,127.49,True,False,False
B03_010710_2169_XN_36N006W,0,12,solved,351080.0,164196,-5.3116,-6.162,0.8505,0.6676,-5.3116,0.6676,-5.4214,0.1098,12,0.41562,-1.9141,0.273,54.84,10.81,2008.854,6.57,36.89,-3710.49,127.4,True,False,False
B03_010723_2214_XN_41N002W,0,12,solved,135506.0,74753,0.0315,-2.1245,2.156,1.9731,0.0315,1.9731,0.0598,0.0283,12,0.20573,-2.0429,-0.49,56.06,10.6,2008.857,2.13,41.51,-3809.68,118.75,False,False,False
B03_010736_2159_XN_35N356W,0,9,solved,371013.0,59909,0.43,0.4336,-0.0036,-0.1865,0.43,-0.1865,0.4391,0.0091,9,0.27181,-1.8249,0.801,54.71,10.39,2008.86,-3.33,35.99,-2566.93,128.0,False,False,False
B03_010749_2287_XI_48N352W,0,8,solved,177773.0,340682,7.5688,6.2454,1.3234,1.1405,7.5688,1.1405,7.4671,0.1018,8,0.10554,-2.1175,-0.932,59.12,10.18,2008.862,-7.81,48.74,-4034.08,124.68,True,False,False
B03_010776_2277_XN_47N010W,0,7,solved,177131.0,203044,-5.577,-6.4614,0.8845,0.7016,-5.577,0.7016,-5.5963,0.0194,7,0.2403,-2.2423,-1.672,58.43,9.74,2008.868,10.4,47.72,-4573.23,125.35,True,False,False
B03_010842_2142_XN_34N010W,0,20,solved,789725.0,241922,-8.6537,-9.1071,0.4535,0.2706,-8.6537,0.2706,-8.8796,0.2259,20,0.12322,-1.8819,0.463,56.0,8.64,2008.882,10.05,34.29,-3445.6,125.28,True,False,False
B04_011264_2163_XN_36N011W,0,12,solved,212641.0,86174,-9.2639,-9.862,0.5981,0.4152,-9.2639,0.4152,-9.2261,0.0378,12,0.45886,-2.0565,-0.571,61.96,1.1,2008.972,11.79,36.33,-3801.61,135.75,True,False,False
B04_011276_2233_XN_43N340W,0,4,solved,387005.0,281583,18.591,13.1561,5.4349,5.252,18.591,5.252,18.5571,0.0339,4,0.43874,-1.9721,-0.071,64.57,0.87,2008.975,-19.57,43.37,-3405.77,124.87,True,False,False
B04_011277_2168_XN_36N006W,0,9,solved,387621.0,97656,-6.0654,-6.372,0.3067,0.1238,-6.0654,0.1238,-6.0813,0.0159,9,0.53497,-1.9843,-0.143,62.24,0.85,2008.975,6.87,36.87,-3680.86,127.47,True,False,False
B04_011277_2283_XN_48N008W,0,7,solved,761603.0,531845,-3.1263,-5.0643,1.938,1.7551,-3.1263,1.7551,-3.271,0.1447,7,0.14493,-1.9252,0.207,66.53,0.85,2008.975,8.56,48.35,-4570.48,126.45,True,False,False
B04_011329_2241_XI_44N347W,0,13,solved,485075.0,340971,8.7557,8.4407,0.315,0.1321,8.7557,0.1321,9.1629,0.4073,13,0.20618,-2.0054,-0.268,65.67,-0.13,2008.986,-12.44,44.18,-3289.45,126.09,True,False,False
B04_011343_2250_XI_45N009W,0,10,solved,123095.0,168753,-6.0432,-6.7013,0.658,0.4751,-6.0432,0.4751,-6.2949,0.2517,10,0.59633,-2.3592,-2.364,66.23,-0.4,2008.988,9.91,45.04,-4487.71,122.34,False,False,False
B05_011409_2266_XN_46N012W,0,14,solved,522350.0,71717,-7.6506,-7.8203,0.1697,-0.0132,-7.6506,-0.0132,-7.6573,0.0067,14,0.09691,-2.1824,-1.317,67.91,-1.65,2009.0,12.04,46.63,-4675.92,141.67,True,False,False
B05_011422_2168_XI_36N005W,0,10,solved,266710.0,181906,-3.5564,-5.601,2.0446,1.8617,-3.5564,1.8617,-3.5757,0.0193,10,0.1547,-1.9136,0.276,64.06,-1.9,2009.003,5.73,36.82,-3646.71,128.51,True,False,False
B05_011620_2266_XI_46N012W,0,15,solved,479087.0,51721,-8.3717,-7.7491,-0.6225,-0.8054,-8.3717,-0.8054,-8.3804,0.0087,15,0.1754,-2.307,-2.055,71.5,-5.7,2009.044,11.93,46.61,-4667.95,145.81,False,False,False
B05_011633_2274_XN_47N007W,0,7,solved,206019.0,388755,-2.0614,-4.5792,2.5178,2.3349,-2.0614,2.3349,-2.0926,0.0313,7,0.17713,-2.2959,-1.989,71.74,-5.95,2009.047,7.58,47.48,-4565.1,124.55,True,False,False
B05_011685_2274_XI_47N347W,0,9,solved,618855.0,325112,9.9348,9.2938,0.6411,0.4582,9.9348,0.4582,9.8165,0.1184,9,0.16251,-2.0757,-0.685,72.44,-6.95,2009.06,-12.65,47.48,-3900.87,126.62,True,False,False
B06_011830_2258_XN_45N344W,0,4,solved,108974.0,72429,15.7114,10.9571,4.7543,4.5714,15.7114,4.5714,15.7793,0.0678,4,0.0883,-2.0445,-0.5,74.43,-9.7,2009.09,-15.58,45.87,-3643.71,131.02,True,False,False
B06_011870_2147_XN_34N355W,0,7,solved,100186.0,58606,0.6465,0.7223,-0.0759,-0.2588,0.6465,-0.2588,0.6203,0.0262,7,0.26059,-1.9923,-0.191,69.06,-10.44,2009.099,-4.08,34.94,-2280.92,124.34,False,False,False
B06_011976_2145_XN_34N009W,0,10,solved,124053.0,40189,-7.7709,-8.7495,0.9786,0.7957,-7.7709,0.7957,-7.7709,0.0,10,0.0625,-2.0058,-0.271,70.07,-12.39,2009.12,9.61,34.55,-3428.91,112.6,True,False,False
B07_012200_2153_XN_35N005W,0,9,solved,178498.0,84018,-5.0004,-5.5903,0.5898,0.4069,-5.0004,0.4069,-4.9603,0.0401,9,0.16292,-1.9508,0.055,72.26,-16.27,2009.17,5.26,35.37,-3285.8,134.2,True,False,False
B07_012516_2154_XN_35N352W,0,10,solved,125618.0,42468,2.9559,3.1652,-0.2093,-0.3922,2.9559,-0.3922,2.9815,0.0257,10,0.38487,-1.9336,0.157,73.95,-20.9,2009.235,-7.47,35.49,-2149.04,122.67,True,False,False
B08_012635_2147_XI_34N001W,0,6,solved,127042.0,58670,-2.5697,-3.0872,0.5175,0.3346,-2.5697,0.3346,-2.6035,0.0338,6,0.17678,-1.9123,0.283,73.7,-22.29,2009.263,1.4,34.7,-3218.63,147.73,True,False,False
B09_012951_2113_XN_31N348W,0,4,solved,108388.0,238116,3.0503,5.2908,-2.2406,-2.4235,3.0503,-2.4235,3.0589,0.0086,4,0.21515,-1.8668,0.553,70.96,-24.82,2009.329,-11.87,31.34,-2175.3,109.76,True,False,False
B09_013334_2143_XN_34N004W,0,5,solved,127248.0,58629,-3.4598,-5.3316,1.8718,1.6889,-3.4598,1.6889,-3.4676,0.0079,5,0.07199,-1.9042,0.331,70.85,-25.29,2009.411,4.56,34.34,-3036.18,140.09,True,False,False
B10_013518_2150_XN_35N351W,0,13,solved,277244.0,70454,4.1913,4.038,0.1533,-0.0296,4.1913,-0.0296,4.1838,0.0075,13,0.21515,-1.9287,0.186,68.12,-24.5,2009.449,-8.89,35.02,-2668.15,124.23,True,False,False
B12_014138_2234_XN_43N356W,0,7,solved,210096.0,48539,3.9413,2.0781,1.8632,1.6803,3.9413,1.6803,3.9247,0.0166,7,0.2061,-2.0906,-0.773,68.11,-18.0,2009.583,-3.4,43.42,-3944.16,126.43,True,False,False
B12_014178_2145_XI_34N007W,0,15,solved,370819.0,192764,-5.6804,-7.1325,1.452,1.2691,-5.6804,1.2691,-5.6646,0.0158,15,0.06313,-1.8722,0.521,60.53,-17.42,2009.591,7.23,34.48,-3012.21,125.82,True,False,False
B12_014270_2227_XN_42N000W,0,13,solved,400411.0,124572,1.161,-0.7055,1.8665,1.6836,1.161,1.6836,1.2001,0.0391,13,0.18463,-2.107,-0.87,65.62,-16.06,2009.611,0.49,42.88,-4013.84,121.54,True,False,False
B16_015879_2125_XN_32N004W,0,10,solved,371859.0,381899,-4.899,-5.8259,0.9269,0.744,-4.899,0.744,-4.9044,0.0054,10,0.09623,-1.8662,0.557,41.91,10.15,2009.953,4.72,32.55,-2606.31,121.11,True,False,False
B16_015905_2190_XN_39N355W,0,12,solved,282528.0,80723,1.4775,1.6037,-0.1262,-0.3091,1.4775,-0.3091,1.4821,0.0046,12,0.38698,-1.8041,0.925,44.11,10.52,2009.958,-4.09,39.01,-2836.21,123.01,True,False,False
B16_015905_2232_XN_43N356W,0,8,solved,269575.0,67807,4.5187,2.0232,2.4955,2.3126,4.5187,2.3126,4.5458,0.0272,8,0.14994,-1.8758,0.5,46.13,10.52,2009.958,-3.37,43.26,-3928.07,124.46,True,False,False
B16_015918_2127_XN_32N349W,0,6,solved,37957.0,65051,3.1404,4.7593,-1.6189,-1.8018,3.1404,-1.8018,3.1015,0.039,6,0.40966,-1.7535,1.224,41.98,10.71,2009.961,-10.65,32.76,-2271.16,128.11,True,False,False
B16_015958_2163_XN_36N002W,0,18,solved,790890.0,437355,-2.2629,-3.2097,0.9468,0.7639,-2.2629,0.7639,-2.1962,0.0667,18,0.22333,-1.79,1.008,42.98,11.27,2009.969,2.08,36.3,-3044.4,125.11,True,False,False
B16_015971_2144_XI_34N356W,0,21,solved,1171084.0,425000,0.1067,0.1901,-0.0834,-0.2663,0.1067,-0.2663,0.1035,0.0032,21,0.21317,-1.8485,0.661,42.39,11.46,2009.972,-3.47,34.41,-2386.73,122.71,False,False,False
B16_015984_2149_XN_34N351W,0,22,solved,1413412.0,427100,3.2399,3.5729,-0.333,-0.5159,3.2399,-0.5159,3.3435,0.1036,22,0.37598,-1.8577,0.607,42.35,11.64,2009.975,-8.24,34.93,-2298.12,124.92,True,False,False
B16_016011_2180_XI_38N012W,0,8,solved,135559.0,202147,-8.5751,-9.8992,1.3241,1.1412,-8.5751,1.1412,-8.5385,0.0366,8,0.32996,-2.0096,-0.293,41.3,12.01,2009.983,12.38,38.04,-4079.0,97.41,True,False,False
B16_016024_2117_XN_31N003W,0,9,solved,330455.0,272115,-4.1541,-5.0506,0.8965,0.7136,-4.1541,0.7136,-4.1994,0.0453,9,0.13497,-1.9043,0.331,41.2,12.19,2009.986,3.32,31.69,-2347.89,126.99,True,False,False
B16_016037_2158_XN_35N359W,0,18,solved,326008.0,67983,-0.9348,-1.2072,0.2724,0.0895,-0.9348,0.0895,-0.9445,0.0098,18,0.26005,-1.8026,0.933,42.34,12.37,2009.988,-1.0,35.79,-2480.67,113.43,False,False,False
B16_016037_2226_XN_42N000W,0,11,solved,345809.0,66832,0.8688,-0.6285,1.4974,1.3145,0.8688,1.3145,0.8769,0.0081,11,0.25211,-2.0853,-0.741,44.95,12.37,2009.988,0.29,42.6,-3982.44,120.36,False,False,False
B16_016063_2132_XN_33N348W,0,4,solved,57557.0,40097,3.2656,5.58,-2.3144,-2.4973,3.2656,-2.4973,3.2734,0.0078,4,0.18243,-1.79,1.008,41.55,12.72,2009.994,-11.69,33.26,-1899.24,131.65,True,False,False
B16_016077_2144_XN_34N010W,0,23,solved,715089.0,208027,-9.3016,-9.4821,0.1805,-0.0024,-9.3016,-0.0024,-9.344,0.0424,23,0.22502,-1.8298,0.772,41.91,12.91,2009.997,10.65,34.46,-3644.91,124.12,True,False,False
B17_016090_2127_XN_32N005W,0,6,solved,131960.0,413295,-5.072,-6.2261,1.1542,0.9713,-5.072,0.9713,-5.0815,0.0095,6,0.11445,-1.8345,0.744,41.33,13.09,2010.0,5.36,32.73,-2708.3,121.22,True,False,False
B17_016116_2102_XI_30N355W,0,4,solved,68947.0,401476,0.4515,0.2452,0.2064,0.0235,0.4515,0.0235,0.4802,0.0287,4,0.2074,-1.8187,0.838,40.43,13.43,2010.005,-4.86,30.23,-2285.64,127.42,False,False,False
B17_016129_2162_XN_36N350W,0,18,solved,815499.0,246469,2.5496,4.6662,-2.1165,-2.2994,2.5496,-2.2994,2.5392,0.0104,18,0.48203,-1.8047,0.921,42.31,13.6,2010.008,-9.43,36.22,-2374.19,123.3,True,False,False
B17_016169_2169_XI_36N001W,0,13,solved,288615.0,266834,-2.2273,-2.8798,0.6525,0.4696,-2.2273,0.4696,-2.1627,0.0646,13,0.28873,-1.7609,1.181,43.06,14.13,2010.016,1.79,36.91,-3106.57,121.21,True,False,False
B17_016182_2232_XN_43N356W,0,8,solved,282661.0,73226,3.0529,1.9983,1.0546,0.8717,3.0529,0.8717,3.0499,0.003,8,0.3587,-2.0321,-0.426,45.94,14.29,2010.019,-3.34,43.24,-3929.48,124.4,True,False,False
B17_016195_2250_XN_45N354W,0,31,solved,3881915.0,434176,3.996,3.7382,0.2579,0.075,3.996,0.075,4.0512,0.0551,31,0.44268,-2.0979,-0.816,44.87,14.46,2010.022,-5.31,45.05,-4046.56,126.48,True,False,False
B17_016222_2128_XN_32N009W,0,11,solved,338066.0,324386,-8.9737,-8.7899,-0.1838,-0.3667,-8.9737,-0.3667,-8.9791,0.0053,11,0.09534,-1.7441,1.28,41.08,14.8,2010.027,9.13,32.83,-3168.69,123.76,True,False,False
B17_016235_2120_XN_32N004W,0,5,solved,76890.0,152441,-3.9665,-5.374,1.4075,1.2246,-3.9665,1.2246,-4.0183,0.0518,5,0.10112,-1.8374,0.727,40.9,14.97,2010.03,3.92,32.1,-2303.8,125.01,True,False,False
B17_016274_2258_XN_45N350W,0,5,solved,51062.0,35572,5.473,6.9458,-1.4728,-1.6557,5.473,-1.6557,5.4774,0.0044,5,0.28023,-2.0328,-0.431,45.57,15.45,2010.038,-9.74,45.84,-3984.37,127.92,True,False,False
B17_016287_2222_XI_42N344W,0,25,solved,508643.0,480830,10.6481,9.9277,0.7204,0.5375,10.6481,0.5375,10.7728,0.1247,25,0.4011,-1.8579,0.606,43.95,15.61,2010.041,-15.21,42.26,-3024.91,123.48,True,False,False
B17_016288_2131_XI_33N010W,0,14,solved,843414.0,376625,-9.8297,-9.8141,-0.0156,-0.1985,-9.8297,-0.1985,-9.8304,0.0006,14,0.18443,-1.766,1.15,41.3,15.62,2010.041,10.73,33.17,-3672.92,121.47,True,False,False
B17_016300_2282_XN_48N340W,0,6,solved,83243.0,265562,19.0828,13.939,5.1438,4.9609,19.0828,4.9609,18.8404,0.2424,6,0.51268,-1.8838,0.452,46.29,15.77,2010.044,-19.17,48.29,-3779.08,123.56,True,False,False
B17_016301_2250_XN_45N007W,0,11,solved,462823.0,99777,-5.5995,-4.8677,-0.7317,-0.9146,-5.5995,-0.9146,-5.5994,0.0,11,0.75444,-2.1821,-1.315,45.09,15.78,2010.044,7.23,45.02,-4375.13,127.13,True,False,False
B17_016327_2160_XI_36N356W,0,9,solved,373118.0,59851,0.3,0.4401,-0.1401,-0.323,0.3,-0.323,0.309,0.009,9,0.28694,-1.7361,1.328,41.27,16.09,2010.049,-3.33,36.02,-2588.8,129.21,False,False,False
B17_016340_2161_XN_36N351W,0,22,solved,787566.0,255494,2.8957,4.2757,-1.38,-1.5629,2.8957,-1.5629,2.8931,0.0027,22,0.49652,-1.8405,0.709,41.65,16.25,2010.052,-8.87,36.19,-2443.18,124.75,True,False,False
B17_016366_2244_XN_44N342W,0,9,solved,767285.0,396407,16.0648,12.1084,3.9565,3.7736,16.0648,3.7736,16.4076,0.3427,9,0.43779,-1.8977,0.37,44.15,16.56,2010.057,-17.71,44.43,-3611.6,122.06,True,False,False
B17_016367_2117_XN_31N007W,0,5,solved,131017.0,208000,-8.8913,-7.9724,-0.9189,-1.1018,-8.8913,-1.1018,-8.9078,0.0165,5,0.15874,-1.9268,0.197,40.7,16.57,2010.057,7.59,31.72,-2776.97,107.77,True,False,False
B17_016380_2126_XN_32N002W,0,7,solved,89447.0,333136,-3.8574,-4.3189,0.4615,0.2786,-3.8574,0.2786,-3.9093,0.0519,7,0.14539,-1.8861,0.439,40.9,16.72,2010.06,2.56,32.67,-2697.27,123.78,True,False,False
B17_016393_2116_XN_31N357W,0,6,solved,86015.0,248456,-1.4069,-0.9999,-0.4069,-0.5898,-1.4069,-0.5898,-1.5278,0.121,6,0.18774,-1.9054,0.324,40.68,16.87,2010.063,-2.59,31.68,-2201.27,122.71,True,False,False
B17_016433_2266_XN_46N011W,0,15,solved,666239.0,71965,-9.8748,-7.5875,-2.2873,-2.4702,-9.8748,-2.4702,-9.8822,0.0074,15,0.47254,-2.2221,-1.552,44.77,17.33,2010.071,11.71,46.66,-4609.31,132.93,True,False,False
B17_016446_2125_XN_32N004W,0,7,solved,166314.0,165142,-4.1646,-5.5726,1.408,1.2251,-4.1646,1.2251,-4.2353,0.0707,7,0.08667,-1.7779,1.08,40.85,17.47,2010.074,4.36,32.58,-2436.1,118.55,True,False,False
B17_016459_2197_XN_39N000W,0,19,solved,431566.0,233954,-0.3077,-1.2666,0.959,0.7761,-0.3077,0.7761,-0.3016,0.0061,19,0.35765,-1.8883,0.425,42.38,17.62,2010.079,0.34,39.79,-3582.38,124.5,False,False,False
B17_016472_2287_XN_48N357W,0,5,solved,185498.0,106376,3.2896,2.9379,0.3517,0.1688,3.2896,0.1688,3.2803,0.0093,5,0.26692,-2.1727,-1.26,45.31,17.76,2010.082,-2.99,48.73,-4242.99,111.02,True,False,False
B18_016498_2264_XI_46N345W,0,26,solved,2490951.0,354369,11.3057,10.4616,0.8441,0.6612,11.3057,0.6612,11.3364,0.0308,26,0.43075,-1.8879,0.428,44.94,18.05,2010.088,-14.66,46.5,-3684.05,122.67,True,False,False
B18_016525_2143_XN_34N001W,0,6,solved,131563.0,74704,-1.7605,-3.1174,1.3568,1.1739,-1.7605,1.1739,-1.7858,0.0253,6,0.07991,-1.7655,1.153,41.09,18.34,2010.093,1.35,34.4,-2948.24,133.63,True,False,False
B18_016551_2162_XN_36N351W,0,13,solved,369685.0,86513,3.6945,3.998,-0.3035,-0.4864,3.6945,-0.4864,3.7007,0.0062,13,0.39811,-1.8214,0.822,41.29,18.61,2010.099,-8.44,36.27,-2416.79,121.9,True,False,False
B18_016578_2250_XN_45N007W,0,11,solved,537941.0,116001,-3.3237,-4.8836,1.5599,1.377,-3.3237,1.377,-3.3313,0.0076,11,0.47546,-2.0599,-0.591,45.33,18.89,2010.104,7.25,45.01,-4375.05,127.61,True,False,False
B18_016591_2223_XN_42N004W,0,12,solved,225414.0,304207,-3.1091,-3.5415,0.4323,0.2494,-3.1091,0.2494,-3.176,0.0669,12,0.40346,-2.0951,-0.8,42.66,19.03,2010.107,4.45,42.32,-4121.44,125.89,True,False,False
B18_016604_2160_XI_36N356W,0,10,solved,375641.0,64665,0.7195,0.4182,0.3013,0.1184,0.7195,0.1184,0.7229,0.0035,10,0.21062,-1.6451,1.867,42.55,19.16,2010.11,-3.32,35.95,-2552.03,129.19,False,False,False
B18_016643_2264_XI_46N345W,0,24,solved,5038543.0,335567,9.8868,10.1045,-0.2176,-0.4005,9.8868,-0.4005,9.8686,0.0183,24,0.59325,-1.9457,0.086,43.09,19.55,2010.118,-14.18,46.37,-3703.72,129.92,True,False,False
B18_016683_2125_XN_32N354W,0,6,solved,178035.0,235641,1.5211,1.0707,0.4504,0.2675,1.5211,0.2675,1.5557,0.0347,6,0.24727,-1.8945,0.389,40.73,19.94,2010.126,-5.34,32.54,-2397.11,127.46,True,False,False
B18_016696_2161_XN_36N350W,0,8,solved,142742.0,54797,2.9523,5.0532,-2.1009,-2.2838,2.9523,-2.2838,2.9574,0.0051,8,0.51751,-1.8353,0.739,41.2,20.06,2010.129,-10.01,36.17,-2150.75,121.53,True,False,False
B18_016722_2217_XN_41N340W,0,6,solved,262043.0,263443,16.5046,12.4986,4.006,3.8231,16.5046,3.8231,16.5118,0.0072,6,0.57773,-1.8319,0.76,42.04,20.3,2010.134,-19.1,41.81,-2740.43,123.5,True,False,False
B18_016736_2136_XN_33N002W,0,9,solved,474973.0,165616,-2.546,-3.7225,1.1765,0.9936,-2.546,0.9936,-2.5619,0.0158,9,0.07368,-1.7993,0.953,40.59,20.43,2010.137,2.01,33.69,-2706.25,125.52,True,False,False
B18_016736_2224_XN_42N003W,0,12,solved,392455.0,267835,-2.3133,-2.8213,0.508,0.3251,-2.3133,0.3251,-2.333,0.0196,12,0.41734,-2.1035,-0.85,42.02,20.43,2010.137,3.45,42.48,-4044.55,125.16,True,False,False
B18_016749_2126_XI_32N356W,0,12,solved,474843.0,366512,-0.1697,-0.3158,0.1461,-0.0368,-0.1697,-0.0368,-0.2076,0.038,12,0.14802,-1.8703,0.533,40.57,20.55,2010.14,-3.29,32.63,-2237.09,125.86,False,False,False
B18_016775_2190_XN_39N347W,0,10,solved,152514.0,163745,4.0774,7.2059,-3.1285,-3.3114,4.0774,-3.3114,4.2791,0.2017,10,0.72428,-1.817,0.848,41.1,20.79,2010.145,-12.25,39.04,-2328.96,119.5,True,False,False
B18_016788_2273_XI_47N345W,0,26,solved,3092691.0,576180,11.7087,10.5529,1.1558,0.9729,11.7087,0.9729,11.6525,0.0562,26,0.33763,-1.9382,0.13,42.31,20.9,2010.148,-14.53,47.34,-3706.02,121.29,True,False,False
B18_016789_2162_XN_36N009W,0,24,solved,1304698.0,256650,-8.6651,-7.9479,-0.7172,-0.9001,-8.6651,-0.9001,-8.6805,0.0154,24,0.34696,-1.8135,0.869,41.08,20.91,2010.148,8.98,36.27,-3536.34,126.84,True,False,False
B18_016815_2151_XI_35N358W,0,26,solved,1651406.0,428916,-0.7254,-0.9718,0.2464,0.0635,-0.7254,0.0635,-0.7277,0.0022,26,0.25611,-1.7586,1.194,41.1,21.13,2010.153,-1.55,35.13,-2451.89,124.64,False,False,False
B18_016828_2143_XI_34N354W,0,9,solved,262919.0,430198,2.6206,1.8342,0.7864,0.6035,2.6206,0.6035,2.6004,0.0202,9,0.32881,-1.9069,0.315,40.33,21.25,2010.156,-5.88,34.37,-2305.99,124.99,True,False,False
B18_016841_2178_XN_37N349W,0,13,solved,732086.0,284644,3.2028,6.1085,-2.9057,-3.0886,3.2028,-3.0886,3.2617,0.0589,13,0.58261,-1.8338,0.749,41.14,21.36,2010.159,-11.01,37.89,-2270.44,123.63,True,False,False
B19_016855_2177_XN_37N011W,0,25,solved,756163.0,367313,-8.6287,-9.0237,0.395,0.2121,-8.6287,0.2121,-8.6701,0.0414,25,0.39316,-1.9442,0.094,41.22,21.47,2010.162,11.0,37.71,-4042.49,123.96,True,False,False
B19_016868_2125_XN_32N004W,0,6,solved,175740.0,99197,-4.9219,-5.9155,0.9935,0.8106,-4.9219,0.8106,-4.8998,0.0221,6,0.08408,-1.813,0.872,41.06,21.58,2010.164,4.86,32.58,-2573.97,120.1,True,False,False
B19_016868_2250_XI_45N006W,0,10,solved,557329.0,99325,-5.089,-4.5429,-0.5462,-0.7291,-5.089,-0.7291,-5.097,0.0079,10,0.80738,-2.198,-1.409,42.84,21.58,2010.164,6.75,45.0,-4374.19,128.12,True,False,False
B19_016894_2125_XI_32N355W,0,6,solved,49548.0,73080,1.1957,0.7882,0.4075,0.2246,1.1957,0.2246,1.1571,0.0386,6,0.25069,-1.9001,0.355,40.78,21.79,2010.17,-4.95,32.47,-2269.99,129.73,True,False,False
B19_016894_2286_XN_48N357W,0,6,solved,168401.0,214448,2.6706,2.589,0.0816,-0.1013,2.6706,-0.1013,2.4008,0.2699,6,0.44023,-2.1804,-1.305,43.69,21.79,2010.17,-2.5,48.67,-4317.87,122.85,True,False,False
B19_016907_2120_XN_32N349W,0,4,solved,76458.0,64957,2.637,4.6642,-2.0272,-2.2101,2.637,-2.2101,2.791,0.154,4,0.38885,-1.7029,1.524,41.35,21.89,2010.172,-10.74,32.03,-2199.57,104.77,True,False,False
B19_016933_2278_XN_47N342W,0,5,solved,67471.0,101093,15.3831,12.5042,2.8789,2.696,15.3831,2.696,15.2777,0.1054,5,0.57961,-1.8952,0.385,42.92,22.09,2010.178,-17.2,47.9,-3808.42,123.41,True,False,False
B19_016947_2164_XN_36N002W,0,19,solved,686212.0,402804,-2.8301,-3.5204,0.6903,0.5074,-2.8301,0.5074,-2.7443,0.0858,19,0.31602,-1.7581,1.197,41.06,22.2,2010.183,2.58,36.45,-3101.39,122.45,True,False,False
B19_016960_2263_XN_46N359W,0,8,solved,331923.0,72823,1.0561,0.5146,0.5416,0.3587,1.0561,0.3587,1.055,0.0012,8,0.21057,-2.106,-0.864,42.37,22.3,2010.186,-0.18,46.42,-4611.01,127.62,True,False,False
B19_016973_2136_XN_33N352W,0,11,solved,521444.0,229710,3.2719,3.0823,0.1896,0.0067,3.2719,0.0067,3.2622,0.0097,11,0.22769,-1.8608,0.589,40.9,22.39,2010.189,-7.91,33.7,-2146.12,126.88,True,False,False
B19_016999_2240_XN_44N343W,0,6,solved,96503.0,507522,12.8537,11.2034,1.6503,1.4674,12.8537,1.4674,12.8589,0.0052,6,0.47669,-1.8677,0.548,42.18,22.58,2010.194,-16.5,44.08,-3419.0,125.14,True,False,False
B19_017026_2202_XN_40N000W,0,3,solved,100123.0,63635,-0.1966,-0.9844,0.7878,0.6049,-0.1966,0.6049,-0.2037,0.0072,3,0.36235,-1.9376,0.134,41.45,22.77,2010.2,0.06,40.21,-3518.32,108.58,False,False,False
B19_017039_2250_XN_45N354W,0,25,solved,3868401.0,304832,3.3832,3.6735,-0.2902,-0.4731,3.3832,-0.4731,3.39,0.0067,25,0.51728,-2.0757,-0.685,43.01,22.86,2010.203,-5.2,45.1,-4035.7,125.2,True,False,False
B19_017052_2143_XN_34N349W,0,9,solved,218222.0,198905,3.2204,5.1035,-1.8832,-2.0661,3.2204,-2.0661,3.2261,0.0057,9,0.43214,-1.8124,0.875,40.75,22.95,2010.205,-10.66,34.33,-2015.12,122.75,True,False,False
B19_017066_2211_XN_41N012W,0,11,solved,345540.0,287088,-9.1241,-9.1855,0.0614,-0.1215,-9.1241,-0.1215,-9.0771,0.047,11,0.6403,-2.2191,-1.534,41.56,23.04,2010.208,12.32,41.17,-4346.85,110.14,True,False,False
B19_017079_2126_XN_32N006W,0,6,solved,296221.0,413019,-5.6166,-6.6526,1.036,0.8531,-5.6166,0.8531,-5.6157,0.0009,6,0.09442,-1.836,0.735,41.02,23.12,2010.211,5.96,32.66,-2763.38,125.02,True,False,False
B19_017105_2229_XI_42N357W,0,11,solved,152546.0,124431,2.3111,1.5978,0.7133,0.5304,2.3111,0.5304,2.2577,0.0534,11,0.38359,-2.0604,-0.594,42.0,23.29,2010.216,-2.85,42.94,-3880.0,120.29,True,False,False
B19_017118_2113_XN_31N350W,0,6,solved,57377.0,104191,2.5373,3.5756,-1.0384,-1.2213,2.5373,-1.2213,2.5385,0.0013,6,0.32408,-1.7195,1.426,41.07,23.37,2010.219,-9.35,31.4,-2042.97,104.9,True,False,False
B19_017145_2132_XN_33N008W,0,21,solved,493935.0,322680,-8.2904,-8.0096,-0.2807,-0.4636,-8.2904,-0.4636,-8.2906,0.0002,21,0.12762,-1.8139,0.866,40.97,23.53,2010.225,8.13,33.27,-3035.12,127.03,True,False,False
B19_017158_2261_XN_46N004W,0,6,solved,209908.0,458880,-1.3603,-3.0245,1.6642,1.4813,-1.3603,1.4813,-1.3261,0.0342,6,0.65675,-2.2162,-1.517,42.44,23.61,2010.227,4.89,46.13,-4420.51,124.16,True,False,False
B19_017171_2189_XN_38N358W,0,6,solved,242526.0,135711,0.7077,0.2103,0.4974,0.3145,0.7077,0.3145,0.6903,0.0174,6,0.4166,-1.754,1.222,41.87,23.68,2010.23,-2.08,38.94,-3329.02,126.33,False,False,False
B19_017184_2187_XI_38N353W,0,23,solved,727645.0,227271,2.3563,2.9309,-0.5746,-0.7575,2.3563,-0.7575,2.3624,0.006,23,0.5158,-1.7924,0.994,41.05,23.75,2010.233,-6.11,38.74,-2720.02,126.39,True,False,False
B20_017277_2139_XN_33N011W,0,11,solved,219793.0,185848,-10.6917,-10.3623,-0.3294,-0.5124,-10.6917,-0.5124,-10.5957,0.096,11,0.28232,-1.8568,0.612,41.39,24.23,2010.252,11.78,33.97,-3477.93,126.29,True,False,False
B20_017290_2162_XI_36N008W,0,12,solved,503881.0,61002,-8.1656,-7.326,-0.8395,-1.0224,-8.1656,-1.0224,-8.1819,0.0164,12,0.33148,-1.8562,0.616,40.54,24.29,2010.255,8.07,36.26,-3717.25,144.45,True,False,False
B20_017303_2225_XI_42N003W,0,13,solved,401383.0,129296,-1.9003,-2.5067,0.6064,0.4235,-1.9003,0.4235,-1.9233,0.023,13,0.38102,-2.1203,-0.949,41.77,24.35,2010.257,3.01,42.54,-4042.54,127.58,True,False,False
B20_017356_2134_XN_33N008W,0,12,solved,608843.0,230553,-9.043,-8.4587,-0.5843,-0.7672,-9.043,-0.7672,-9.0357,0.0073,12,0.09711,-1.7437,1.283,41.27,24.58,2010.268,8.86,33.51,-3059.55,125.53,True,False,False
B20_017356_2242_XN_44N010W,0,18,solved,248122.0,98278,-8.6808,-7.2597,-1.421,-1.6039,-8.6808,-1.6039,-8.6925,0.0118,18,0.8771,-2.2349,-1.628,41.9,24.58,2010.268,10.48,44.26,-4505.54,124.06,True,False,False
B20_017369_2147_XN_34N004W,0,17,solved,914611.0,284979,-4.0718,-4.8316,0.7598,0.5769,-4.0718,0.5769,-4.0539,0.0179,17,0.09083,-1.7309,1.358,41.25,24.63,2010.271,3.95,34.72,-2835.43,125.25,True,False,False
B20_017382_2134_XN_33N358W,0,14,solved,334380.0,255254,-0.522,-1.5025,0.9805,0.7976,-0.522,0.7976,-0.6887,0.1667,14,0.13188,-1.882,0.463,41.31,24.68,2010.274,-1.29,33.49,-2327.31,126.54,False,False,False
B20_017395_2263_XN_46N356W,0,8,solved,179700.0,267584,2.6009,3.144,-0.5432,-0.7261,2.6009,-0.7261,2.524,0.0769,8,0.72816,-2.2014,-1.43,42.06,24.73,2010.277,-4.03,46.37,-4192.46,125.96,True,False,False
B20_017408_2244_XN_44N351W,0,4,solved,88765.0,69943,5.8207,6.1084,-0.2877,-0.4706,5.8207,-0.4706,5.8625,0.0418,4,0.63402,-2.0609,-0.597,41.37,24.78,2010.279,-8.97,44.4,-3796.63,132.95,True,False,False
B20_017514_2222_XN_42N004W,0,11,solved,205937.0,221239,-2.468,-3.2166,0.7486,0.5657,-2.468,0.5657,-2.5426,0.0746,11,0.38536,-2.1054,-0.861,41.64,25.1,2010.304,3.97,42.3,-4052.39,126.73,True,False,False
B20_017527_2288_XN_48N000W,0,8,solved,182841.0,390106,3.0277,0.7397,2.288,2.1051,3.0277,2.1051,2.9726,0.0552,8,0.13262,-2.1133,-0.908,42.62,25.14,2010.307,0.25,48.84,-4350.29,124.16,True,False,False
B20_017553_2186_XN_38N348W,0,8,solved,92636.0,141680,3.2592,6.8384,-3.5792,-3.7621,3.2592,-3.7621,3.3133,0.0541,8,0.55506,-1.8153,0.858,41.45,25.2,2010.312,-11.83,38.67,-2247.22,124.61,True,False,False
B20_017567_2157_XI_35N009W,0,26,solved,1698050.0,334251,-9.303,-8.3451,-0.9579,-1.1408,-9.303,-1.1408,-9.3346,0.0316,26,0.32971,-1.771,1.121,41.92,25.23,2010.315,9.39,35.73,-3483.15,124.86,True,False,False
B20_017580_2246_XN_44N005W,0,9,solved,446030.0,180369,-1.668,-3.7248,2.0569,1.874,-1.668,1.874,-1.6954,0.0275,9,0.65228,-2.1108,-0.893,42.58,25.25,2010.318,5.46,44.69,-4332.67,122.42,True,False,False
B20_017593_2265_XN_46N001W,0,7,solved,564405.0,473940,0.8432,-0.6031,1.4463,1.2634,0.8432,1.2634,0.8136,0.0296,7,0.23932,-2.1027,-0.845,42.37,25.28,2010.32,1.5,46.58,-4302.54,124.28,False,False,False
B20_017606_2134_XI_33N354W,0,5,solved,216651.0,287243,2.4064,1.4475,0.959,0.7761,2.4064,0.7761,2.666,0.2596,5,0.25768,-1.9095,0.3,41.69,25.3,2010.323,-5.62,33.4,-2475.08,122.45,True,False,False
B20_017606_2267_XN_46N356W,0,6,solved,98044.0,153036,3.902,2.8005,1.1015,0.9186,3.902,0.9186,4.0426,0.1406,6,0.5701,-2.1513,-1.133,42.33,25.3,2010.323,-3.41,46.75,-4223.19,124.94,True,False,False
B20_017619_2162_XI_36N350W,0,7,solved,207309.0,60043,3.4131,4.9354,-1.5223,-1.7052,3.4131,-1.7052,3.446,0.0329,7,0.3484,-1.8478,0.665,41.19,25.32,2010.326,-9.81,36.26,-2404.07,132.49,True,False,False
B21_017646_2281_XN_48N008W,0,9,solved,805408.0,525536,-5.7727,-5.2397,-0.533,-0.7159,-5.7727,-0.7159,-5.7034,0.0694,9,0.48589,-2.1537,-1.147,42.73,25.36,2010.331,8.75,48.14,-4559.32,124.14,True,False,False
B21_017738_2262_XI_46N001W,0,8,solved,515092.0,291955,-0.0524,-0.2853,0.2329,0.05,-0.0524,0.05,-0.0119,0.0404,8,0.41185,-2.177,-1.285,42.02,25.44,2010.35,0.93,46.24,-4244.96,122.09,False,False,False
B21_017751_2248_XN_44N355W,0,21,solved,862356.0,59297,3.6098,3.4873,0.1225,-0.0604,3.6098,-0.0604,3.6213,0.0116,21,0.38731,-2.1467,-1.105,42.26,25.45,2010.353,-5.01,44.84,-4021.5,133.74,True,False,False
B21_017778_2198_XN_39N010W,0,31,solved,2333088.0,239331,-8.0137,-8.2091,0.1953,0.0124,-8.0137,0.0124,-8.0207,0.007,31,0.37116,-2.1253,-0.979,42.5,25.45,2010.359,10.47,39.81,-4257.7,127.33,True,False,False
B21_017804_2267_XI_46N002W,0,6,solved,330399.0,515994,-0.4349,-1.0312,0.5963,0.4134,-0.4349,0.4134,-0.4229,0.012,6,0.41419,-2.1656,-1.218,42.74,25.45,2010.364,2.19,46.79,-4304.03,127.05,False,False,False
B21_017817_2266_XI_46N358W,0,7,solved,168353.0,431935,1.9178,1.6265,0.2913,0.1084,1.9178,0.1084,1.8637,0.0541,7,0.43967,-2.1894,-1.358,41.97,25.45,2010.367,-1.72,46.68,-4272.49,125.33,True,False,False
B21_017883_2144_XN_34N358W,0,9,solved,229682.0,68934,-0.7693,-1.0421,0.2728,0.0899,-0.7693,0.0899,-0.7776,0.0083,9,0.2381,-1.8854,0.443,41.26,25.41,2010.381,-1.67,34.42,-2406.46,120.93,False,False,False
B21_017949_2263_XN_46N359W,0,6,solved,507937.0,136366,1.0718,0.4948,0.5769,0.394,1.0718,0.394,1.0727,0.0009,6,0.2059,-2.0397,-0.472,43.71,25.32,2010.397,-0.17,46.36,-4617.43,127.81,True,False,False
B21_017989_2140_XN_34N011W,0,16,solved,511518.0,183379,-10.7802,-9.9863,-0.7939,-0.9768,-10.7802,-0.9768,-10.7485,0.0318,16,0.35297,-1.8747,0.506,42.39,25.25,2010.405,11.26,34.06,-3764.04,126.02,True,False,False
B22_018081_2250_XI_45N006W,0,12,solved,631899.0,121039,-5.2085,-4.5227,-0.6858,-0.8687,-5.2085,-0.8687,-5.2262,0.0177,12,0.80072,-2.3117,-2.083,41.67,25.02,2010.424,6.73,45.03,-4378.74,128.58,False,False,False
B22_018239_2174_XI_37N358W,0,14,solved,831739.0,120156,-1.1904,-0.5274,-0.663,-0.8459,-1.1904,-0.8459,-1.1812,0.0092,14,0.59514,-1.7594,1.19,42.04,24.43,2010.457,-1.49,37.39,-2672.57,129.4,True,False,False
B22_018279_2197_XN_39N010W,0,30,solved,2333029.0,242177,-8.3499,-8.1816,-0.1682,-0.3511,-8.3499,-0.3511,-8.3608,0.0109,30,0.42626,-2.2205,-1.543,42.69,24.24,2010.465,10.43,39.81,-4257.5,125.96,True,False,False
B22_018358_2277_XI_47N008W,0,6,solved,383792.0,321419,-6.6079,-4.9356,-1.6724,-1.8553,-6.6079,-1.8553,-7.0247,0.4168,6,0.6907,-2.2824,-1.91,44.42,23.82,2010.482,8.2,47.8,-4569.85,126.38,True,False,False
B22_018371_2119_XN_31N000W,0,6,solved,104794.0,128972,-1.4967,-2.7553,1.2587,1.0758,-1.4967,1.0758,-1.5973,0.1006,6,0.11444,-1.9629,-0.017,43.91,23.74,2010.485,0.07,32.0,-2296.15,124.41,True,False,False
B22_018384_2267_XI_46N357W,0,9,solved,222447.0,455737,1.9279,2.1284,-0.2006,-0.3835,1.9279,-0.3835,1.6987,0.2291,9,0.61766,-2.2644,-1.803,44.55,23.66,2010.49,-2.43,46.75,-4283.71,127.71,True,False,False
D01_027417_2195_XN_39N009W,0,33,solved,2218564.0,405843,-7.5601,-7.5243,-0.0358,-0.2187,-7.5601,-0.2187,-7.6513,0.0913,33,0.44635,-2.122,-0.959,42.12,22.14,2012.416,9.39,39.55,-4058.68,122.45,True,False,False
D01_027430_2228_XN_42N001W,0,7,solved,212906.0,220649,-1.2202,-1.6691,0.4489,0.266,-1.2202,0.266,-1.242,0.0218,7,0.49406,-2.1385,-1.057,44.81,22.03,2012.419,1.87,42.8,-4052.24,118.13,True,False,False
D01_027456_2135_XI_33N350W,0,6,solved,108802.0,57350,2.3824,4.1871,-1.8048,-1.9877,2.3824,-1.9877,2.395,0.0126,6,0.59079,-1.8267,0.791,44.15,21.82,2012.424,-9.59,33.48,-2230.73,109.87,True,False,False
D01_027469_2243_XI_44N347W,0,9,solved,377691.0,117494,7.832,8.8552,-1.0232,-1.2061,7.832,-1.2061,7.826,0.006,9,0.42072,-1.9691,-0.053,45.17,21.7,2012.427,-13.01,44.29,-3175.87,117.67,True,False,False
D01_027482_2300_XN_50N343W,0,4,solved,40512.0,219686,16.0239,12.4857,3.5381,3.3552,16.0239,3.3552,15.9719,0.052,4,0.27176,-1.954,0.036,46.25,21.59,2012.43,-16.49,50.08,-3856.04,115.01,True,False,False
D01_027483_2269_XI_46N009W,0,5,solved,87689.0,72718,-6.5442,-6.2176,-0.3267,-0.5096,-6.5442,-0.5096,-6.5699,0.0257,5,0.73623,-2.2252,-1.57,45.71,21.58,2012.433,9.8,46.94,-4565.6,121.4,True,False,False
D01_027535_2219_XI_41N348W,0,19,solved,1082303.0,246056,5.1882,7.2556,-2.0674,-2.2503,5.1882,-2.2503,5.2196,0.0313,19,0.56191,-1.94,0.119,45.04,21.12,2012.444,-11.42,41.92,-3147.44,124.79,True,False,False
D01_027562_2146_XN_34N003W,0,12,solved,564135.0,113032,-3.9069,-4.6735,0.7666,0.5837,-3.9069,0.5837,-3.906,0.0009,12,0.10076,-1.7258,1.388,45.18,20.86,2012.449,3.71,34.69,-2931.53,124.11,True,False,False
D01_027575_2300_XN_50N001W,0,6,solved,121938.0,432924,0.6149,0.3414,0.2735,0.0906,0.6149,0.0906,0.6134,0.0014,6,0.44933,-2.2789,-1.889,47.64,20.74,2012.452,1.21,50.05,-4464.59,137.8,False,False,False
D01_027588_2249_XI_44N354W,0,24,solved,3936974.0,260683,0.8953,3.5795,-2.6842,-2.8671,0.8953,-2.8671,0.8897,0.0056,24,0.88944,-1.5631,2.352,46.7,20.61,2012.454,-5.11,44.95,-4020.25,123.51,False,False,False
D01_027601_2242_XI_44N347W,0,10,solved,497645.0,163991,9.7098,8.8286,0.8813,0.6984,9.7098,0.6984,9.7544,0.0445,10,0.1612,-1.7851,1.037,48.48,20.49,2012.457,-12.99,44.23,-3185.3,120.27,True,False,False
D01_027707_2199_XN_39N003W,0,13,solved,685462.0,109837,-2.1975,-3.1986,1.0011,0.8182,-2.1975,0.8182,-2.2035,0.006,13,0.30199,-2.0846,-0.738,46.31,19.39,2012.479,3.22,39.99,-4298.9,132.77,True,False,False
D02_027826_2265_XN_46N012W,0,14,solved,307805.0,30827,-10.3633,-7.7971,-2.5661,-2.749,-10.3633,-2.749,-10.3753,0.012,14,0.53512,-2.273,-1.854,49.27,18.04,2012.504,12.0,46.61,-4644.71,145.27,True,False,False
D02_027892_2219_XI_41N011W,0,34,solved,4299950.0,501093,-9.3479,-8.1946,-1.1533,-1.3362,-9.3479,-1.3362,-9.3484,0.0005,34,0.70638,-2.1701,-1.244,50.09,17.23,2012.517,11.11,41.92,-4438.72,123.6,True,False,False
D02_027997_2172_XN_37N358W,0,14,solved,610010.0,77864,-1.1117,-0.5523,-0.5593,-0.7422,-1.1117,-0.7422,-1.1137,0.002,14,0.51939,-1.7971,0.966,49.01,15.88,2012.542,-1.51,37.21,-2722.23,137.42,True,False,False
D02_028037_2116_XI_31N009W,0,12,solved,824456.0,408525,-9.1858,-9.4896,0.3039,0.121,-9.1858,0.121,-9.1989,0.0131,12,0.11955,-1.8008,0.944,48.64,15.34,2012.55,9.79,31.68,-3343.13,130.76,True,False,False
D02_028050_2182_XI_38N005W,0,11,solved,279729.0,53014,-5.1611,-5.3559,0.1948,0.0119,-5.1611,0.0119,-5.1745,0.0135,11,0.33609,-1.9492,0.065,49.49,15.16,2012.553,5.83,38.28,-3845.7,134.1,True,False,False
D02_028063_2228_XN_42N001W,0,8,solved,217089.0,172488,-0.5455,-1.1011,0.5556,0.3727,-0.5455,0.3727,-0.5153,0.0302,8,0.50367,-2.177,-1.285,50.9,14.98,2012.556,1.07,42.89,-4075.27,122.63,False,False,False
D02_028182_2218_XI_41N011W,0,32,solved,4129259.0,494917,-8.5833,-8.1728,-0.4105,-0.5934,-8.5833,-0.5934,-8.5781,0.0052,32,0.59932,-2.2499,-1.717,50.94,13.27,2012.58,11.05,41.83,-4431.72,125.16,True,False,False
D03_028274_2159_XI_35N359W,0,14,solved,244370.0,47224,-0.0393,-1.5719,1.5325,1.3496,-0.0393,1.3496,-0.0411,0.0018,14,0.18884,-2.0232,-0.374,52.18,11.88,2012.6,-0.44,35.88,-3192.16,133.73,False,False,False
D04_028603_2250_XN_45N342W,0,8,solved,139413.0,69700,14.9098,11.9536,2.9562,2.7733,14.9098,2.7733,14.8668,0.043,8,0.55024,-2.0645,-0.618,58.74,6.44,2012.671,-17.29,45.05,-3666.16,120.44,True,False,False
D04_028670_2223_XI_42N010W,0,30,solved,6191520.0,482742,-8.8523,-7.8767,-0.9756,-1.1585,-8.8523,-1.1585,-8.8594,0.0071,30,0.77005,-1.7627,1.17,59.3,5.25,2012.684,10.8,42.41,-4463.97,124.2,True,False,False
D04_028683_2146_XI_34N003W,0,13,solved,878496.0,196899,-4.059,-4.6911,0.6321,0.4492,-4.059,0.4492,-4.1025,0.0435,13,0.12196,-1.7981,0.96,57.73,5.02,2012.687,3.72,34.64,-2912.29,126.39,True,False,False
D04_028709_2137_XN_33N355W,0,12,solved,189996.0,167869,0.128,0.5583,-0.4303,-0.6132,0.128,-0.6132,0.2423,0.1143,12,0.29927,-2.1034,-0.849,56.03,4.55,2012.693,-4.22,33.73,-2343.38,127.0,False,False,False
D04_028722_2219_XI_41N348W,0,19,solved,1240619.0,285834,6.1203,7.2492,-1.1289,-1.3118,6.1203,-1.3118,6.0596,0.0606,19,0.43116,-1.9503,0.058,61.16,4.31,2012.695,-11.42,41.89,-3141.67,124.44,True,False,False
D04_028735_2267_XI_46N346W,0,25,solved,5413424.0,421750,8.8717,10.0828,-1.2112,-1.3941,8.8717,-1.3941,8.8638,0.0078,25,0.82089,-1.5869,2.212,62.02,4.08,2012.698,-14.02,46.78,-3757.87,129.55,False,False,False
D04_028788_2146_XN_34N351W,0,12,solved,514599.0,110389,3.1157,3.7643,-0.6486,-0.8315,3.1157,-0.8315,3.1203,0.0046,12,0.37126,-2.0023,-0.25,58.41,3.11,2012.709,-8.61,34.64,-2671.7,130.2,True,False,False
D04_028801_2268_XN_46N348W,0,5,solved,128909.0,94066,8.3796,8.6599,-0.2804,-0.4633,8.3796,-0.4633,8.4322,0.0526,5,0.19576,-2.0335,-0.435,63.0,2.87,2012.712,-11.92,46.86,-3917.07,127.04,True,False,False
D04_028815_2266_XI_46N011W,0,15,solved,701530.0,72565,-8.3431,-7.6398,-0.7033,-0.8862,-8.3431,-0.8862,-8.3466,0.0035,15,0.21054,-2.1499,-1.125,62.23,2.61,2012.715,11.78,46.64,-4616.13,134.89,True,False,False
D04_028841_2159_XN_35N359W,0,16,solved,505004.0,102432,-0.1681,-1.5594,1.3913,1.2084,-0.1681,1.2084,-0.1829,0.0148,16,0.20318,-2.1408,-1.07,58.79,2.13,2012.72,-0.43,35.97,-3156.95,136.07,False,False,False
D04_028907_2146_XI_34N003W,0,15,solved,1123794.0,307440,-5.0014,-4.6636,-0.3378,-0.5207,-5.0014,-0.5207,-5.0608,0.0594,15,0.21674,-1.8024,0.935,57.43,0.9,2012.734,3.68,34.64,-2916.18,124.81,True,False,False
D05_029012_2219_XI_41N348W,0,20,solved,1163093.0,271542,6.4241,7.2595,-0.8354,-1.0183,6.4241,-1.0183,6.3927,0.0314,20,0.3715,-2.0121,-0.308,63.8,-1.09,2012.758,-11.41,41.97,-3149.78,123.54,True,False,False
D05_029092_2132_XN_33N011W,0,9,solved,371490.0,136821,-9.473,-9.9276,0.4546,0.2717,-9.473,0.2717,-9.486,0.0131,9,0.1321,-1.9113,0.29,61.82,-2.62,2012.775,10.93,33.28,-3762.32,121.59,True,False,False
D05_029144_2242_XN_44N353W,0,5,solved,60357.0,78432,6.3884,4.6489,1.7395,1.5566,6.3884,1.5566,6.4018,0.0134,5,0.10135,-2.0334,-0.434,66.53,-3.62,2012.786,-6.87,44.31,-3888.06,119.5,True,False,False
D05_029355_2163_XN_36N352W,0,14,solved,401389.0,172486,3.0535,3.4662,-0.4127,-0.5956,3.0535,-0.5956,3.0029,0.0505,14,0.44494,-2.0258,-0.389,65.88,-7.66,2012.83,-7.63,36.38,-2166.74,119.79,True,False,False
D06_029593_2165_XI_36N009W,0,15,solved,584548.0,79133,-7.1286,-8.2435,1.1149,0.932,-7.1286,0.932,-7.1259,0.0027,15,0.21156,-1.9236,0.216,69.37,-12.11,2012.882,9.48,36.49,-3595.76,118.56,True,False,False
D07_029988_2250_XI_45N355W,0,24,solved,3942503.0,261826,2.8471,3.5894,-0.7423,-0.9252,2.8471,-0.9252,2.8787,0.0316,24,0.59569,-1.9187,0.245,77.82,-18.7,2012.966,-5.09,45.06,-4030.69,122.99,True,False,False
D08_030344_2155_XN_35N353W,0,10,solved,377760.0,77510,3.2504,2.3946,0.8558,0.6729,3.2504,0.6729,3.2695,0.0191,10,0.28518,-2.0032,-0.255,73.18,-23.07,2013.038,-6.34,35.51,-2668.84,125.21,True,False,False
D08_030371_2139_XN_33N011W,0,7,solved,220625.0,91296,-9.9942,-10.1716,0.1773,-0.0056,-9.9942,-0.0056,-10.0155,0.0212,7,0.14363,-2.0225,-0.37,71.6,-23.32,2013.047,11.48,33.9,-3996.22,133.82,True,False,False
D14_032704_2153_XN_35N347W,0,8,solved,293802.0,102646,4.2176,6.3964,-2.1788,-2.3617,4.2176,-2.3617,4.2164,0.0011,8,0.32028,-1.8842,0.45,48.1,-2.76,2013.542,-12.21,35.4,-2465.11,138.0,True,False,False
D14_032770_2154_XN_35N348W,0,11,solved,248991.0,59986,3.8901,6.1436,-2.2535,-2.4364,3.8901,-2.4364,3.8839,0.0062,11,0.33031,-1.8939,0.392,48.33,-1.64,2013.556,-11.81,35.5,-2401.5,135.29,True,False,False
D15_032915_2154_XN_35N348W,0,11,solved,277982.0,67941,3.2784,6.1483,-2.8699,-3.0528,3.2784,-3.0528,3.2666,0.0118,11,0.42968,-1.9589,0.007,46.18,0.79,2013.589,-11.82,35.49,-2354.74,132.34,True,False,False
D15_032929_2134_XI_33N010W,0,12,solved,723487.0,132443,-9.1955,-9.2769,0.0814,-0.1015,-9.1955,-0.1015,-9.1882,0.0072,12,0.16126,-1.7988,0.956,44.92,1.03,2013.591,10.05,33.5,-3440.09,130.93,True,False,False
D15_032929_2265_XN_46N011W,0,14,solved,680767.0,82210,-8.5034,-7.564,-0.9395,-1.1224,-8.5034,-1.1224,-8.4817,0.0217,14,0.24642,-2.2043,-1.447,53.69,1.03,2013.591,11.66,46.61,-4607.98,131.75,True,False,False
D15_032968_2170_XI_37N353W,0,20,solved,826805.0,298893,2.1627,3.155,-0.9923,-1.1752,2.1627,-1.1752,2.2185,0.0558,20,0.56261,-1.7407,1.3,48.19,1.67,2013.6,-6.96,37.07,-2316.24,125.72,True,False,False
D15_033047_2171_XI_37N353W,0,18,solved,757198.0,283475,1.9559,3.2073,-1.2514,-1.4343,1.9559,-1.4343,2.0257,0.0698,18,0.61077,-1.8148,0.861,45.73,2.97,2013.616,-7.03,37.09,-2316.21,124.82,True,False,False
D15_033100_2226_XN_42N000W,0,11,solved,313026.0,67132,0.7618,-0.734,1.4957,1.3128,0.7618,1.3128,0.7699,0.0081,11,0.26189,-2.1409,-1.071,48.94,3.83,2013.627,0.45,42.62,-4004.29,125.03,False,False,False
D15_033113_2155_XN_35N353W,0,10,solved,355728.0,67873,2.3235,2.4028,-0.0793,-0.2622,2.3235,-0.2622,2.3304,0.0069,10,0.43248,-1.7954,0.976,45.03,4.04,2013.63,-6.33,35.58,-2693.93,127.08,True,False,False
D15_033140_2237_XN_43N012W,0,4,solved,99503.0,233502,-8.3296,-8.6311,0.3015,0.1186,-8.3296,0.1186,-8.3361,0.0065,4,0.67948,-2.2227,-1.556,49.5,4.47,2013.635,12.32,43.75,-4494.72,128.4,True,False,False
D15_033179_2174_XN_37N356W,0,21,solved,1108798.0,377252,0.9443,1.0838,-0.1395,-0.3224,0.9443,-0.3224,0.9591,0.0149,21,0.4151,-1.788,1.02,45.4,5.09,2013.643,-3.83,37.42,-2561.78,125.99,False,False,False
D15_033219_2134_XI_33N010W,0,13,solved,813914.0,164574,-9.694,-9.2606,-0.4334,-0.6163,-9.694,-0.6163,-9.6837,0.0103,13,0.19472,-1.7889,1.015,41.47,5.73,2013.652,10.02,33.48,-3415.96,129.51,True,False,False
D15_033245_2165_XN_36N358W,0,20,solved,302958.0,61318,-1.0074,-0.908,-0.0994,-0.2823,-1.0074,-0.2823,-1.0273,0.0199,20,0.27588,-1.7901,1.007,43.99,6.13,2013.657,-1.17,36.64,-2559.88,127.93,True,False,False
D15_033258_2155_XN_35N353W,0,11,solved,336494.0,68801,2.3529,2.411,-0.0581,-0.241,2.3529,-0.241,2.3653,0.0124,11,0.4565,-1.8132,0.871,43.35,6.34,2013.663,-6.32,35.65,-2615.0,124.01,True,False,False
D16_033377_2199_XN_39N003W,0,14,solved,716117.0,119713,-1.7921,-3.1189,1.3268,1.1439,-1.7921,1.1439,-1.7947,0.0026,14,0.23228,-2.0717,-0.661,44.95,8.16,2013.687,3.11,40.01,-4282.64,134.84,True,False,False
D16_033390_2180_XI_38N356W,0,21,solved,628533.0,308296,-0.1384,0.8197,-0.958,-1.1409,-0.1384,-1.1409,-0.2666,0.1282,21,0.70033,-1.7914,1.0,44.49,8.36,2013.69,-3.26,38.01,-2595.28,126.04,False,False,False
D16_033430_2223_XI_42N010W,0,30,solved,6184572.0,484568,-9.3509,-7.8626,-1.4883,-1.6712,-9.3509,-1.6712,-9.368,0.0171,30,0.82855,-1.7104,1.48,45.68,8.96,2013.698,10.77,42.38,-4454.1,123.8,True,False,False
D16_033469_2256_XI_45N355W,0,26,solved,4854768.0,404972,1.5843,3.6545,-2.0702,-2.2531,1.5843,-2.2531,1.579,0.0053,26,0.80399,-1.7037,1.519,47.82,9.53,2013.706,-5.0,45.65,-4083.17,125.83,True,False,False
D17_033733_2124_XN_32N000W,0,7,solved,110925.0,56863,-1.1302,-2.8352,1.7049,1.522,-1.1302,1.522,-1.155,0.0247,7,0.06038,-1.7972,0.965,41.01,13.23,2013.764,0.34,32.49,-2296.07,124.19,True,False,False
D17_033786_2211_XN_41N009W,0,12,solved,225970.0,34906,-8.6232,-6.8827,-1.7406,-1.9235,-8.6232,-1.9235,-8.6298,0.0065,12,0.70123,-2.1343,-1.032,43.49,13.93,2013.775,8.94,41.1,-4231.04,121.87,True,False,False
D17_033812_2234_XN_43N000W,0,16,solved,328826.0,120109,0.6519,-0.4112,1.063,0.8801,0.6519,0.8801,0.6214,0.0304,16,0.35889,-2.1305,-1.01,43.66,14.26,2013.78,0.23,43.42,-4036.51,122.86,False,False,False
D17_033865_2246_XN_44N005W,0,9,solved,406911.0,179234,-2.7206,-3.9006,1.18,0.9971,-2.7206,0.9971,-2.6787,0.0419,9,0.73383,-2.1869,-1.344,44.95,14.94,2013.791,5.71,44.67,-4349.07,122.77,True,False,False
D17_033891_2174_XI_37N356W,0,18,solved,565741.0,195776,-0.6706,0.8656,-1.5363,-1.7192,-0.6706,-1.7192,-0.7066,0.0359,18,0.67211,-1.752,1.233,40.68,15.26,2013.797,-3.49,37.49,-2467.14,127.52,False,False,False
D17_033918_2134_XN_33N010W,0,12,solved,776045.0,148585,-9.571,-9.2949,-0.2761,-0.459,-9.571,-0.459,-9.5624,0.0087,12,0.18669,-1.6952,1.57,41.79,15.59,2013.802,10.07,33.48,-3415.18,128.24,True,False,False
D17_034023_2175_XI_37N356W,0,15,solved,622694.0,203936,0.6187,0.8562,-0.2375,-0.4204,0.6187,-0.4204,0.6894,0.0708,15,0.53027,-1.6518,1.827,43.02,16.84,2013.824,-3.47,37.51,-2478.85,126.89,False,False,False
D18_034076_2127_XN_32N004W,0,5,solved,95001.0,56805,-4.2768,-5.7293,1.4525,1.2696,-4.2768,1.2696,-4.3297,0.053,5,0.0549,-1.7535,1.225,40.51,17.45,2013.835,4.67,32.84,-2500.29,116.46,True,False,False
D18_034234_2124_XN_32N000W,0,7,solved,117745.0,66781,-2.0656,-2.8253,0.7598,0.5769,-2.0656,0.5769,-1.9336,0.132,7,0.11679,-1.8668,0.553,38.51,19.14,2013.871,0.31,32.44,-2295.42,123.42,True,False,False
D18_034274_2194_XN_39N011W,0,13,solved,299324.0,72815,-9.5733,-9.1046,-0.4687,-0.6516,-9.5733,-0.6516,-9.585,0.0117,13,0.50174,-2.2166,-1.52,41.04,19.54,2013.879,11.66,39.44,-4285.04,136.67,True,False,False
D18_034287_2183_XN_38N005W,0,12,solved,455333.0,106109,-4.9194,-5.328,0.4085,0.2256,-4.9194,0.2256,-4.9405,0.0211,12,0.31675,-1.9116,0.287,41.21,19.66,2013.882,5.83,38.41,-3806.17,123.25,True,False,False
D18_034300_2137_XN_33N359W,0,4,solved,78777.0,57701,-0.4382,-2.0625,1.6243,1.4414,-0.4382,1.4414,-0.4408,0.0026,4,0.11846,-1.8263,0.793,40.82,19.79,2013.884,-0.37,33.82,-2526.54,147.38,False,False,False
D18_034339_2267_XI_46N346W,0,24,solved,5643206.0,419619,8.7031,10.1064,-1.4033,-1.5862,8.7031,-1.5862,8.7058,0.0027,24,0.82951,-1.4356,3.108,43.98,20.16,2013.893,-14.07,46.73,-3730.07,130.6,False,False,False
D19_034485_2176_XI_37N011W,0,23,solved,1431008.0,386429,-8.2088,-9.4044,1.1956,1.0127,-8.2088,1.0127,-8.164,0.0447,23,0.35907,-1.9904,-0.18,41.22,21.45,2013.923,11.53,37.63,-4058.76,126.67,True,False,False
D19_034564_2152_XN_35N007W,0,12,solved,305765.0,60129,-7.6321,-7.2216,-0.4105,-0.5934,-7.6321,-0.5934,-7.6352,0.0032,12,0.27193,-1.7447,1.276,41.47,22.08,2013.939,7.62,35.31,-3335.9,127.34,True,False,False
D19_034590_2226_XN_42N000W,0,12,solved,370180.0,67504,0.3822,-0.4853,0.8675,0.6846,0.3822,0.6846,0.3621,0.0201,12,0.36236,-2.1164,-0.926,41.37,22.28,2013.945,0.1,42.66,-3988.22,123.76,False,False,False
D19_034603_2155_XN_35N353W,0,11,solved,493330.0,76135,2.488,2.5944,-0.1064,-0.2893,2.488,-0.2893,2.4853,0.0027,11,0.37393,-1.7431,1.286,40.81,22.38,2013.947,-6.6,35.61,-2817.22,119.83,True,False,False
D19_034656_2193_XN_39N000W,0,7,solved,193985.0,63279,-0.7162,-1.4738,0.7576,0.5747,-0.7162,0.5747,-0.7421,0.0259,7,0.4486,-1.8804,0.473,41.58,22.75,2013.958,0.52,39.4,-3455.26,126.95,False,False,False
D19_034669_2178_XN_37N355W,0,15,solved,353971.0,60446,0.7497,1.3797,-0.63,-0.8129,0.7497,-0.8129,0.7563,0.0066,15,0.45014,-1.7299,1.364,40.94,22.84,2013.961,-4.13,37.84,-2539.07,124.09,False,False,False
D19_034709_2156_XN_35N007W,0,18,solved,1013658.0,162037,-8.0639,-7.3298,-0.7342,-0.9171,-8.0639,-0.9171,-8.0902,0.0263,18,0.2796,-1.8335,0.75,40.63,23.11,2013.972,7.9,35.7,-3447.25,130.09,True,False,False
D19_034762_2170_XN_37N011W,0,22,solved,1218368.0,370626,-8.474,-9.5911,1.1172,0.9343,-8.474,0.9343,-8.5197,0.0457,22,0.4264,-1.8012,0.942,43.55,23.44,2013.983,11.63,37.08,-3985.26,126.61,True,False,False
D19_034775_2266_XI_46N011W,0,15,solved,564692.0,54556,-10.1088,-7.6463,-2.4625,-2.6454,-10.1088,-2.6454,-10.1148,0.0061,15,0.48466,-2.2516,-1.727,42.15,23.52,2013.986,11.78,46.61,-4629.32,135.06,True,False,False
D19_034801_2115_XN_31N358W,0,8,solved,204238.0,406124,-0.5771,-2.0402,1.4631,1.2802,-0.5771,1.2802,-0.5758,0.0013,8,0.1673,-1.8943,0.39,41.04,23.67,2013.991,-1.12,31.53,-2311.49,118.45,False,False,False
D20_034880_2116_XN_31N355W,0,5,solved,102461.0,184040,0.445,0.1187,0.3263,0.1434,0.445,0.1434,0.5455,0.1005,5,0.18868,-1.8864,0.437,41.24,24.09,2014.008,-4.24,31.62,-2206.42,142.15,False,False,False
D20_035025_2141_XN_34N355W,0,5,solved,128638.0,66383,2.0544,1.0365,1.0179,0.835,2.0544,0.835,2.0617,0.0073,5,0.15503,-1.926,0.202,41.16,24.72,2014.038,-4.77,34.2,-2546.9,125.73,True,False,False
D20_035052_2118_XN_31N011W,0,4,solved,38001.0,83791,-11.201,-10.7856,-0.4154,-0.5983,-11.201,-0.5983,-11.1401,0.0609,4,0.20854,-1.7798,1.068,41.63,24.82,2014.044,11.73,31.84,-3440.44,125.4,True,False,False
D20_035078_2184_XN_38N005W,0,12,solved,549182.0,137670,-5.0968,-5.2915,0.1947,0.0118,-5.0968,0.0118,-5.1026,0.0058,12,0.35213,-1.9169,0.256,38.97,24.91,2014.049,5.78,38.42,-3789.11,122.42,True,False,False
D20_035131_2223_XI_42N010W,0,30,solved,3214493.0,240665,-8.93,-7.8626,-1.0675,-1.2504,-8.93,-1.2504,-8.9383,0.0083,30,0.77119,-1.7751,1.096,41.38,25.06,2014.06,10.77,42.38,-4462.39,123.96,True,False,False
D20_035157_2226_XN_42N000W,0,12,solved,367930.0,66683,0.5455,-0.4944,1.0399,0.857,0.5455,0.857,0.5257,0.0198,12,0.32952,-2.0677,-0.637,41.85,25.13,2014.066,0.11,42.65,-3986.63,123.25,False,False,False
D20_035197_2199_XN_39N009W,0,13,solved,430017.0,71496,-7.0985,-7.5532,0.4547,0.2718,-7.0985,0.2718,-7.1092,0.0107,13,0.40568,-1.9671,-0.041,43.35,25.22,2014.077,9.57,39.99,-4095.42,130.73,True,False,False
D20_035210_2278_XN_47N008W,0,5,solved,229919.0,74959,-6.211,-5.3234,-0.8876,-1.0705,-6.211,-1.0705,-6.2146,0.0036,5,0.4669,-2.1222,-0.96,42.21,25.25,2014.079,8.8,47.91,-4581.88,120.74,True,False,False
D20_035223_2133_XN_33N000W,0,8,solved,192477.0,106652,-0.9366,-2.8385,1.9019,1.719,-0.9366,1.719,-0.9757,0.0391,8,0.08597,-1.7227,1.407,41.8,25.28,2014.082,0.63,33.4,-2504.26,131.13,False,False,False
D21_035236_2144_XN_34N356W,0,9,solved,238644.0,59693,-0.0258,0.1777,-0.2036,-0.3865,-0.0258,-0.3865,-0.026,0.0001,9,0.16549,-1.8068,0.908,41.06,25.3,2014.085,-3.43,34.48,-2369.65,135.03,False,False,False
D21_035302_2263_XN_46N359W,0,8,solved,544074.0,154241,1.2076,0.5115,0.6961,0.5132,1.2076,0.5132,1.2127,0.0051,8,0.19314,-2.0971,-0.812,42.32,25.39,2014.099,-0.21,46.31,-4579.01,125.76,True,False,False
D21_035407_2260_XI_46N345W,0,24,solved,4240362.0,265223,8.6928,10.0537,-1.3609,-1.5438,8.6928,-1.5438,8.6828,0.01,24,0.86028,-1.4355,3.109,42.85,25.45,2014.12,-14.2,46.07,-3661.6,132.01,False,False,False
D21_035434_2242_XN_44N002W,0,11,solved,1096160.0,502105,-1.8486,-2.0227,0.1741,-0.0088,-1.8486,-0.0088,-1.888,0.0394,11,0.52982,-2.1493,-1.121,42.51,25.45,2014.126,2.84,44.25,-4220.38,126.61,True,False,False
D21_035447_2117_XN_31N356W,0,11,solved,284036.0,206687,-0.0058,-0.1736,0.1677,-0.0152,-0.0058,-0.0152,0.0022,0.0081,11,0.16726,-1.8983,0.366,42.24,25.45,2014.129,-3.77,31.76,-2253.75,124.81,False,False,False
D21_035487_2215_XN_41N009W,0,21,solved,1469131.0,244481,-7.7081,-7.4366,-0.2715,-0.4544,-7.7081,-0.4544,-7.7109,0.0028,21,0.60475,-2.2504,-1.72,41.99,25.43,2014.137,9.87,41.49,-4395.1,124.42,True,False,False
D21_035500_2140_XN_34N003W,0,12,solved,746839.0,257252,-3.6105,-4.5847,0.9742,0.7913,-3.6105,0.7913,-3.6009,0.0096,12,0.08892,-1.7482,1.256,42.26,25.42,2014.14,3.38,34.05,-2767.94,126.34,True,False,False
D21_035526_2121_XN_32N352W,0,4,solved,245657.0,225669,2.9574,2.3061,0.6513,0.4684,2.9574,0.4684,2.9522,0.0051,4,0.20666,-1.8943,0.39,42.69,25.4,2014.145,-7.27,32.13,-2278.29,120.79,True,False,False
D21_035539_2147_XN_34N348W,0,11,solved,130484.0,58374,3.6083,5.9657,-2.3574,-2.5403,3.6083,-2.5403,3.6084,0.0001,11,0.21812,-1.9174,0.253,42.31,25.38,2014.148,-11.77,34.8,-1841.51,114.16,True,False,False
D22_035658_2166_XN_36N357W,0,14,solved,558386.0,206247,0.266,0.3436,-0.0776,-0.2605,0.266,-0.2605,0.2474,0.0187,14,0.41775,-1.7309,1.358,42.8,25.17,2014.175,-2.97,36.72,-2505.66,126.85,False,False,False
D22_035698_2176_XI_37N011W,0,23,solved,1554173.0,446759,-8.9547,-9.3791,0.4244,0.2415,-8.9547,0.2415,-8.9016,0.0531,23,0.46277,-2.0607,-0.596,41.1,25.06,2014.183,11.49,37.62,-4033.2,127.23,True,False,False
D22_035764_2120_XN_32N010W,0,10,solved,337537.0,151483,-9.3835,-9.594,0.2105,0.0276,-9.3835,0.0276,-9.3884,0.0049,10,0.09402,-1.721,1.417,43.54,24.86,2014.197,10.08,32.12,-3154.2,115.21,True,False,False
D22_035790_2269_XN_46N001W,0,4,solved,533604.0,531062,-0.3878,-0.6865,0.2987,0.1158,-0.3878,0.1158,-0.3923,0.0045,4,0.45414,-2.1408,-1.07,44.38,24.76,2014.203,1.75,46.99,-4303.42,124.05,False,False,False
D22_035843_2149_XN_34N008W,0,21,solved,1416401.0,349372,-8.5008,-7.5356,-0.9652,-1.1481,-8.5008,-1.1481,-8.5304,0.0296,21,0.25552,-1.8229,0.813,42.96,24.55,2014.214,7.94,34.87,-3194.81,125.55,True,False,False
D22_035909_2139_XN_33N008W,0,8,solved,502158.0,156184,-8.955,-8.0924,-0.8627,-1.0456,-8.955,-1.0456,-8.9611,0.0061,8,0.18873,-1.7483,1.255,44.19,24.25,2014.227,8.47,33.97,-2976.11,130.56,True,False,False
D22_035909_2251_XN_45N010W,0,3,solved,85126.0,69810,-7.9325,-6.8975,-1.035,-1.2179,-7.9325,-1.2179,-7.8821,0.0504,3,0.55602,-2.1663,-1.222,44.56,24.25,2014.227,10.24,45.18,-4485.7,118.98,True,False,False
D22_035961_2215_XN_41N349W,0,10,solved,307907.0,136294,2.9434,6.525,-3.5816,-3.7645,2.9434,-3.7645,2.8656,0.0778,10,0.67019,-1.8694,0.538,44.21,23.98,2014.238,-10.48,41.52,-2939.73,126.12,True,False,False
F01_036053_2245_XN_44N341W,0,13,solved,422706.0,248294,15.8601,12.6849,3.1752,2.9923,15.8601,2.9923,16.1488,0.2887,13,0.77521,-1.3873,3.394,45.05,23.44,2014.257,-18.51,44.56,-3522.09,128.93,False,False,False
F01_036093_2260_XN_46N353W,0,3,solved,113237.0,71403,3.3378,4.9885,-1.6507,-1.8336,3.3378,-1.8336,3.3798,0.042,3,0.51996,-2.1163,-0.925,45.9,23.18,2014.266,-6.82,46.05,-4099.54,125.56,True,False,False
F01_036119_2291_XN_49N343W,0,3,solved,76294.0,119546,12.88,12.0866,0.7933,0.6104,12.88,0.6104,12.8807,0.0008,3,0.58895,-1.9935,-0.198,46.44,23.0,2014.271,-16.19,49.18,-3873.0,129.72,True,False,False
F01_036199_2148_XN_34N007W,0,23,solved,1127816.0,216239,-8.5985,-7.5073,-1.0912,-1.2741,-8.5985,-1.2741,-8.6165,0.018,23,0.37322,-1.886,0.439,43.46,22.41,2014.29,7.88,34.81,-3518.46,123.18,True,False,False
F01_036265_2135_XN_33N006W,0,12,solved,536169.0,266740,-6.6493,-6.9624,0.3131,0.1302,-6.6493,0.1302,-6.5601,0.0892,12,0.1361,-1.7846,1.04,46.06,21.88,2014.304,6.7,33.58,-2762.57,128.3,True,False,False
F01_036265_2260_XN_46N008W,0,5,solved,182498.0,111803,-6.3354,-5.6155,-0.7199,-0.9028,-6.3354,-0.9028,-6.3186,0.0168,5,0.76801,-2.2838,-1.918,46.98,21.88,2014.304,8.64,46.04,-4528.97,122.47,True,False,False
F01_036291_2144_XN_34N356W,0,10,solved,194388.0,56338,-0.1546,0.0084,-0.1631,-0.346,-0.1546,-0.346,-0.1707,0.0161,10,0.18805,-1.7883,1.018,46.02,21.66,2014.309,-3.18,34.49,-2440.82,132.53,False,False,False
F01_036330_2245_XN_44N342W,0,8,solved,137506.0,35101,15.8673,12.2374,3.6299,3.447,15.8673,3.447,15.8893,0.0219,8,0.71321,-1.9219,0.227,47.66,21.31,2014.318,-17.87,44.52,-3659.46,123.14,True,False,False
F01_036344_2253_XN_45N005W,0,10,solved,487091.0,415356,-3.1806,-3.4317,0.2511,0.0682,-3.1806,0.0682,-3.2966,0.1159,10,0.72465,-2.2411,-1.665,47.36,21.18,2014.32,5.23,45.32,-4368.5,125.85,True,False,False
F01_036357_2252_XN_45N000W,0,20,solved,845929.0,421973,0.8575,0.0849,0.7726,0.5897,0.8575,0.5897,0.8712,0.0137,20,0.37451,-2.1179,-0.935,47.47,21.06,2014.323,0.08,45.25,-4228.13,124.01,False,False,False
F02_036396_2272_XI_47N346W,0,24,solved,5844618.0,538079,9.8865,10.1744,-0.2879,-0.4708,9.8865,-0.4708,9.8784,0.0081,24,0.4965,-2.0353,-0.446,47.56,20.7,2014.331,-14.0,47.27,-3723.32,128.11,True,False,False
F02_036397_2266_XI_46N011W,0,15,solved,697688.0,72057,-10.0166,-7.6488,-2.3677,-2.5506,-10.0166,-2.5506,-10.0149,0.0017,15,0.48568,-2.1996,-1.419,48.35,20.69,2014.331,11.79,46.63,-4620.74,134.66,True,False,False
F02_036475_2241_XI_44N341W,0,8,solved,873594.0,425620,15.3964,12.3272,3.0692,2.8863,15.3964,2.8863,15.3837,0.0127,8,0.6417,-1.9717,-0.068,47.75,19.9,2014.348,-18.12,44.14,-3545.19,125.32,True,False,False
F02_036476_2194_XN_39N007W,0,7,solved,203946.0,144994,-6.4988,-6.0894,-0.4094,-0.5923,-6.4988,-0.5923,-6.6218,0.123,7,0.58427,-2.0477,-0.519,47.95,19.89,2014.348,7.26,39.43,-4011.43,125.59,True,False,False
F02_036555_2299_XN_49N006W,0,4,solved,255471.0,421843,-3.1688,-3.4183,0.2495,0.0666,-3.1688,0.0666,-3.1801,0.0112,4,0.49398,-2.2475,-1.703,50.27,19.04,2014.364,6.68,50.01,-4556.57,120.03,True,False,False
F02_036581_2292_XN_49N357W,0,3,solved,310929.0,286475,2.1223,2.9897,-0.8673,-1.0502,2.1223,-1.0502,1.944,0.1783,3,0.38248,-2.236,-1.635,49.96,18.75,2014.37,-2.89,49.29,-4233.51,120.31,True,False,False
F02_036608_2190_XN_39N012W,0,10,solved,178713.0,98939,-10.3347,-9.5527,-0.782,-0.9649,-10.3347,-0.9649,-10.2803,0.0543,10,0.6469,-2.2514,-1.726,48.48,18.44,2014.378,12.21,39.11,-4235.1,133.98,True,False,False
F02_036621_2278_XN_47N008W,0,5,solved,228591.0,74380,-7.1007,-5.3234,-1.7773,-1.9602,-7.1007,-1.9602,-7.1,0.0007,5,0.61679,-2.1894,-1.358,50.15,18.29,2014.381,8.8,47.91,-4583.53,119.8,True,False,False
F02_036634_2186_XN_38N002W,0,8,solved,137760.0,63020,-2.7991,-2.8827,0.0835,-0.0994,-2.7991,-0.0994,-2.8044,0.0052,8,0.47424,-1.9206,0.234,48.44,18.14,2014.383,2.33,38.62,-3636.14,132.08,True,False,False
F02_036647_2145_XN_34N356W,0,19,solved,461129.0,223844,0.5976,0.4628,0.1349,-0.048,0.5976,-0.048,0.6472,0.0496,19,0.18438,-1.8082,0.9,48.6,17.98,2014.386,-3.83,34.53,-2329.57,121.15,False,False,False
F02_036660_2131_XN_33N351W,0,11,solved,583341.0,243049,3.136,3.2149,-0.079,-0.2619,3.136,-0.2619,3.1171,0.0189,11,0.19838,-1.9329,0.162,47.98,17.83,2014.389,-8.26,33.2,-2158.63,128.03,True,False,False
F02_036713_2226_XN_42N000W,0,12,solved,372226.0,67645,0.6121,-0.4896,1.1017,0.9188,0.6121,0.9188,0.6131,0.001,12,0.33618,-2.1248,-0.976,49.8,17.18,2014.4,0.1,42.64,-3987.74,122.69,False,False,False
F02_036726_2155_XN_35N353W,0,11,solved,491210.0,76110,2.4131,2.588,-0.1749,-0.3578,2.4131,-0.3578,2.4096,0.0035,11,0.37837,-1.7881,1.02,49.34,17.02,2014.402,-6.6,35.58,-2835.32,123.41,True,False,False
F02_036739_2274_XN_47N351W,0,6,solved,362340.0,301419,4.7232,6.5991,-1.876,-2.0589,4.7232,-2.0589,4.4604,0.2628,6,0.49091,-2.1624,-1.199,50.91,16.85,2014.405,-8.73,47.45,-4014.79,124.01,True,False,False
F02_036752_2293_XN_49N345W,0,7,solved,315364.0,348750,11.4318,11.0414,0.3904,0.2075,11.4318,0.2075,11.3452,0.0866,7,0.30998,-2.0729,-0.668,52.32,16.68,2014.408,-14.6,49.39,-3942.06,125.87,True,False,False
F02_036753_2223_XI_42N010W,0,30,solved,6192926.0,481575,-8.8117,-7.8763,-0.9354,-1.1183,-8.8117,-1.1183,-8.8214,0.0097,30,0.75533,-1.8137,0.867,51.17,16.67,2014.408,10.79,42.38,-4458.44,123.47,True,False,False
F03_036858_2138_XN_33N356W,0,9,solved,268637.0,84156,0.1377,0.2361,-0.0984,-0.2813,0.1377,-0.2813,0.1504,0.0127,9,0.18419,-1.8519,0.641,51.23,15.28,2014.43,-3.7,33.89,-2567.63,123.05,False,False,False
F03_036871_2196_XN_39N353W,0,14,solved,332234.0,111802,1.9153,3.7274,-1.8121,-1.995,1.9153,-1.995,1.9189,0.0036,14,0.71017,-1.9139,0.274,51.39,15.1,2014.433,-6.98,39.67,-2952.75,118.86,True,False,False
F03_036898_2252_XN_45N011W,0,17,solved,121881.0,79953,-8.943,-7.3633,-1.5797,-1.7626,-8.943,-1.7626,-9.02,0.077,17,0.8332,-2.3128,-2.09,53.02,14.72,2014.438,10.96,45.31,-4552.62,120.29,False,False,False
F03_036937_2251_XI_45N355W,0,25,solved,4347836.0,303633,2.6992,3.5912,-0.892,-1.0749,2.6992,-1.0749,2.6941,0.005,25,0.60618,-2.197,-1.403,54.02,14.17,2014.446,-5.08,45.1,-4033.29,124.18,True,False,False
F03_036950_2137_XN_33N349W,0,12,solved,381572.0,304734,3.148,5.2473,-2.0993,-2.2822,3.148,-2.2822,3.1518,0.0038,12,0.38483,-1.9026,0.341,51.51,13.98,2014.449,-11.02,33.85,-2013.19,124.16,True,False,False
F03_037003_2230_XN_43N357W,0,7,solved,105426.0,92889,1.4441,1.384,0.0601,-0.1228,1.4441,-0.1228,1.4166,0.0275,7,0.59176,-2.143,-1.084,53.71,13.21,2014.46,-2.51,43.03,-3880.3,125.49,True,False,False
F03_037095_2138_XI_33N348W,0,15,solved,507594.0,308946,3.2734,5.5498,-2.2764,-2.4593,3.2734,-2.4593,3.1711,0.1023,15,0.31653,-1.9572,0.017,52.54,11.81,2014.479,-11.48,33.79,-1960.6,122.78,True,False,False
F03_037122_2154_XN_35N008W,0,27,solved,2026076.0,533491,-8.1453,-7.4448,-0.7005,-0.8834,-8.1453,-0.8834,-8.0947,0.0506,27,0.32149,-1.8774,0.49,51.5,11.39,2014.487,7.98,35.42,-3340.69,125.42,True,False,False
F03_037148_2155_XN_35N355W,0,8,solved,220600.0,139782,1.6791,1.5019,0.1772,-0.0057,1.6791,-0.0057,1.6793,0.0002,8,0.29264,-1.8452,0.681,54.11,10.98,2014.493,-5.01,35.6,-2322.29,124.37,True,False,False
F04_037187_2244_XN_44N342W,0,9,solved,671431.0,230153,15.4195,12.2374,3.1821,2.9992,15.4195,2.9992,15.3569,0.0626,9,0.6621,-2.052,-0.544,56.03,10.35,2014.501,-17.87,44.52,-3667.84,123.25,True,False,False
F04_037214_2159_XN_35N357W,0,22,solved,864279.0,323676,-0.256,0.2541,-0.5101,-0.693,-0.256,-0.693,-0.2559,0.0001,22,0.42373,-1.8318,0.76,54.98,9.92,2014.507,-3.04,36.08,-2492.93,128.39,False,False,False
F04_037293_2126_XN_32N353W,0,4,solved,205968.0,146200,2.9187,2.2331,0.6856,0.5027,2.9187,0.5027,2.9366,0.018,4,0.24955,-1.9483,0.07,55.43,8.61,2014.523,-7.01,32.62,-2366.69,121.11,True,False,False
F04_037293_2256_XI_45N355W,0,26,solved,4860462.0,405567,1.4892,3.6545,-2.1653,-2.3482,1.4892,-2.3482,1.4817,0.0075,26,0.81459,-1.7709,1.121,58.65,8.61,2014.523,-5.0,45.65,-4075.09,125.8,True,False,False
F04_037320_2200_XN_40N012W,0,9,solved,197990.0,73778,-10.0219,-9.328,-0.6939,-0.8768,-10.0219,-0.8768,-9.9829,0.039,9,0.61048,-2.2802,-1.897,56.69,8.15,2014.528,12.18,40.06,-4322.29,105.71,True,False,False
F04_037359_2175_XN_37N355W,0,12,solved,194419.0,61061,0.8881,1.632,-0.7439,-0.9268,0.8881,-0.9268,0.8834,0.0047,12,0.53382,-1.8259,0.796,57.36,7.49,2014.537,-4.57,37.61,-2340.03,110.03,False,False,False
F04_037372_2205_XN_40N351W,0,9,solved,316585.0,83089,2.1609,4.8551,-2.6942,-2.8771,2.1609,-2.8771,2.1575,0.0034,9,0.7771,-1.9642,-0.024,57.69,7.26,2014.539,-8.33,40.61,-3096.86,125.15,True,False,False
F04_037386_2160_XN_36N012W,0,6,solved,104607.0,60150,-10.4725,-10.1168,-0.3557,-0.5386,-10.4725,-0.5386,-10.4839,0.0114,6,0.45367,-2.1541,-1.149,57.49,7.02,2014.542,12.08,36.07,-3677.29,113.08,True,False,False
F04_037425_2125_XN_32N357W,0,7,solved,230810.0,180032,-0.3105,-0.4958,0.1853,0.0024,-0.3105,0.0024,-0.2494,0.0611,7,0.14244,-2.0023,-0.25,56.66,6.34,2014.55,-3.04,32.59,-2227.21,123.7,False,False,False
F04_037465_2223_XN_42N010W,0,31,solved,6204608.0,487779,-6.5907,-7.8587,1.268,1.0851,-6.5907,1.0851,-6.5604,0.0303,31,0.37141,-2.1485,-1.116,59.59,5.63,2014.559,10.78,42.43,-4458.18,123.92,True,False,False
F04_037491_2226_XN_42N000W,0,14,solved,333524.0,66684,1.6061,-0.4536,2.0597,1.8768,1.6061,1.8768,1.6247,0.0185,14,0.22947,-2.1123,-0.902,60.42,5.17,2014.564,0.06,42.68,-3980.65,123.31,True,False,False
F04_037530_2282_XN_48N345W,0,26,solved,2796452.0,539478,11.8254,10.5264,1.2989,1.116,11.8254,1.116,11.825,0.0004,26,0.22085,-2.0216,-0.364,62.91,4.47,2014.572,-14.2,48.27,-3723.86,120.86,True,False,False
F04_037544_2216_XN_41N006W,0,13,solved,531947.0,299456,-3.7937,-5.2468,1.4531,1.2702,-3.7937,1.2702,-3.6778,0.1159,13,0.43012,-2.1904,-1.365,60.86,4.21,2014.575,6.73,41.66,-4173.4,123.01,True,False,False
F05_037649_2116_XN_31N351W,0,5,solved,49091.0,73767,3.2614,2.7678,0.4935,0.3106,3.2614,0.3106,3.261,0.0003,5,0.28353,-1.9306,0.175,59.11,2.29,2014.6,-8.1,31.63,-2081.6,153.2,True,False,False
F05_037649_2276_XN_47N355W,0,8,solved,318144.0,117621,5.2885,4.0315,1.257,1.0741,5.2885,1.0741,5.3072,0.0187,8,0.22409,-2.1627,-1.2,64.07,2.29,2014.6,-4.92,47.66,-4196.74,124.1,True,False,False
F05_037754_2257_XN_45N340W,0,7,solved,668420.0,342511,20.8466,13.8968,6.9498,6.7669,20.8466,6.7669,20.8133,0.0332,7,0.35745,-1.9834,-0.138,65.5,0.32,2014.621,-19.92,45.7,-3694.4,125.04,True,False,False
F05_037807_2267_XI_46N346W,0,24,solved,5685232.0,421724,10.6611,10.1218,0.5392,0.3563,10.6611,0.3563,10.6564,0.0046,24,0.45765,-2.1205,-0.95,67.46,-0.68,2014.632,-14.08,46.77,-3740.19,129.59,True,False,False
F05_037953_2149_XN_34N010W,0,9,solved,132997.0,42391,-8.3145,-9.3411,1.0266,0.8437,-8.3145,0.8437,-8.3195,0.005,9,0.22023,-2.0309,-0.42,64.31,-3.47,2014.663,10.67,35.18,-3478.89,122.38,True,False,False
F06_038071_2130_XI_33N350W,0,6,solved,151857.0,66674,2.6722,3.898,-1.2258,-1.4087,2.6722,-1.4087,2.6714,0.0008,6,0.41123,-1.9528,0.044,65.5,-5.74,2014.69,-9.3,33.06,-2173.11,115.7,True,False,False
F06_038190_2279_XN_47N000W,0,6,solved,89040.0,37680,1.8047,0.1143,1.6905,1.5076,1.8047,1.5076,1.8094,0.0047,6,0.22558,-2.2425,-1.673,73.77,-8.02,2014.715,0.88,47.94,-4363.31,116.61,True,False,False
F06_038230_2157_XN_35N012W,0,6,solved,69728.0,30754,-9.1718,-10.0852,0.9135,0.7306,-9.1718,0.7306,-9.2013,0.0296,6,0.29925,-2.1752,-1.274,67.91,-8.78,2014.723,11.94,35.77,-3702.6,123.0,True,False,False
F06_038335_2125_XN_32N356W,0,5,solved,132645.0,72708,-0.0281,-0.3373,0.3092,0.1263,-0.0281,0.1263,-0.0354,0.0073,5,0.12914,-2.0884,-0.76,67.84,-10.74,2014.745,-3.29,32.53,-2371.25,131.25,False,False,False
F07_038441_2132_XN_33N010W,0,9,solved,378943.0,66220,-10.3117,-9.3143,-0.9974,-1.1803,-10.3117,-1.1803,-10.3194,0.0077,9,0.19558,-1.7577,1.199,68.68,-12.68,2014.767,10.02,33.23,-3260.44,111.25,True,False,False
F09_039140_2152_XN_35N005W,0,8,solved,163239.0,76592,-4.4763,-5.6071,1.1308,0.9479,-4.4763,0.9479,-4.4964,0.0201,8,0.10197,-2.0228,-0.371,73.8,-22.87,2014.917,5.25,35.26,-3234.4,129.91,True,False,False
F11_039997_2168_XN_36N359W,0,18,solved,396712.0,66571,0.0222,-1.4813,1.5035,1.3206,0.0222,1.3206,0.036,0.0139,18,0.14451,-2.0564,-0.57,71.3,-24.32,2015.101,-0.29,36.78,-2907.6,127.11,False,False,False
F13_040841_2204_XN_40N004W,0,12,solved,197901.0,64685,-1.9141,-3.7148,1.8007,1.6178,-1.9141,1.6178,-1.9047,0.0095,12,0.16774,-2.2449,-1.687,62.22,-14.17,2015.279,4.12,40.46,-3827.99,118.61,True,False,False
F14_041144_2201_XN_40N356W,0,5,solved,90151.0,48348,3.3794,1.5302,1.8491,1.6662,3.3794,1.6662,3.378,0.0014,5,0.1853,-1.893,0.398,57.62,-9.18,2015.345,-3.61,40.2,-3577.83,127.24,True,False,False
F16_041922_2189_XN_38N356W,0,12,solved,237241.0,68078,1.4837,1.2621,0.2217,0.0388,1.4837,0.0388,1.4546,0.0291,12,0.49195,-1.7754,1.095,48.62,3.92,2015.512,-3.62,38.92,-2857.74,124.11,True,False,False
F16_042146_2251_XN_45N354W,0,25,solved,4126975.0,301060,1.288,3.6478,-2.3597,-2.5426,1.288,-2.5426,1.2908,0.0028,25,0.84473,-1.6381,1.908,49.09,7.44,2015.559,-5.15,45.14,-4044.43,123.89,True,False,False
F17_042318_2208_XN_40N009W,0,23,solved,287968.0,32644,-7.0911,-7.3715,0.2804,0.0975,-7.0911,0.0975,-7.0892,0.0019,23,0.43934,-2.0972,-0.812,45.75,10.01,2015.594,9.54,40.74,-4295.56,130.09,True,False,False
F17_042331_2157_XN_35N007W,0,20,solved,1281113.0,233542,-7.3947,-7.2771,-0.1176,-0.3005,-7.3947,-0.3005,-7.3856,0.0091,20,0.21161,-1.8557,0.619,40.57,10.19,2015.597,7.82,35.69,-3430.04,128.67,True,False,False
F17_042529_2139_XN_33N010W,0,11,solved,291935.0,57805,-9.0723,-9.2835,0.2112,0.0283,-9.0723,0.0283,-9.0783,0.006,11,0.201,-1.9721,-0.071,41.42,12.96,2015.641,10.21,33.98,-3681.74,152.06,True,False,False
F17_042568_2179_XN_37N356W,0,14,solved,372002.0,61711,0.4133,1.2448,-0.8315,-1.0144,0.4133,-1.0144,0.4108,0.0025,14,0.62605,-1.7558,1.211,42.25,13.48,2015.649,-3.88,38.01,-2562.0,124.19,False,False,False
F17_042595_2207_XN_40N009W,0,25,solved,713226.0,86216,-6.1068,-7.3989,1.2921,1.1092,-6.1068,1.1092,-6.1288,0.022,25,0.28407,-1.9423,0.106,45.98,13.83,2015.654,9.58,40.74,-4286.02,127.93,True,False,False
F17_042621_2197_XN_39N003W,0,13,solved,226869.0,31838,-1.7851,-3.1426,1.3576,1.1747,-1.7851,1.1747,-1.7885,0.0034,13,0.23937,-2.0896,-0.767,42.87,14.17,2015.66,3.06,39.74,-4443.13,145.1,True,False,False
F18_042700_2273_XN_47N000W,0,9,solved,143725.0,73859,1.6524,0.4397,1.2127,1.0298,1.6524,1.0298,1.706,0.0536,9,0.22562,-2.1402,-1.067,46.22,15.17,2015.676,0.23,47.38,-4374.2,126.94,True,False,False
F18_042739_2263_XI_46N345W,0,24,solved,5473486.0,409856,8.6865,10.0908,-1.4043,-1.5872,8.6865,-1.5872,8.6917,0.0053,24,0.84488,-1.4451,3.051,44.92,15.65,2015.684,-14.16,46.37,-3660.06,126.52,False,False,False
F18_042752_2240_XI_44N340W,0,5,solved,92587.0,68406,20.2846,13.6674,6.6172,6.4343,20.2846,6.4343,20.3031,0.0185,5,0.50618,-1.8958,0.381,44.15,15.81,2015.687,-20.09,44.09,-3792.14,125.46,True,False,False
F18_042885_2265_XN_46N011W,0,15,solved,711455.0,82065,-7.8433,-7.696,-0.1473,-0.3302,-7.8433,-0.3302,-7.8402,0.0031,15,0.14013,-2.0707,-0.655,44.22,17.36,2015.717,11.84,46.57,-4615.12,132.48,True,False,False
F18_042924_2195_XN_39N354W,0,13,solved,301107.0,120643,2.8904,2.6721,0.2183,0.0354,2.8904,0.0354,2.8579,0.0325,13,0.41436,-1.7889,1.014,42.28,17.8,2015.726,-5.46,39.61,-3099.27,125.35,True,False,False
F18_042964_2161_XN_36N006W,0,9,solved,258445.0,59793,-6.685,-6.5242,-0.1608,-0.3437,-6.685,-0.3437,-6.6866,0.0017,9,0.37827,-1.8025,0.934,40.74,18.23,2015.734,6.86,36.13,-3460.74,131.71,True,False,False
F19_043043_2250_XN_45N006W,0,11,solved,407750.0,72846,-3.9413,-4.4459,0.5046,0.3217,-3.9413,0.3217,-3.9381,0.0033,11,0.67456,-2.1677,-1.23,41.97,19.06,2015.75,6.64,45.1,-4373.39,125.29,True,False,False
F19_043096_2140_XN_34N011W,0,9,solved,207588.0,58701,-10.1685,-9.904,-0.2644,-0.4473,-10.1685,-0.4473,-10.1697,0.0012,9,0.26586,-1.9382,0.13,39.53,19.59,2015.761,11.14,34.06,-4564.81,145.33,True,False,False
F19_043109_2250_XN_45N006W,0,11,solved,391165.0,70159,-3.8212,-4.4644,0.6432,0.4603,-3.8212,0.4603,-3.8273,0.0061,11,0.65515,-2.1092,-0.883,42.88,19.72,2015.764,6.67,45.11,-4370.34,125.82,True,False,False
F19_043148_2153_XN_35N350W,0,10,solved,207244.0,58904,3.0224,4.6824,-1.66,-1.8429,3.0224,-1.8429,3.0323,0.0099,10,0.38333,-1.8154,0.858,40.22,20.09,2015.772,-9.72,35.37,-2232.37,113.33,True,False,False
F19_043333_2230_XN_43N002W,0,8,solved,324819.0,249483,-1.2077,-1.9196,0.7119,0.529,-1.2077,0.529,-1.2582,0.0504,8,0.42412,-2.0618,-0.602,41.15,21.71,2015.813,2.32,43.07,-4106.18,126.2,True,False,False
F19_043346_2220_XN_42N357W,0,7,solved,101745.0,66295,2.4845,1.0817,1.4028,1.2199,2.4845,1.2199,2.5008,0.0163,7,0.34555,-2.0671,-0.634,40.5,21.81,2015.816,-2.37,42.07,-3799.26,112.52,True,False,False
F20_043425_2207_XN_40N354W,0,7,solved,197092.0,65246,2.499,2.9989,-0.5,-0.6829,2.499,-0.6829,2.4857,0.0133,7,0.53379,-1.916,0.262,39.86,22.42,2015.832,-5.57,40.78,-3304.12,125.41,True,False,False
F20_043544_2214_XN_41N002W,0,9,solved,146432.0,37639,-1.287,-2.3804,1.0934,0.9105,-1.287,0.9105,-1.2959,0.0089,9,0.30043,-2.0572,-0.575,40.33,23.23,2015.857,2.5,41.5,-3832.42,115.85,True,False,False
F20_043557_2144_XN_34N356W,0,12,solved,279403.0,82998,0.4932,0.2943,0.1989,0.016,0.4932,0.016,0.4948,0.0016,12,0.12583,-1.7197,1.424,39.55,23.31,2015.86,-3.6,34.48,-2248.75,123.8,False,False,False
F20_043570_2132_XN_33N351W,0,9,solved,218481.0,57491,3.0981,3.3032,-0.2051,-0.388,3.0981,-0.388,3.1158,0.0177,9,0.28787,-1.814,0.866,39.12,23.39,2015.862,-8.37,33.26,-2459.94,130.32,True,False,False
F20_043583_2212_XN_41N347W,0,15,solved,1009354.0,241875,5.6743,7.7267,-2.0524,-2.2353,5.6743,-2.2353,5.6996,0.0253,15,0.59232,-1.8283,0.781,39.86,23.47,2015.865,-12.32,41.24,-2811.81,125.83,True,False,False
F20_043623_2161_XN_36N358W,0,13,solved,176036.0,29974,-0.9583,-0.8744,-0.0839,-0.2668,-0.9583,-0.2668,-0.975,0.0167,13,0.24832,-1.7742,1.102,39.44,23.7,2015.873,-1.36,36.19,-2538.36,115.76,False,False,False
F20_043649_2212_XN_41N347W,0,15,solved,1034606.0,260126,6.0585,7.7353,-1.6768,-1.8597,6.0585,-1.8597,6.0909,0.0324,15,0.53704,-1.7655,1.153,41.09,23.84,2015.879,-12.32,41.28,-2765.56,121.8,True,False,False
F20_043676_2125_XN_32N005W,0,7,solved,248633.0,191704,-4.6075,-5.9931,1.3855,1.2026,-4.6075,1.2026,-4.598,0.0096,7,0.07409,-1.7627,1.17,39.41,23.99,2015.884,4.97,32.57,-2595.33,122.26,True,False,False
F20_043702_2224_XN_42N356W,0,7,solved,114949.0,47566,2.9073,2.3399,0.5674,0.3845,2.9073,0.3845,2.8841,0.0232,7,0.47925,-1.956,0.025,40.38,24.12,2015.89,-4.07,42.5,-3821.04,125.62,True,False,False
F20_043715_2175_XI_37N350W,0,19,solved,1199695.0,409003,3.577,5.2129,-1.636,-1.8189,3.577,-1.8189,3.7566,0.1796,19,0.52941,-1.7535,1.224,39.67,24.18,2015.893,-9.82,37.52,-2408.43,126.11,True,False,False
F20_043768_2184_XI_38N354W,0,18,solved,470123.0,177821,3.4883,2.4756,1.0127,0.8298,3.4883,0.8298,3.5687,0.0804,18,0.28619,-1.5926,2.178,41.84,24.43,2015.903,-5.54,38.44,-2676.83,121.77,False,False,False
F20_043781_2195_XI_39N351W,0,21,solved,1780628.0,428621,3.4461,4.6432,-1.1971,-1.38,3.4461,-1.38,3.517,0.0709,21,0.57219,-1.7531,1.227,40.28,24.48,2015.906,-8.35,39.56,-2931.76,123.4,True,False,False
F21_043847_2198_XN_39N354W,0,9,solved,201222.0,64239,2.2579,2.4995,-0.2417,-0.4246,2.2579,-0.4246,2.2258,0.0321,9,0.50183,-1.8598,0.594,39.21,24.74,2015.923,-5.13,39.86,-2872.32,109.99,True,False,False
F21_043874_2152_XN_35N010W,0,7,solved,94019.0,40820,-9.0947,-9.212,0.1173,-0.0656,-9.0947,-0.0656,-9.0961,0.0014,7,0.26536,-1.9331,0.16,39.54,24.84,2015.928,10.51,35.27,-3462.96,123.81,True,False,False
F21_043926_2195_XI_39N351W,0,18,solved,1817142.0,441228,3.0228,4.6526,-1.6298,-1.8127,3.0228,-1.8127,3.0499,0.0271,18,0.62668,-1.8011,0.942,39.03,25.0,2015.939,-8.37,39.54,-2911.33,124.78,True,False,False
F21_043992_2214_XI_41N353W,0,15,solved,1380015.0,386582,3.4362,3.7879,-0.3517,-0.5346,3.4362,-0.5346,3.4261,0.0101,15,0.46792,-1.9284,0.188,39.38,25.18,2015.953,-6.52,41.42,-3496.62,127.03,True,False,False
F21_044019_2185_XI_38N008W,0,36,solved,1841932.0,440209,-6.8059,-7.2772,0.4713,0.2884,-6.8059,0.2884,-6.8208,0.0149,36,0.28341,-1.907,0.315,40.17,25.24,2015.958,8.71,38.53,-3977.03,125.18,True,False,False
F21_044058_2168_XN_36N355W,0,23,solved,1470205.0,390773,0.5167,1.2497,-0.733,-0.9159,0.5167,-0.9159,0.5731,0.0564,23,0.43664,-1.7534,1.225,38.07,25.31,2015.966,-4.26,36.82,-2421.73,124.28,False,False,False
F21_044071_2175_XI_37N349W,0,13,solved,1119552.0,451528,3.9281,5.606,-1.6778,-1.8607,3.9281,-1.8607,4.1113,0.1831,13,0.49547,-1.8213,0.822,38.97,25.33,2015.969,-10.39,37.53,-2384.48,126.46,True,False,False
F21_044124_2167_XN_36N355W,0,23,solved,1346464.0,353164,1.0669,1.2086,-0.1416,-0.3245,1.0669,-0.3245,1.0979,0.0309,23,0.33673,-1.7392,1.309,39.42,25.4,2015.98,-4.2,36.82,-2426.73,125.07,True,False,False
F21_044137_2180_XI_38N350W,0,22,solved,1697134.0,448013,2.8855,4.885,-1.9994,-2.1823,2.8855,-2.1823,2.895,0.0094,22,0.59757,-1.7606,1.182,39.49,25.41,2015.983,-9.16,38.1,-2616.15,123.38,True,False,False
F21_044164_2185_XI_38N008W,0,36,solved,1997508.0,454639,-6.9449,-7.257,0.3121,0.1292,-6.9449,0.1292,-6.9548,0.0099,36,0.30946,-1.9893,-0.173,38.97,25.43,2015.988,8.69,38.56,-3976.59,124.43,True,False,False
F22_044256_2155_XN_35N358W,0,9,solved,194784.0,38334,0.2,-1.104,1.304,1.1211,0.2,1.1211,0.2073,0.0074,9,0.13966,-1.9121,0.285,39.72,25.45,2016.008,-1.21,35.6,-2405.22,111.02,False,False,False
F22_044322_2213_XN_41N001W,0,6,solved,112036.0,65160,-1.2877,-1.8302,0.5424,0.3595,-1.2877,0.3595,-1.2731,0.0147,6,0.38693,-2.095,-0.799,39.84,25.42,2016.025,1.66,41.38,-3825.66,115.68,True,False,False
F22_044335_2185_XN_38N356W,0,16,solved,406292.0,62049,0.9011,1.3034,-0.4023,-0.5852,0.9011,-0.5852,0.9077,0.0066,16,0.58107,-1.7856,1.034,39.56,25.4,2016.027,-3.79,38.57,-2727.01,127.06,False,False,False
F22_044375_2155_XI_35N007W,0,12,solved,920639.0,296651,-6.7403,-6.6882,-0.0521,-0.235,-6.7403,-0.235,-6.7085,0.0318,12,0.32346,-1.7819,1.056,40.15,25.36,2016.036,6.93,35.59,-3174.56,124.06,True,False,False
F22_044388_2163_XN_36N359W,0,27,solved,1577109.0,461803,-0.8295,-1.53,0.7006,0.5177,-0.8295,0.5177,-0.8625,0.033,27,0.26791,-1.6758,1.685,41.99,25.34,2016.038,-0.36,36.33,-2859.57,125.57,False,False,False
F22_044414_2195_XI_39N352W,0,21,solved,1671706.0,432509,3.4027,4.2592,-0.8565,-1.0394,3.4027,-1.0394,3.398,0.0047,21,0.56651,-1.7823,1.054,40.29,25.29,2016.044,-7.79,39.56,-2847.82,122.62,True,False,False
F22_044427_2295_XI_49N349W,0,9,solved,927990.0,557302,6.3485,8.5024,-2.1539,-2.3368,6.3485,-2.3368,6.1926,0.156,9,0.33123,-1.9957,-0.211,41.73,25.27,2016.047,-10.86,49.51,-4022.57,121.87,True,False,False
F22_044480_2251_XI_45N352W,0,15,solved,1828690.0,607629,6.6595,5.5589,1.1006,0.9177,6.6595,0.9177,6.8103,0.1508,15,0.3288,-1.8799,0.475,42.96,25.15,2016.057,-7.94,45.13,-3873.47,124.88,True,False,False
F22_044493_2257_XI_45N349W,0,15,solved,1414554.0,506479,5.1847,7.4116,-2.2269,-2.4098,5.1847,-2.4098,5.3364,0.1517,15,0.45589,-1.9663,-0.036,41.38,25.12,2016.06,-10.46,45.71,-3815.61,122.08,True,False,False
F22_044506_2244_XI_44N345W,0,22,solved,1564960.0,272762,9.9455,9.7168,0.2287,0.0458,9.9455,0.0458,10.0893,0.1438,22,0.56313,-1.9327,0.163,40.09,25.09,2016.063,-14.21,44.47,-3265.19,122.06,True,False,False
F22_044507_2217_XI_41N008W,0,20,solved,1637962.0,562476,-7.201,-6.6907,-0.5103,-0.6932,-7.201,-0.6932,-7.1896,0.0115,20,0.5658,-1.9785,-0.109,42.42,25.08,2016.063,8.87,41.77,-4324.08,126.08,True,False,False
F23_044665_2237_XN_43N005W,0,8,solved,149170.0,68197,-3.4751,-3.7597,0.2845,0.1016,-3.4751,0.1016,-3.4439,0.0312,8,0.53131,-2.176,-1.279,40.95,24.53,2016.096,5.21,43.73,-4222.84,125.71,True,False,False
F23_044678_2185_XN_38N356W,0,16,solved,487917.0,74355,2.3001,1.279,1.0212,0.8383,2.3001,0.8383,2.3032,0.003,16,0.33793,-1.6241,1.991,42.71,24.47,2016.099,-3.77,38.52,-2706.08,125.42,True,False,False
F23_044691_2235_XI_43N355W,0,28,solved,1252625.0,302859,3.1087,3.0597,0.0491,-0.1338,3.1087,-0.1338,3.0738,0.035,28,0.46653,-2.0633,-0.611,40.81,24.41,2016.101,-4.8,43.52,-3920.03,123.46,True,False,False
F23_044704_2174_XI_37N349W,0,14,solved,1182331.0,410849,3.9295,5.9852,-2.0558,-2.2387,3.9295,-2.2387,4.0315,0.102,14,0.41786,-1.8471,0.67,40.22,24.35,2016.104,-10.99,37.38,-2234.37,123.67,True,False,False
F23_044757_2181_XN_38N356W,0,17,solved,580688.0,88982,0.6993,1.307,-0.6078,-0.7907,0.6993,-0.7907,0.724,0.0247,17,0.58284,-1.7684,1.136,40.29,24.09,2016.115,-3.93,38.14,-2632.63,127.07,False,False,False
F23_044770_2199_XN_39N347W,0,13,solved,648000.0,262137,7.1808,7.4418,-0.261,-0.4439,7.1808,-0.4439,7.2773,0.0966,13,0.33447,-1.6057,2.1,43.15,24.02,2016.118,-12.29,40.01,-2423.46,122.02,False,False,False
F23_044797_2162_XI_36N006W,0,11,solved,659344.0,205680,-6.3501,-6.3501,0.0,-0.1829,-6.3501,-0.1829,-6.3796,0.0295,11,0.46793,-1.8082,0.9,41.12,23.88,2016.126,6.65,36.27,-3492.24,125.3,True,False,False
F23_044810_2136_XN_33N001W,0,6,solved,55691.0,28470,-1.5189,-3.2897,1.7708,1.5879,-1.5189,1.5879,-1.516,0.0029,6,0.04158,-1.7115,1.473,40.97,23.8,2016.129,1.36,33.63,-2185.72,98.96,True,False,False
F23_044810_2282_XN_48N003W,0,4,solved,111923.0,180804,-1.8873,-1.6501,-0.2372,-0.4201,-1.8873,-0.4201,-1.8889,0.0016,4,0.70416,-2.2111,-1.487,42.86,23.8,2016.129,3.55,48.25,-4447.04,125.7,True,False,False
F23_044836_2175_XI_37N350W,0,20,solved,1320217.0,445662,3.7582,5.2039,-1.4457,-1.6286,3.7582,-1.6286,4.0048,0.2466,20,0.51113,-1.6979,1.554,42.29,23.65,2016.134,-9.81,37.51,-2418.0,127.04,True,False,False
F23_044863_2157_XN_35N008W,0,10,solved,59191.0,21348,-9.2703,-7.7335,-1.5368,-1.7197,-9.2703,-1.7197,-9.2744,0.0041,10,0.39622,-1.8398,0.713,41.07,23.48,2016.14,8.52,35.8,-3280.15,112.07,True,False,False
F23_044876_2152_XN_35N003W,0,8,solved,140447.0,58777,-3.7237,-4.245,0.5213,0.3384,-3.7237,0.3384,-3.7115,0.0122,8,0.2043,-1.7026,1.526,41.13,23.4,2016.142,3.27,35.28,-2879.58,139.7,True,False,False
F23_044876_2193_XN_39N003W,0,10,solved,297016.0,66868,-2.8203,-3.6614,0.8411,0.6582,-2.8203,0.6582,-2.8251,0.0048,10,0.42299,-2.0772,-0.694,41.52,23.4,2016.142,3.71,39.4,-3705.57,114.3,True,False,False
F23_044889_2200_XN_40N359W,0,7,solved,62423.0,20720,0.2586,-0.4448,0.7034,0.5205,0.2586,0.5205,0.27,0.0114,7,0.24364,-1.9786,-0.109,41.24,23.32,2016.145,-0.78,40.04,-3531.34,128.66,False,False,False
F23_044902_2157_XN_35N353W,0,15,solved,531818.0,84673,2.6264,2.6909,-0.0645,-0.2474,2.6264,-0.2474,2.6177,0.0087,15,0.38478,-1.7387,1.312,41.05,23.23,2016.148,-6.7,35.74,-2611.88,114.28,True,False,False
F23_044929_2199_XI_39N010W,0,44,solved,2881597.0,439992,-7.4723,-7.8451,0.3728,0.1899,-7.4723,0.1899,-7.5221,0.0497,44,0.40282,-2.0987,-0.821,42.22,23.05,2016.153,9.98,39.94,-4221.57,123.72,True,False,False
F23_044942_2165_XN_36N004W,0,9,solved,191509.0,60610,-4.3633,-4.7033,0.34,0.1571,-4.3633,0.1571,-4.3605,0.0027,9,0.33577,-1.7354,1.331,41.99,22.96,2016.156,4.33,36.53,-3268.89,125.72,True,False,False
F23_044968_2253_XN_45N356W,0,6,solved,46458.0,53115,3.055,2.7299,0.3251,0.1422,3.055,0.1422,3.0728,0.0178,6,0.69206,-2.1711,-1.25,42.77,22.77,2016.162,-3.73,45.4,-4134.93,125.42,True,False,False
G01_018450_2265_XI_46N359W,0,5,solved,94937.0,421568,1.4909,1.155,0.3359,0.153,1.4909,0.153,1.3451,0.1458,5,0.35782,-2.1481,-1.114,45.21,23.25,2010.504,-1.07,46.56,-4243.97,124.77,True,False,False
G01_018542_2178_XN_37N349W,0,11,solved,1045232.0,401387,3.6969,5.814,-2.1171,-2.3,3.6969,-2.3,3.7459,0.0489,11,0.54485,-1.865,0.563,44.62,22.6,2010.523,-10.59,37.86,-2372.82,126.69,True,False,False
G01_018555_2263_XI_46N345W,0,24,solved,4979127.0,326031,9.5806,10.0976,-0.517,-0.6999,9.5806,-0.6999,9.5698,0.0108,24,0.61934,-1.9644,-0.025,45.61,22.5,2010.526,-14.17,46.37,-3703.27,130.6,True,False,False
G01_018556_2193_XI_39N011W,0,18,solved,582763.0,153877,-8.7437,-8.8132,0.0695,-0.1134,-8.7437,-0.1134,-8.757,0.0133,18,0.4479,-2.1959,-1.397,45.28,22.49,2010.526,11.21,39.36,-4252.0,121.67,True,False,False
G01_018568_2294_XI_49N340W,0,3,solved,47253.0,340420,19.6111,14.5041,5.107,4.9241,19.6111,4.9241,19.6406,0.0295,3,0.26826,-1.8808,0.47,46.94,22.4,2010.528,-19.64,49.42,-3792.96,125.99,True,False,False
G01_018582_2267_XI_46N002W,0,6,solved,271983.0,515078,-1.5948,-1.4692,-0.1255,-0.3084,-1.5948,-0.3084,-1.542,0.0528,6,0.57273,-2.2267,-1.58,46.01,22.29,2010.531,2.81,46.73,-4357.69,126.35,True,False,False
G01_018661_2263_XN_46N000W,0,9,solved,552744.0,143612,0.9133,0.419,0.4943,0.3114,0.9133,0.3114,0.9015,0.0118,9,0.22537,-2.1657,-1.218,46.23,21.63,2010.548,-0.05,46.39,-4607.74,126.32,False,False,False
G01_018767_2143_XN_34N011W,0,10,solved,177937.0,87558,-10.8405,-10.1435,-0.697,-0.8799,-10.8405,-0.8799,-10.8259,0.0145,10,0.34829,-1.9148,0.268,46.05,20.66,2010.569,11.58,34.35,-3775.8,133.01,True,False,False
G02_018885_2274_XN_47N355W,0,18,solved,407687.0,261211,2.0546,3.4609,-1.4063,-1.5892,2.0546,-1.5892,2.1764,0.1218,18,0.64553,-2.2326,-1.615,48.42,19.45,2010.597,-4.16,47.43,-4203.92,122.89,True,False,False
G02_018912_2180_XN_38N010W,0,14,solved,222354.0,85796,-9.18,-8.6425,-0.5375,-0.7204,-9.18,-0.7204,-9.1599,0.0201,14,0.55853,-1.9655,-0.032,47.67,19.16,2010.602,10.56,38.08,-4120.01,116.48,True,False,False
G02_019030_2250_XI_45N354W,0,25,solved,4279373.0,296597,3.1417,3.6122,-0.4705,-0.6534,3.1417,-0.6534,3.1326,0.0091,25,0.5312,-2.1937,-1.384,48.86,17.79,2010.627,-5.12,45.07,-4034.55,122.79,True,False,False
G02_019057_2195_XI_39N009W,0,30,solved,1865868.0,329317,-7.3163,-7.5723,0.256,0.0731,-7.3163,0.0731,-7.3722,0.0559,30,0.39169,-2.0723,-0.664,49.24,17.47,2010.632,9.46,39.55,-4052.27,123.09,True,False,False
G02_019096_2221_XN_42N355W,0,10,solved,490244.0,121149,2.3836,2.6504,-0.2669,-0.4498,2.3836,-0.4498,2.3715,0.0121,10,0.52207,-2.0094,-0.292,49.65,16.98,2010.641,-4.62,42.19,-3778.67,118.96,True,False,False
G02_019202_2163_XI_36N008W,0,14,solved,775263.0,103066,-8.3684,-7.3251,-1.0433,-1.2262,-8.3684,-1.2262,-8.3809,0.0125,14,0.39951,-1.9193,0.242,49.92,15.59,2010.663,8.1,36.36,-3676.86,131.89,True,False,False
G03_019505_2257_XN_45N359W,0,13,solved,742018.0,290417,1.2704,0.3179,0.9525,0.7696,1.2704,0.7696,1.3735,0.1031,13,0.2818,-2.1282,-0.996,56.86,11.14,2010.728,-0.1,45.76,-4383.0,125.57,True,False,False
G03_019531_2288_XN_48N352W,0,4,solved,86954.0,171496,6.4645,5.9078,0.5567,0.3738,6.4645,0.3738,6.5433,0.0789,4,0.27823,-2.1633,-1.204,56.69,10.73,2010.734,-7.28,48.86,-4098.43,131.2,True,False,False
G03_019584_2159_XN_35N357W,0,8,solved,183955.0,175673,-0.1796,-0.0477,-0.1319,-0.3148,-0.1796,-0.3148,-0.2602,0.0806,8,0.31435,-1.8149,0.86,53.81,9.87,2010.745,-2.65,35.92,-2461.9,122.23,False,False,False
G04_019624_2188_XN_38N009W,0,23,solved,172041.0,51833,-8.1053,-8.024,-0.0812,-0.2641,-8.1053,-0.2641,-8.1108,0.0055,23,0.3552,-2.1276,-0.992,54.93,9.21,2010.753,9.89,38.82,-4190.4,125.14,True,False,False
G04_019676_2214_XN_41N349W,0,9,solved,104134.0,222815,3.8321,6.2901,-2.4581,-2.641,3.8321,-2.641,3.5618,0.2703,9,0.65554,-1.9739,-0.082,56.42,8.34,2010.764,-10.15,41.48,-2929.4,123.05,True,False,False
G04_019690_2176_XN_37N011W,0,21,solved,1340615.0,358409,-9.4488,-9.3881,-0.0607,-0.2436,-9.4488,-0.2436,-9.638,0.1892,21,0.57883,-2.0629,-0.609,55.48,8.11,2010.767,11.5,37.61,-4050.75,126.22,True,False,False
G04_019756_2204_XI_40N011W,0,14,solved,464363.0,159986,-10.5666,-9.0222,-1.5444,-1.7273,-10.5666,-1.7273,-10.5658,0.0007,14,0.76056,-2.2765,-1.874,58.51,6.97,2010.78,11.85,40.43,-4363.85,118.69,True,False,False
G04_019821_2185_XN_38N348W,0,15,solved,491759.0,323444,2.6647,6.4676,-3.8029,-3.9858,2.6647,-3.9858,2.8719,0.2072,15,0.71577,-1.9619,-0.01,56.96,5.83,2010.794,-11.33,38.54,-2278.27,126.12,True,False,False
G04_019980_2153_XN_35N008W,0,10,solved,185950.0,38352,-7.7459,-7.5768,-0.1691,-0.352,-7.7459,-0.352,-7.7507,0.0047,10,0.14092,-1.9098,0.298,58.62,2.96,2010.83,8.16,35.38,-3168.45,117.33,True,False,False
G05_020046_2156_XI_35N009W,0,18,solved,1222329.0,222252,-8.9162,-8.3572,-0.559,-0.7419,-8.9162,-0.7419,-8.9231,0.0069,18,0.28155,-1.9073,0.313,60.01,1.74,2010.843,9.37,35.61,-3463.89,125.26,True,False,False
G05_020138_2122_XN_32N001W,0,5,solved,173099.0,209971,-2.8658,-3.422,0.5563,0.3734,-2.8658,0.3734,-2.9554,0.0896,5,0.17023,-2.0559,-0.568,59.65,0.01,2010.862,1.13,32.28,-2345.46,113.18,True,False,False
G05_020164_2135_XN_33N351W,0,13,solved,401893.0,133501,3.2069,3.7084,-0.5015,-0.6844,3.2069,-0.6844,3.1907,0.0162,13,0.30555,-1.9173,0.254,60.44,-0.48,2010.868,-8.87,33.55,-2346.69,124.14,True,False,False
G05_020191_2156_XI_35N009W,0,19,solved,1211449.0,223443,-9.1306,-8.3499,-0.7807,-0.9636,-9.1306,-0.9636,-9.1334,0.0027,19,0.29706,-1.9381,0.131,60.94,-1.0,2010.873,9.35,35.58,-3449.47,125.48,True,False,False
G05_020257_2223_XI_42N010W,0,30,solved,6168008.0,483311,-8.9841,-7.8763,-1.1078,-1.2907,-8.9841,-1.2907,-8.9954,0.0113,30,0.7831,-1.7736,1.105,65.63,-2.26,2010.887,10.79,42.38,-4447.78,122.81,True,False,False
G05_020270_2185_XN_38N006W,0,10,solved,285887.0,80034,-5.2664,-5.6686,0.4022,0.2193,-5.2664,0.2193,-5.2905,0.0241,10,0.39673,-2.0721,-0.664,63.4,-2.51,2010.89,6.38,38.58,-3772.27,118.08,True,False,False
G05_020283_2172_XN_37N000W,0,16,solved,363472.0,204634,-1.0152,-2.1424,1.1272,0.9443,-1.0152,0.9443,-0.9766,0.0385,16,0.30315,-2.0459,-0.508,63.26,-2.75,2010.893,0.84,37.31,-3538.19,122.1,True,False,False
G05_020349_2113_XN_31N001W,0,8,solved,237944.0,401574,-3.1252,-4.1323,1.0071,0.8242,-3.1252,0.8242,-3.0964,0.0288,8,0.14573,-2.027,-0.396,61.87,-4.02,2010.909,1.89,31.4,-2657.64,128.53,True,False,False
G06_020401_2244_XN_44N344W,0,3,solved,23818.0,19956,13.3947,10.7848,2.6098,2.4269,13.3947,2.4269,13.4008,0.0061,3,0.32175,-2.023,-0.373,67.67,-5.02,2010.92,-15.78,44.43,-2934.21,127.38,True,False,False
G06_020586_2250_XI_45N354W,0,24,solved,3933283.0,261174,2.3556,3.6053,-1.2497,-1.4326,2.3556,-1.4326,2.3864,0.0308,24,0.69156,-1.6453,1.865,70.81,-8.56,2010.958,-5.11,45.07,-4033.95,123.33,True,False,False
G06_020639_2141_XI_34N000W,0,13,solved,303519.0,249935,-0.425,-2.3053,1.8803,1.6974,-0.425,1.6974,-0.4096,0.0154,13,0.12459,-2.0389,-0.467,66.14,-9.56,2010.969,0.1,34.19,-2447.56,122.23,False,False,False
G06_020665_2139_XN_33N349W,0,7,solved,82663.0,123067,3.5506,4.766,-1.2155,-1.3984,3.5506,-1.3984,3.5277,0.0229,7,0.40966,-1.9555,0.028,66.45,-10.05,2010.975,-10.29,33.94,-2046.05,121.29,True,False,False
G06_020731_2117_XN_31N351W,0,5,solved,24019.0,52447,3.3218,3.2801,0.0417,-0.1412,3.3218,-0.1412,3.3184,0.0034,5,0.22146,-1.8797,0.477,66.15,-11.27,2010.988,-8.8,31.78,-1606.42,101.59,True,False,False
G06_020758_2102_XN_30N008W,0,6,solved,107463.0,401657,-9.2573,-8.6247,-0.6327,-0.8156,-9.2573,-0.8156,-9.2738,0.0164,6,0.17275,-2.0289,-0.408,65.69,-11.76,2010.994,8.09,30.28,-2860.52,119.0,True,False,False
G07_020876_2133_XN_33N350W,0,13,solved,246675.0,237348,3.4311,4.4378,-1.0068,-1.1897,3.4311,-1.1897,3.4269,0.0042,13,0.35369,-1.9131,0.279,68.28,-13.88,2011.022,-9.99,33.37,-2213.97,126.07,True,False,False
G09_021601_2267_XI_46N346W,0,24,solved,5681631.0,414756,10.5843,10.1334,0.4509,0.268,10.5843,0.268,10.5888,0.0044,24,0.51551,-1.9302,0.177,80.84,-23.71,2011.175,-14.1,46.76,-3742.99,131.0,True,False,False
G09_021654_2136_XN_33N351W,0,13,solved,185928.0,86542,4.0038,3.861,0.1428,-0.0401,4.0038,-0.0401,4.0106,0.0068,13,0.22014,-1.9409,0.114,71.53,-24.12,2011.186,-9.08,33.59,-2235.53,123.54,True,False,False
G09_021694_2169_XN_36N003W,0,18,solved,375811.0,303357,-2.6525,-4.133,1.4805,1.2976,-2.6525,1.2976,-2.7641,0.1116,18,0.17452,-1.9487,0.068,73.76,-24.39,2011.194,3.63,36.95,-3307.19,124.6,True,False,False
G09_021839_2107_XN_30N001W,0,4,solved,107661.0,159974,-3.3351,-3.9895,0.6544,0.4715,-3.3351,0.4715,-3.3432,0.0081,4,0.22131,-2.0121,-0.308,68.92,-25.12,2011.227,1.5,30.82,-2637.73,114.84,True,False,False
G10_022037_2152_XN_35N007W,0,12,solved,125085.0,25220,-5.7732,-7.2007,1.4274,1.2445,-5.7732,1.2445,-5.7807,0.0075,12,0.08229,-1.962,-0.011,70.91,-25.45,2011.268,7.53,35.12,-3306.69,128.07,True,False,False
G10_022195_2120_XN_32N000W,0,6,solved,80137.0,107499,-1.8182,-3.1997,1.3815,1.1986,-1.8182,1.1986,-1.802,0.0162,6,0.12216,-2.024,-0.379,67.34,-25.16,2011.301,0.74,32.07,-2225.12,108.8,True,False,False
G11_022406_2123_XN_32N001W,0,7,solved,203340.0,170826,-3.0321,-3.6654,0.6333,0.4504,-3.0321,0.4504,-3.0193,0.0128,7,0.16111,-2.0533,-0.552,65.38,-24.04,2011.348,1.51,32.36,-2449.32,115.79,True,False,False
G11_022643_2234_XN_43N356W,0,8,solved,294095.0,84377,5.4728,2.1094,3.3633,3.1804,5.4728,3.1804,5.4661,0.0066,8,0.07106,-2.0396,-0.471,70.29,-21.9,2011.397,-3.43,43.47,-3947.62,124.99,True,False,False
G14_023606_2208_XN_40N006W,0,10,solved,260691.0,74162,-3.6187,-5.3917,1.773,1.5901,-3.6187,1.5901,-3.6306,0.0119,10,0.25025,-2.0821,-0.723,54.65,-7.57,2011.602,6.7,40.89,-4080.33,119.24,True,False,False
G14_023803_2250_XN_45N347W,0,11,solved,357676.0,91408,10.6216,8.8835,1.7381,1.5552,10.6216,1.5552,10.6364,0.0149,11,0.07701,-1.8696,0.536,54.66,-4.21,2011.646,-12.81,45.06,-3338.25,121.68,True,False,False
G15_024199_2272_XN_47N354W,0,23,solved,405424.0,235961,5.8495,4.2181,1.6313,1.4484,5.8495,1.4484,5.9915,0.1421,23,0.24634,-2.0732,-0.67,52.76,2.45,2011.731,-5.33,47.22,-4204.88,125.39,True,False,False
G15_024226_2223_XI_42N010W,0,29,solved,3189931.0,238641,-9.3146,-7.863,-1.4516,-1.6345,-9.3146,-1.6345,-9.328,0.0133,29,0.83012,-1.6547,1.81,49.27,2.89,2011.736,10.78,42.41,-4452.78,123.24,True,False,False
G16_024384_2169_XN_36N003W,0,16,solved,243038.0,302863,-3.1338,-3.7999,0.6662,0.4833,-3.1338,0.4833,-3.0606,0.0732,16,0.29578,-1.7759,1.092,44.48,5.43,2011.769,3.16,37.0,-3288.83,124.99,True,False,False
G16_024410_2250_XI_45N354W,0,24,solved,4263067.0,292403,4.1072,3.6117,0.4955,0.3126,4.1072,0.3126,4.1402,0.033,24,0.3743,-2.0959,-0.805,48.73,5.84,2011.775,-5.11,45.1,-4037.05,124.59,True,False,False
G16_024423_2198_XN_39N348W,0,6,solved,34366.0,75291,3.6936,7.0204,-3.3268,-3.5097,3.6936,-3.5097,3.7089,0.0153,6,0.7554,-1.7976,0.963,45.76,6.04,2011.778,-11.71,39.9,-2434.32,124.4,True,False,False
G16_024450_2242_XN_44N006W,0,17,solved,273767.0,222954,-3.2363,-4.1897,0.9534,0.7705,-3.2363,0.7705,-3.1723,0.064,17,0.56904,-2.1122,-0.901,48.23,6.47,2011.783,6.0,44.25,-4338.94,126.47,True,False,False
G16_024581_2233_XN_43N343W,0,3,solved,148066.0,190335,13.4936,11.3504,2.1432,1.9603,13.4936,1.9603,13.5144,0.0208,3,0.44791,-1.8968,0.376,46.35,8.47,2011.81,-16.94,43.36,-3506.94,128.25,True,False,False
G16_024595_2185_XI_38N006W,0,11,solved,305956.0,90309,-5.7357,-5.7046,-0.0311,-0.214,-5.7357,-0.214,-5.7559,0.0201,11,0.46381,-1.8838,0.453,42.43,8.68,2011.813,6.42,38.54,-3775.35,119.86,True,False,False
G16_024647_2264_XI_46N345W,0,24,solved,4997255.0,328675,10.8209,10.1019,0.719,0.5361,10.8209,0.5361,10.8049,0.016,24,0.46645,-1.9415,0.11,47.44,9.45,2011.827,-14.17,46.39,-3723.15,130.93,True,False,False
G17_024700_2124_XN_32N350W,0,15,solved,336914.0,372725,2.8246,4.0365,-1.212,-1.3949,2.8246,-1.3949,2.933,0.1085,15,0.34371,-1.7733,1.107,40.53,10.22,2011.838,-9.69,32.46,-2220.35,121.16,True,False,False
G17_024713_2277_XN_47N347W,0,9,solved,321017.0,195046,7.5813,9.2922,-1.7109,-1.8938,7.5813,-1.8938,7.5558,0.0254,9,0.47971,-1.9976,-0.222,48.02,10.41,2011.841,-12.56,47.76,-3898.7,128.17,True,False,False
G17_024727_2250_XN_45N009W,0,7,solved,62760.0,79955,-6.2475,-6.3266,0.0792,-0.1037,-6.2475,-0.1037,-6.2075,0.04,7,0.77478,-2.1694,-1.24,46.29,10.61,2011.843,9.37,45.06,-4492.2,122.87,True,False,False
G17_024872_2173_XN_37N009W,0,15,solved,425825.0,70851,-8.3736,-7.9859,-0.3878,-0.5707,-8.3736,-0.5707,-8.3854,0.0118,15,0.34064,-1.8874,0.431,40.11,12.63,2011.873,9.38,37.37,-3829.33,133.78,True,False,False
G17_024937_2267_XN_46N343W,0,8,solved,127476.0,154749,14.6047,12.1196,2.4851,2.3022,14.6047,2.3022,14.6908,0.0861,8,0.59846,-1.8777,0.488,45.77,13.5,2011.887,-16.99,46.78,-3772.16,123.14,True,False,False
G17_024938_2185_XI_38N006W,0,10,solved,330248.0,95356,-4.8762,-5.7522,0.876,0.6931,-4.8762,0.6931,-4.9101,0.0339,10,0.31511,-1.7596,1.188,43.79,13.51,2011.887,6.48,38.51,-3769.91,118.94,True,False,False
G17_024951_2197_XN_39N003W,0,20,solved,646586.0,140107,-1.988,-3.4632,1.4752,1.2923,-1.988,1.2923,-1.9975,0.0095,20,0.29129,-2.0251,-0.385,42.86,13.68,2011.89,3.54,39.78,-3811.75,118.86,True,False,False
G17_025003_2300_XN_50N345W,0,4,solved,167717.0,401164,12.7216,11.4571,1.2645,1.0816,12.7216,1.0816,12.7329,0.0113,4,0.21187,-1.9257,0.204,47.3,14.36,2011.901,-14.99,50.08,-3919.35,123.7,True,False,False
G17_025004_2254_XN_45N012W,0,8,solved,69730.0,120190,-9.2629,-8.1647,-1.0982,-1.2811,-9.2629,-1.2811,-9.3201,0.0572,8,0.79184,-2.1824,-1.317,44.58,14.37,2011.901,12.16,45.41,-4561.09,130.93,True,False,False
G18_025069_2250_XN_45N347W,0,9,solved,295087.0,70043,8.3356,8.8265,-0.4909,-0.6738,8.3356,-0.6738,8.3575,0.0219,9,0.32047,-1.9553,0.028,43.69,15.19,2011.914,-12.73,45.05,-3363.92,126.92,True,False,False
G18_025083_2232_XN_43N008W,0,13,solved,855116.0,491267,-6.5931,-6.1871,-0.406,-0.5889,-6.5931,-0.5889,-6.6416,0.0485,13,0.65171,-2.1415,-1.075,43.17,15.36,2011.92,8.59,43.22,-4364.94,125.54,True,False,False
G18_025135_2250_XN_45N347W,0,10,solved,302101.0,71781,8.4141,8.8128,-0.3986,-0.5815,8.4141,-0.5815,8.4345,0.0204,10,0.31797,-1.8941,0.391,44.47,16.0,2011.931,-12.71,45.05,-3360.35,125.06,True,False,False
G18_025148_2290_XN_49N344W,0,5,solved,133744.0,259406,13.8792,11.7917,2.0875,1.9046,13.8792,1.9046,14.0173,0.1381,5,0.23329,-1.9148,0.269,45.43,16.15,2011.934,-15.81,49.02,-3918.66,125.29,True,False,False
G18_025360_2168_XN_36N009W,0,17,solved,944844.0,138752,-8.8156,-8.1654,-0.6502,-0.8331,-8.8156,-0.8331,-8.8347,0.0191,17,0.46313,-1.8217,0.82,40.55,18.54,2011.977,9.46,36.79,-3656.35,125.96,True,False,False
G18_025373_2147_XN_34N004W,0,14,solved,497876.0,292817,-4.287,-5.1886,0.9016,0.7187,-4.287,0.7187,-4.2955,0.0085,14,0.08941,-1.7139,1.459,39.8,18.67,2011.98,4.48,34.75,-2854.17,124.3,True,False,False
G18_025425_2271_XI_47N346W,0,21,solved,3427115.0,395168,10.3059,9.9926,0.3132,0.1303,10.3059,0.1303,10.2169,0.089,21,0.42955,-1.9217,0.228,43.13,19.21,2011.991,-13.76,47.19,-3804.21,125.32,True,False,False
G18_025439_2206_XN_40N007W,0,8,solved,250430.0,119722,-5.2617,-5.8851,0.6234,0.4405,-5.2617,0.4405,-5.2538,0.0079,8,0.49945,-2.0496,-0.53,40.9,19.35,2011.994,7.36,40.7,-4138.69,123.03,True,False,False
G19_025478_2290_XN_49N353W,0,5,solved,113303.0,357384,5.7157,5.5594,0.1562,-0.0267,5.7157,-0.0267,5.9191,0.2034,5,0.399,-2.1168,-0.928,43.77,19.73,2012.003,-6.7,49.09,-4159.97,131.44,True,False,False
G19_025505_2214_XI_41N009W,0,25,solved,2380908.0,480851,-7.5808,-7.3488,-0.232,-0.4149,-7.5808,-0.4149,-7.5379,0.0429,25,0.59027,-2.162,-1.196,40.63,19.99,2012.008,9.72,41.42,-4291.97,122.93,True,False,False
G19_025518_2207_XN_40N007W,0,11,solved,316272.0,158255,-5.5573,-5.8461,0.2888,0.1059,-5.5573,0.1059,-5.4404,0.1169,11,0.53606,-2.0954,-0.802,38.43,20.12,2012.011,7.3,40.69,-4140.96,123.12,True,False,False
G19_025571_2130_XN_33N009W,0,11,solved,347823.0,181847,-8.9713,-9.0941,0.1229,-0.06,-8.9713,-0.06,-8.9185,0.0528,11,0.10913,-1.701,1.535,39.52,20.61,2012.025,9.63,33.01,-3251.65,124.32,True,False,False
G19_025610_2223_XN_42N354W,0,17,solved,460060.0,163918,3.7038,3.1212,0.5827,0.3998,3.7038,0.3998,3.7019,0.0019,17,0.36523,-1.8824,0.46,41.77,20.95,2012.033,-5.25,42.37,-3762.09,122.84,True,False,False
G19_025623_2128_XI_32N350W,0,4,solved,68064.0,29334,3.1184,4.2914,-1.173,-1.3559,3.1184,-1.3559,3.1241,0.0057,4,0.33781,-1.8026,0.934,38.81,21.06,2012.036,-9.93,32.88,-2483.62,144.84,True,False,False
G19_025636_2267_XI_46N345W,0,24,solved,5661949.0,413109,8.5913,10.1248,-1.5335,-1.7164,8.5913,-1.7164,8.599,0.0076,24,0.84634,-1.3899,3.379,42.51,21.18,2012.038,-14.1,46.72,-3723.11,130.08,False,False,False
G19_025650_2167_XN_36N009W,0,18,solved,1102648.0,167615,-8.8767,-8.1426,-0.734,-0.9169,-8.8767,-0.9169,-8.8648,0.0119,18,0.48937,-1.8425,0.697,37.91,21.29,2012.041,9.43,36.8,-3681.42,126.64,True,False,False
G19_025663_2272_XI_47N003W,0,8,solved,643133.0,535096,-1.7121,-2.0951,0.3831,0.2002,-1.7121,0.2002,-1.6776,0.0345,8,0.64269,-2.2251,-1.57,42.09,21.4,2012.044,3.87,47.2,-4416.26,124.26,True,False,False
G19_025676_2190_XN_39N356W,0,17,solved,448285.0,127250,1.5038,1.5429,-0.0391,-0.222,1.5038,-0.222,1.4981,0.0056,17,0.39122,-1.7336,1.342,40.98,21.51,2012.047,-3.97,39.11,-2888.21,120.81,True,False,False
G19_025729_2260_XN_46N004W,0,6,solved,258789.0,470922,-2.1951,-2.6105,0.4154,0.2325,-2.1951,0.2325,-2.1971,0.0021,6,0.66522,-2.1712,-1.251,42.29,21.94,2012.057,4.28,46.11,-4410.43,125.68,True,False,False
G19_025755_2235_XN_43N353W,0,13,solved,359952.0,193548,4.0945,3.9511,0.1433,-0.0396,4.0945,-0.0396,4.0978,0.0033,13,0.43825,-2.0521,-0.545,41.38,22.14,2012.063,-6.1,43.52,-3908.64,120.87,True,False,False
G19_025782_2218_XN_41N011W,0,33,solved,4069845.0,474547,-8.8799,-8.1933,-0.6866,-0.8695,-8.8799,-0.8695,-8.8768,0.0032,33,0.62402,-2.1727,-1.259,40.69,22.34,2012.068,11.08,41.83,-4438.17,123.76,True,False,False
G19_025795_2220_XN_42N005W,0,13,solved,252900.0,174916,-4.1842,-4.5985,0.4143,0.2314,-4.1842,0.2314,-3.9855,0.1987,13,0.5186,-2.1032,-0.848,40.78,22.43,2012.071,5.91,42.06,-4182.15,126.51,True,False,False
G20_025874_2196_XN_39N003W,0,13,solved,417561.0,64779,-2.1108,-3.1508,1.04,0.8571,-2.1108,0.8571,-2.1179,0.007,13,0.293,-2.0639,-0.615,39.65,22.98,2012.088,3.05,39.67,-4324.72,139.6,True,False,False
G20_025874_2242_XN_44N003W,0,8,solved,209802.0,108973,-2.3814,-2.4702,0.0888,-0.0941,-2.3814,-0.0941,-2.4101,0.0287,8,0.58627,-2.1244,-0.973,40.76,22.98,2012.088,3.48,44.21,-4265.1,122.02,True,False,False
G20_025940_2196_XN_39N004W,0,13,solved,442870.0,199359,-2.5269,-3.8713,1.3443,1.1614,-2.5269,1.1614,-2.5245,0.0025,13,0.26718,-2.0519,-0.544,40.29,23.4,2012.101,4.11,39.7,-3821.73,126.98,True,False,False
G20_025940_2304_XN_50N006W,0,3,solved,69259.0,572573,-2.0665,-2.7919,0.7254,0.5425,-2.0665,0.5425,-2.0214,0.0451,3,0.33481,-2.1773,-1.287,42.84,23.4,2012.101,5.92,50.5,-4525.41,118.02,True,False,False
G20_025953_2199_XN_39N359W,0,26,solved,772854.0,303384,0.7355,-0.4397,1.1753,0.9924,0.7355,0.9924,0.6302,0.1053,26,0.29827,-1.9031,0.338,40.26,23.48,2012.104,-0.8,40.0,-3307.56,121.79,False,False,False
G20_025966_2256_XI_45N355W,0,26,solved,4850158.0,406142,1.2201,3.6588,-2.4386,-2.6215,1.2201,-2.6215,1.2139,0.0062,26,0.85443,-1.6121,2.062,41.36,23.56,2012.107,-5.0,45.67,-4079.01,126.8,False,False,False
G20_026006_2219_XN_41N006W,0,13,solved,687415.0,349146,-4.5069,-4.9427,0.4358,0.2529,-4.5069,0.2529,-4.6048,0.0979,13,0.62512,-2.1225,-0.962,40.62,23.79,2012.115,6.39,41.99,-4185.49,124.29,True,False,False
G20_026019_2228_XN_42N001W,0,8,solved,215051.0,287861,-0.4966,-1.375,0.8784,0.6955,-0.4966,0.6955,-0.5945,0.0978,8,0.47145,-2.1021,-0.842,40.77,23.86,2012.118,1.46,42.86,-4077.13,124.65,False,False,False
G20_026032_2263_XN_46N357W,0,8,solved,178986.0,287288,2.5082,2.4467,0.0615,-0.1214,2.5082,-0.1214,2.2086,0.2996,8,0.6728,-2.1746,-1.271,41.5,23.93,2012.12,-3.01,46.38,-4227.96,125.27,True,False,False
G20_026045_2161_XN_36N350W,0,11,solved,358894.0,111092,3.7337,4.9301,-1.1964,-1.3794,3.7337,-1.3794,3.7858,0.0521,11,0.38615,-1.8076,0.904,40.14,23.99,2012.123,-9.84,36.14,-2163.59,122.84,True,False,False
G20_026072_2119_XN_31N006W,0,6,solved,151606.0,233387,-7.6244,-7.4039,-0.2204,-0.4033,-7.6244,-0.4033,-7.6398,0.0155,6,0.09901,-1.907,0.315,40.09,24.13,2012.131,6.83,31.94,-2660.15,127.04,True,False,False
G20_026164_2234_XN_43N359W,0,10,solved,367668.0,225544,1.554,0.0804,1.4736,1.2907,1.554,1.2907,1.5635,0.0095,10,0.47909,-2.0665,-0.631,41.39,24.55,2012.151,-0.49,43.41,-4010.02,123.53,True,False,False
G21_026243_2201_XN_40N356W,0,9,solved,233601.0,64308,2.3338,1.8212,0.5126,0.3297,2.3338,0.3297,2.3255,0.0083,9,0.32164,-1.8275,0.786,40.93,24.84,2012.167,-4.05,40.15,-3617.97,135.85,True,False,False
G21_026335_2128_XN_32N350W,0,6,solved,139469.0,82322,2.8635,4.3029,-1.4394,-1.6224,2.8635,-1.6224,2.8614,0.0021,6,0.39492,-1.8345,0.744,38.13,25.12,2012.186,-9.95,32.87,-2442.53,138.69,True,False,False
G21_026362_2281_XI_48N004W,0,3,solved,292588.0,239973,-0.0742,-2.0397,1.9655,1.7826,-0.0742,1.7826,-0.0799,0.0056,3,0.47445,-2.084,-0.734,43.52,25.18,2012.192,4.09,48.16,-4471.44,124.42,False,False,False
G21_026375_2230_XN_43N000W,0,15,solved,415154.0,249636,-0.3414,-0.8593,0.5179,0.335,-0.3414,0.335,-0.3826,0.0412,15,0.4702,-2.1273,-0.99,40.91,25.21,2012.194,0.78,43.09,-4054.11,123.93,False,False,False
G21_026388_2133_XN_33N353W,0,6,solved,143841.0,266450,3.0841,2.0351,1.049,0.8661,3.0841,0.8661,3.0806,0.0036,6,0.2609,-1.8364,0.733,41.16,25.24,2012.197,-6.48,33.39,-2435.06,124.99,True,False,False
G21_026520_2138_XN_33N357W,0,7,solved,65968.0,53595,-0.3531,-0.8419,0.4888,0.3059,-0.3531,0.3059,-0.3475,0.0056,7,0.12614,-1.7541,1.221,40.91,25.42,2012.225,-2.15,33.82,-2344.09,124.12,False,False,False
G21_026533_2220_XN_42N354W,0,8,solved,205403.0,83514,3.5311,3.3512,0.18,-0.0029,3.5311,-0.0029,3.5354,0.0042,8,0.40263,-1.9124,0.283,40.87,25.43,2012.227,-5.67,42.1,-3705.25,125.83,True,False,False
G21_026560_2217_XN_41N011W,0,33,solved,3467650.0,455925,-9.0076,-8.2319,-0.7757,-0.9586,-9.0076,-0.9586,-9.0028,0.0048,33,0.64467,-2.1784,-1.293,41.08,25.45,2012.235,11.13,41.81,-4440.21,124.22,True,False,False
G21_026573_2157_XN_35N005W,0,12,solved,210678.0,128597,-4.7781,-5.4087,0.6307,0.4478,-4.7781,0.4478,-4.8169,0.0389,12,0.18073,-1.7449,1.275,40.88,25.45,2012.238,5.13,35.8,-3290.03,123.86,True,False,False
G21_026573_2275_XN_47N007W,0,8,solved,326330.0,349204,-4.9062,-4.1736,-0.7325,-0.9154,-4.9062,-0.9154,-4.9794,0.0732,8,0.70156,-2.1903,-1.364,41.97,25.45,2012.238,7.02,47.58,-4549.39,125.23,True,False,False
G21_026586_2119_XN_31N359W,0,3,solved,29641.0,95278,-0.9606,-2.4536,1.493,1.3101,-0.9606,1.3101,-1.0408,0.0802,3,0.09922,-1.9126,0.281,41.04,25.45,2012.241,-0.37,32.0,-2239.85,121.32,False,False,False
G22_026665_2229_XN_42N358W,0,9,solved,80994.0,105312,1.9905,1.0604,0.9301,0.7472,1.9905,0.7472,1.9634,0.027,9,0.50915,-2.0469,-0.514,41.37,25.43,2012.257,-2.06,42.96,-3911.98,128.99,True,False,False
G22_026678_2284_XN_48N353W,0,4,solved,108087.0,310241,3.8973,5.0919,-1.1946,-1.3775,3.8973,-1.3775,3.5619,0.3354,4,0.68741,-2.1825,-1.317,42.34,25.42,2012.26,-6.2,48.51,-4204.12,124.25,True,False,False
G22_026718_2186_XN_38N004W,0,12,solved,249820.0,147825,-2.7683,-4.1788,1.4105,1.2276,-2.7683,1.2276,-2.6542,0.1141,12,0.27305,-1.8899,0.416,41.14,25.39,2012.268,4.22,38.62,-3642.68,126.48,True,False,False
G22_026771_2213_XI_41N009W,0,26,solved,2509158.0,511355,-7.3814,-7.3737,-0.0077,-0.1906,-7.3814,-0.1906,-7.3314,0.05,26,0.57016,-2.0513,-0.54,42.79,25.31,2012.279,9.75,41.4,-4302.06,123.94,True,False,False
G22_026836_2261_XI_46N345W,0,24,solved,4282473.0,270042,8.6743,10.0533,-1.379,-1.5619,8.6743,-1.5619,8.6692,0.005,24,0.86181,-1.3403,3.673,42.94,25.18,2012.293,-14.19,46.1,-3663.5,130.13,False,False,False
G22_026929_2145_XN_34N003W,0,10,solved,557126.0,113682,-4.2771,-4.7455,0.4684,0.2855,-4.2771,0.2855,-4.2785,0.0014,10,0.1045,-1.7088,1.489,42.0,24.92,2012.312,3.79,34.61,-2892.93,124.71,True,False,False
G22_026995_2155_XN_35N005W,0,8,solved,36949.0,45240,-4.7834,-5.9056,1.1222,0.9393,-4.7834,0.9393,-4.7824,0.001,8,0.09261,-1.7828,1.051,42.05,24.68,2012.326,5.77,35.53,-3212.0,121.04,True,False,False
G23_027021_2226_XN_42N356W,0,9,solved,73021.0,45838,2.9747,1.8801,1.0946,0.9117,2.9747,0.9117,2.9819,0.0072,9,0.25216,-2.0423,-0.487,42.5,24.58,2012.334,-3.34,42.69,-3854.1,108.74,True,False,False
G23_027061_2127_XN_32N007W,0,12,solved,346033.0,253959,-7.986,-7.5724,-0.4136,-0.5965,-7.986,-0.5965,-7.9906,0.0046,12,0.12425,-1.9291,0.184,42.27,24.4,2012.342,7.32,32.72,-2869.66,121.2,True,False,False
G23_027087_2234_XN_43N358W,0,10,solved,101200.0,222402,1.8656,0.7859,1.0797,0.8968,1.8656,0.8968,1.9481,0.0825,10,0.57158,-2.1173,-0.931,42.93,24.28,2012.348,-1.5,43.47,-3981.38,124.95,True,False,False
G23_027100_2228_XN_42N353W,0,12,solved,327986.0,195113,4.5967,4.1753,0.4214,0.2385,4.5967,0.2385,4.6166,0.0198,12,0.39756,-2.044,-0.497,42.86,24.21,2012.35,-6.64,42.84,-3716.01,123.82,True,False,False
G23_027113_2170_XN_37N348W,0,8,solved,263827.0,133695,3.8737,6.5885,-2.7148,-2.8977,3.8737,-2.8977,3.9031,0.0295,8,0.36581,-1.905,0.327,41.97,24.15,2012.353,-11.97,37.06,-2040.26,120.71,True,False,False
G23_027140_2275_XN_47N006W,0,8,solved,322837.0,418980,-3.25,-3.4918,0.2418,0.0589,-3.25,0.0589,-3.1834,0.0666,8,0.72309,-2.2657,-1.81,43.9,24.01,2012.359,6.01,47.53,-4507.0,123.51,True,False,False
G23_027153_2179_XN_37N359W,0,20,solved,505262.0,204561,-1.4687,-0.9492,-0.5195,-0.7024,-1.4687,-0.7024,-1.5177,0.049,20,0.53365,-1.7661,1.15,42.83,23.94,2012.361,-0.69,37.98,-2892.39,128.72,True,False,False
G23_027271_2293_XN_49N342W,0,4,solved,94011.0,260461,16.197,13.0147,3.1824,2.9995,16.197,2.9995,16.1485,0.0485,4,0.35329,-1.9335,0.158,45.07,23.22,2012.386,-17.49,49.35,-3826.63,123.31,True,False,False
G23_027272_2152_XN_35N007W,0,13,solved,269917.0,58734,-7.782,-7.1577,-0.6243,-0.8072,-7.782,-0.8072,-7.7811,0.0009,13,0.32651,-1.7729,1.11,43.32,23.21,2012.386,7.53,35.32,-3336.39,126.73,True,False,False
G23_027351_2202_XN_40N005W,0,6,solved,61527.0,32209,-4.9265,-4.5854,-0.3411,-0.524,-4.9265,-0.524,-4.9333,0.0068,6,0.47306,-2.1457,-1.1,43.65,22.65,2012.402,5.33,40.27,-3946.0,124.89,True,False,False
J01_045034_2160_XN_36N356W,0,10,solved,363052.0,59583,-0.1094,0.4718,-0.5812,-0.7641,-0.1094,-0.7641,-0.104,0.0054,10,0.36857,-1.7031,1.523,41.52,22.27,2016.175,-3.37,36.04,-2561.75,128.85,False,False,False
J01_045060_2177_XI_37N349W,0,15,solved,1552120.0,596845,3.6772,5.6352,-1.9581,-2.141,3.6772,-2.141,3.7262,0.049,15,0.56455,-1.8555,0.62,39.44,22.06,2016.181,-10.37,37.73,-2405.45,126.76,True,False,False
J01_045113_2257_XI_45N355W,0,26,solved,4850662.0,410686,1.6088,3.6588,-2.05,-2.2329,1.6088,-2.2329,1.608,0.0008,26,0.80188,-1.6712,1.712,43.27,21.61,2016.192,-5.0,45.67,-4082.7,126.05,True,False,False
J01_045126_2244_XI_44N345W,0,26,solved,2032378.0,338577,11.852,9.6804,2.1717,1.9888,11.852,1.9888,12.1676,0.3156,26,0.24982,-1.7752,1.095,45.63,21.5,2016.194,-14.16,44.46,-3292.05,124.2,True,False,False
J01_045139_2268_XI_46N346W,0,27,solved,1799501.0,598842,9.1754,9.6504,-0.475,-0.6579,9.1754,-0.6579,8.7227,0.4527,27,0.45448,-2.011,-0.302,42.66,21.38,2016.197,-13.38,46.81,-3687.86,124.99,True,False,False
J01_045166_2154_XN_35N359W,0,13,solved,298529.0,58954,0.3331,-1.2459,1.579,1.3961,0.3331,1.3961,0.3291,0.0039,13,0.11187,-1.9928,-0.194,42.71,21.14,2016.203,-1.05,35.45,-2375.92,116.6,False,False,False
J01_045205_2297_XI_49N349W,0,10,solved,880131.0,659041,7.256,8.542,-1.286,-1.4689,7.256,-1.4689,7.2008,0.0552,10,0.20491,-2.0486,-0.524,43.92,20.77,2016.211,-10.83,49.79,-4027.94,121.93,True,False,False
J01_045245_2135_XN_33N355W,0,5,solved,40908.0,39363,2.1818,0.7773,1.4045,1.2216,2.1818,1.2216,2.1755,0.0062,5,0.16635,-1.9644,-0.025,42.75,20.38,2016.219,-4.58,33.6,-2258.04,119.25,True,False,False
J01_045258_2194_XI_39N352W,0,24,solved,1138351.0,386310,2.0478,3.8966,-1.8488,-2.0317,2.0478,-2.0317,1.8986,0.1492,24,0.69349,-1.8698,0.535,42.3,20.25,2016.225,-7.28,39.5,-2898.89,122.77,True,False,False
J01_045285_2149_XN_34N007W,0,9,solved,170849.0,58641,-7.2432,-6.8767,-0.3665,-0.5494,-7.2432,-0.5494,-7.2438,0.0006,9,0.258,-1.7557,1.211,43.42,19.97,2016.23,7.02,35.0,-2917.99,117.04,True,False,False
J01_045298_2193_XI_39N003W,0,18,solved,691590.0,164452,-2.9264,-3.5954,0.669,0.4861,-2.9264,0.4861,-2.9609,0.0345,18,0.43895,-2.1295,-1.003,43.24,19.84,2016.233,3.62,39.42,-3747.77,117.51,True,False,False
J01_045324_2181_XN_38N356W,0,19,solved,791431.0,133490,0.9233,1.3298,-0.4064,-0.5893,0.9233,-0.5893,0.8718,0.0515,19,0.55778,-1.7611,1.179,41.01,19.57,2016.238,-3.96,38.15,-2620.07,125.04,False,False,False
J01_045351_2223_XI_42N010W,0,30,solved,6197518.0,483436,-8.9348,-7.8583,-1.0765,-1.2594,-8.9348,-1.2594,-8.9451,0.0103,30,0.77612,-1.7557,1.211,44.28,19.27,2016.244,10.77,42.4,-4457.17,122.83,True,False,False
J01_045364_2156_XI_35N006W,0,16,solved,1114429.0,394690,-6.9955,-6.6496,-0.3458,-0.5287,-6.9955,-0.5287,-7.0509,0.0554,16,0.34109,-1.8261,0.794,41.28,19.13,2016.246,6.88,35.61,-3194.95,124.21,True,False,False
J02_045377_2172_XN_37N358W,0,14,solved,661875.0,95835,-0.6601,-0.4914,-0.1686,-0.3515,-0.6601,-0.3515,-0.6643,0.0042,14,0.47797,-1.7407,1.3,44.41,18.99,2016.249,-1.58,37.27,-2664.34,134.12,False,False,False
J02_045390_2214_XI_41N353W,0,16,solved,1412693.0,407401,3.6544,3.7764,-0.1219,-0.3048,3.6544,-0.3048,3.6496,0.0048,16,0.43165,-1.9109,0.292,45.55,18.84,2016.252,-6.5,41.43,-3504.08,126.13,True,False,False
J02_045403_2180_XI_38N350W,0,22,solved,1946404.0,504993,2.1271,4.8901,-2.763,-2.9459,2.1271,-2.9459,2.0727,0.0544,22,0.69717,-1.8009,0.943,42.75,18.69,2016.255,-9.18,38.06,-2593.51,124.27,True,False,False
J02_045416_2248_XI_44N348W,0,24,solved,1718653.0,694278,8.3075,7.8329,0.4746,0.2917,8.3075,0.2917,8.2661,0.0414,24,0.1661,-1.9926,-0.193,43.35,18.54,2016.257,-11.35,44.83,-3583.09,122.17,True,False,False
J02_045417_2191_XN_39N011W,0,11,solved,279951.0,62623,-9.6133,-8.7216,-0.8917,-1.0746,-9.6133,-1.0746,-9.6141,0.0009,11,0.62813,-2.1758,-1.278,44.65,18.53,2016.257,11.02,39.18,-4221.1,126.73,True,False,False
J02_045443_2161_XN_36N359W,0,20,solved,1033014.0,199227,-0.3258,-1.4449,1.1191,0.9362,-0.3258,0.9362,-0.3356,0.0098,20,0.21187,-1.9314,0.17,44.97,18.23,2016.263,-0.55,36.12,-2925.11,127.48,False,False,False
J02_045456_2195_XI_39N352W,0,24,solved,2231326.0,593387,6.0048,4.2433,1.7615,1.5786,6.0048,1.5786,6.1411,0.1363,24,0.14176,-1.6201,2.015,47.65,18.08,2016.266,-7.77,39.55,-2859.02,123.52,False,False,False
J02_045522_2173_XN_37N358W,0,20,solved,2018967.0,428923,-1.0949,-0.5441,-0.5507,-0.7336,-1.0949,-0.7336,-1.1295,0.0347,20,0.4686,-1.8306,0.768,44.47,17.28,2016.279,-1.5,37.28,-2778.27,124.28,True,False,False
J02_045535_2217_XI_41N354W,0,19,solved,1041285.0,356375,2.7095,3.3363,-0.6268,-0.8097,2.7095,-0.8097,2.7386,0.0291,19,0.55297,-1.9813,-0.125,45.56,17.11,2016.282,-5.78,41.68,-3554.35,125.34,True,False,False
J02_045588_2173_XN_37N358W,0,21,solved,2093295.0,441016,-0.8905,-0.5493,-0.3412,-0.5241,-0.8905,-0.5241,-0.919,0.0285,21,0.44685,-1.7896,1.011,46.71,16.44,2016.293,-1.48,37.32,-2820.28,126.22,False,False,False
J02_045627_2256_XI_45N349W,0,17,solved,1771311.0,654894,7.538,7.4446,0.0934,-0.0895,7.538,-0.0895,7.4477,0.0903,17,0.14509,-2.0222,-0.368,46.15,15.92,2016.301,-10.53,45.64,-3786.92,123.46,True,False,False
J02_045628_2124_XN_32N011W,0,7,solved,117970.0,78516,-10.9489,-10.2114,-0.7375,-0.9204,-10.9489,-0.9204,-10.9371,0.0117,7,0.21923,-1.8044,0.923,45.49,15.91,2016.301,11.09,32.47,-3415.57,119.55,True,False,False
J02_045641_2197_XI_39N010W,0,45,solved,3930824.0,567666,-8.1724,-7.8293,-0.3431,-0.526,-8.1724,-0.526,-8.2414,0.0689,45,0.48308,-2.1768,-1.284,44.94,15.74,2016.304,9.91,39.79,-4198.36,124.8,True,False,False
J02_045707_2261_XN_46N010W,0,5,solved,121290.0,91470,-7.3469,-6.6795,-0.6674,-0.8503,-7.3469,-0.8503,-7.28,0.0669,5,0.67338,-2.2379,-1.646,49.65,14.83,2016.318,10.27,46.29,-4547.61,129.42,True,False,False
J02_045733_2212_XN_41N359W,0,4,solved,140994.0,60955,0.5344,-0.1758,0.7101,0.5272,0.5344,0.5272,0.5415,0.0071,4,0.42037,-2.0823,-0.724,48.5,14.47,2016.326,-0.74,41.42,-3592.74,117.55,False,False,False
J03_045773_2266_XN_46N011W,0,16,solved,749624.0,134714,-9.8323,-7.546,-2.2863,-2.4692,-9.8323,-2.4692,-9.9118,0.0795,16,0.53831,-2.224,-1.563,51.06,13.89,2016.334,11.64,46.63,-4597.85,124.77,True,False,False
J03_045799_2204_XN_40N002W,0,7,solved,77373.0,84189,-0.9868,-2.2203,1.2335,1.0506,-0.9868,1.0506,-0.9899,0.0031,7,0.25985,-2.0945,-0.796,48.46,13.52,2016.339,1.95,40.49,-3730.82,128.14,False,False,False
J03_045865_2199_XN_39N003W,0,13,solved,683344.0,127381,-1.9215,-3.0859,1.1645,0.9816,-1.9215,0.9816,-1.9217,0.0002,13,0.27237,-2.0725,-0.666,49.71,12.53,2016.353,3.04,39.94,-4232.24,132.3,True,False,False
J03_045878_2226_XI_42N355W,0,39,solved,2579927.0,608600,4.3856,2.8873,1.4984,1.3155,4.3856,1.3155,4.7843,0.3986,39,0.23946,-1.9057,0.322,52.91,12.33,2016.356,-4.84,42.59,-3766.52,125.16,True,False,False
J03_045891_2151_XI_35N353W,0,20,solved,1287981.0,442681,2.8054,2.6186,0.1868,0.0039,2.8054,0.0039,2.8436,0.0382,20,0.35701,-1.9152,0.266,48.03,12.13,2016.359,-6.77,35.18,-2395.36,122.23,True,False,False
J03_045918_2153_XI_35N008W,0,28,solved,1880337.0,435087,-8.9588,-8.0312,-0.9276,-1.1105,-8.9588,-1.1105,-8.9892,0.0304,28,0.30857,-1.8677,0.548,49.63,11.72,2016.364,8.81,35.34,-3331.42,126.09,True,False,False
J03_045944_2168_XN_36N000W,0,17,solved,1249384.0,448389,-0.9638,-1.8053,0.8415,0.6586,-0.9638,0.6586,-0.9912,0.0274,17,0.29044,-1.981,-0.123,49.34,11.31,2016.37,0.22,36.9,-3168.63,124.6,False,False,False
J03_045997_2221_XN_42N007W,0,10,solved,128251.0,148178,-5.9154,-5.5212,-0.3941,-0.577,-5.9154,-0.577,-5.8815,0.0339,10,0.77067,-2.2621,-1.789,52.21,10.47,2016.381,7.29,42.17,-4242.08,124.4,True,False,False
J03_046010_2149_XN_34N358W,0,23,solved,1363023.0,364329,-0.2908,-0.9749,0.6841,0.5012,-0.2908,0.5012,-0.3038,0.013,23,0.18496,-1.7338,1.341,52.38,10.26,2016.383,-1.58,35.02,-2413.04,122.73,False,False,False
J03_046036_2157_XN_35N351W,0,20,solved,2002932.0,434362,3.3065,3.8079,-0.5014,-0.6843,3.3065,-0.6843,3.3513,0.0448,20,0.42228,-1.8523,0.639,50.37,9.83,2016.389,-8.31,35.8,-2392.1,124.38,True,False,False
J03_046063_2204_XN_40N008W,0,11,solved,1205655.0,475494,-6.5876,-6.511,-0.0766,-0.2595,-6.5876,-0.2595,-6.6207,0.0331,11,0.59213,-2.1791,-1.297,53.11,9.39,2016.394,8.21,40.5,-4151.14,125.49,True,False,False
J03_046076_2151_XI_35N006W,0,13,solved,1092387.0,557263,-6.5071,-6.3413,-0.1658,-0.3487,-6.5071,-0.3487,-6.5319,0.0247,13,0.34504,-1.8381,0.723,48.71,9.18,2016.397,6.28,35.13,-3158.83,123.01,True,False,False
J03_046102_2206_XI_40N353W,0,12,solved,1025831.0,256768,2.7723,3.4806,-0.7084,-0.8913,2.7723,-0.8913,2.6963,0.076,12,0.5473,-1.9765,-0.097,53.25,8.74,2016.402,-6.31,40.66,-3298.14,126.33,True,False,False
J03_046115_2227_XN_42N349W,0,12,solved,713297.0,180506,5.0939,7.1206,-2.0267,-2.2096,5.0939,-2.2096,5.1279,0.034,12,0.52603,-2.0361,-0.45,54.11,8.52,2016.405,-10.96,42.76,-3305.94,128.83,True,False,False
J03_046142_2165_XN_36N004W,0,15,solved,1068926.0,442960,-4.7339,-4.9351,0.2012,0.0183,-4.7339,0.0183,-4.8101,0.0762,15,0.37695,-1.8682,0.545,52.84,8.07,2016.411,4.69,36.6,-3348.36,124.85,True,False,False
J04_046168_2212_XI_41N354W,0,40,solved,1555542.0,508061,2.9521,3.2495,-0.2974,-0.4803,2.9521,-0.4803,2.9581,0.006,40,0.49535,-1.9478,0.073,55.41,7.62,2016.416,-5.81,41.18,-3413.87,125.64,True,False,False
J04_046181_2157_XN_35N351W,0,23,solved,2097874.0,465425,3.1449,3.8194,-0.6745,-0.8574,3.1449,-0.8574,3.1774,0.0325,23,0.44784,-1.884,0.451,51.39,7.4,2016.419,-8.33,35.79,-2377.93,124.41,True,False,False
J04_046221_2168_XN_36N000W,0,18,solved,779927.0,244892,-1.1899,-1.8327,0.6428,0.4599,-1.1899,0.4599,-1.2051,0.0152,18,0.33534,-1.9066,0.317,54.98,6.71,2016.43,0.26,36.9,-3179.35,124.44,True,False,False
J04_046247_2158_XN_35N351W,0,21,solved,1908846.0,435895,3.1891,3.9742,-0.7851,-0.968,3.1891,-0.968,3.1792,0.0099,21,0.46956,-1.86,0.593,53.9,6.25,2016.435,-8.54,35.84,-2441.66,122.66,True,False,False
J04_046273_2237_XN_43N342W,0,9,solved,984078.0,505288,15.9857,12.1105,3.8751,3.6922,15.9857,3.6922,15.9231,0.0626,9,0.47227,-1.9922,-0.19,57.37,5.79,2016.441,-17.92,43.77,-3536.23,123.6,True,False,False
J04_046313_2189_XN_38N355W,0,16,solved,1054253.0,432708,2.5778,2.2577,0.3201,0.1372,2.5778,0.1372,2.5525,0.0253,16,0.44236,-1.9522,0.047,55.09,5.08,2016.449,-5.05,38.99,-2864.93,126.43,True,False,False
J04_046353_2205_XN_40N008W,0,12,solved,1233055.0,496121,-5.8584,-6.4201,0.5617,0.3788,-5.8584,0.3788,-5.6973,0.161,12,0.52409,-2.1553,-1.157,55.7,4.36,2016.457,8.09,40.54,-4160.14,126.68,True,False,False
J04_046366_2233_XN_43N003W,0,16,solved,1440681.0,506928,-0.6842,-2.3485,1.6644,1.4815,-0.6842,1.4815,-0.6225,0.0617,16,0.27736,-2.1477,-1.112,57.36,4.12,2016.46,3.03,43.34,-4127.58,125.97,False,False,False
J04_046419_2153_XI_35N008W,0,27,solved,1934177.0,446024,-8.8808,-8.0085,-0.8723,-1.0552,-8.8808,-1.0552,-8.8503,0.0305,27,0.30688,-1.9298,0.18,54.93,3.16,2016.471,8.78,35.35,-3333.82,126.95,True,False,False
J04_046445_2120_XN_32N357W,0,6,solved,221721.0,219388,-0.6586,-0.7169,0.0583,-0.1246,-0.6586,-0.1246,-0.4426,0.2159,6,0.14082,-2.0222,-0.368,54.93,2.68,2016.476,-2.89,32.04,-2300.78,122.71,False,False,False
J04_046458_2157_XN_35N351W,0,21,solved,2058329.0,443761,3.2064,3.8104,-0.604,-0.7869,3.2064,-0.7869,3.1822,0.0243,21,0.44936,-1.8756,0.501,57.04,2.44,2016.479,-8.32,35.78,-2375.58,124.48,True,False,False
J04_046498_2236_XN_43N006W,0,19,solved,1425649.0,507063,-2.7277,-4.7943,2.0666,1.8837,-2.7277,1.8837,-2.636,0.0917,19,0.48509,-2.1888,-1.355,59.64,1.69,2016.487,6.7,43.67,-4324.01,125.19,True,False,False
J04_046511_2159_XN_35N359W,0,22,solved,834886.0,162239,-0.4836,-1.298,0.8143,0.6314,-0.4836,0.6314,-0.4945,0.0108,22,0.20028,-2.059,-0.586,57.44,1.45,2016.49,-0.83,35.91,-2678.41,122.31,False,False,False
J04_046524_2201_XN_40N355W,0,27,solved,1172024.0,473928,2.2141,1.8782,0.3358,0.1529,2.2141,0.1529,2.0865,0.1276,27,0.36536,-2.0053,-0.267,58.56,1.21,2016.493,-4.13,40.16,-3297.04,125.54,True,False,False
J04_046537_2219_XI_41N351W,0,18,solved,1981691.0,492819,4.797,5.386,-0.589,-0.7719,4.797,-0.7719,4.6971,0.0999,18,0.55903,-2.0074,-0.28,59.36,0.96,2016.496,-8.7,41.9,-3356.39,125.5,True,False,False
J05_046550_2228_XI_42N346W,0,13,solved,935921.0,499343,9.0372,8.9929,0.0443,-0.1386,9.0372,-0.1386,9.0245,0.0127,13,0.35442,-2.006,-0.272,60.02,0.72,2016.498,-13.64,42.92,-3025.9,122.23,True,False,False
J05_046590_2160_XN_36N356W,0,10,solved,364741.0,59815,-0.1072,0.4718,-0.5789,-0.7618,-0.1072,-0.7618,-0.1082,0.001,10,0.35997,-1.8251,0.8,58.11,-0.04,2016.507,-3.37,36.04,-2540.29,128.04,False,False,False
J05_046630_2274_XN_47N010W,0,4,solved,87356.0,73455,-6.6136,-6.5978,-0.0157,-0.1986,-6.6136,-0.1986,-6.6612,0.0476,4,0.45313,-2.2457,-1.692,63.9,-0.79,2016.515,10.53,47.5,-4602.54,119.33,True,False,False
J05_046643_2165_XN_36N004W,0,15,solved,674746.0,233315,-4.6281,-4.9231,0.295,0.1121,-4.6281,0.1121,-4.6778,0.0496,15,0.36058,-1.8959,0.381,58.35,-1.04,2016.517,4.66,36.56,-3317.66,125.32,True,False,False
J05_046656_2186_XN_38N358W,0,15,solved,931203.0,266781,0.1963,-0.2635,0.4598,0.2769,0.1963,0.2769,0.1921,0.0042,15,0.40799,-1.9681,-0.047,60.39,-1.29,2016.52,-1.48,38.65,-3167.93,127.49,False,False,False
J05_046709_2293_XN_49N007W,0,7,solved,557391.0,522290,-1.3848,-3.8164,2.4317,2.2488,-1.3848,2.2488,-1.4192,0.0344,7,0.14404,-2.1576,-1.17,66.44,-2.3,2016.534,7.06,49.37,-4536.35,124.44,True,False,False
J05_046788_2231_XN_43N006W,0,21,solved,909881.0,324223,-2.3216,-4.7436,2.422,2.2391,-2.3216,2.2391,-2.2808,0.0408,21,0.39016,-2.0795,-0.707,62.31,-3.82,2016.55,6.46,43.14,-4276.98,125.8,True,False,False
J05_046867_2211_XN_41N359W,0,6,solved,329937.0,157304,1.3718,-0.3135,1.6853,1.5024,1.3718,1.5024,1.3702,0.0016,6,0.23887,-2.0583,-0.581,64.54,-5.34,2016.567,-0.63,41.13,-3568.7,120.94,True,False,False
J05_046893_2156_XN_35N348W,0,14,solved,366120.0,101120,3.4892,6.0875,-2.5983,-2.7812,3.4892,-2.7812,3.466,0.0231,14,0.44508,-2.0305,-0.417,62.27,-5.83,2016.572,-11.7,35.59,-2178.31,126.79,True,False,False
J05_046906_2268_XI_46N346W,0,25,solved,5641134.0,421679,8.6865,10.1326,-1.4461,-1.629,8.6865,-1.629,8.6969,0.0105,25,0.83533,-1.6741,1.695,67.65,-6.08,2016.575,-14.08,46.82,-3753.29,129.46,True,False,False
J05_046907_2223_XI_42N010W,0,30,solved,6182725.0,481671,-9.3197,-7.8784,-1.4412,-1.6241,-9.3197,-1.6241,-9.334,0.0144,30,0.81892,-1.8118,0.879,66.29,-6.1,2016.575,10.79,42.37,-4462.11,124.9,True,False,False
J06_046985_2245_XN_44N341W,0,10,solved,100723.0,34564,19.2625,12.6167,6.6458,6.4629,19.2625,6.4629,19.2714,0.0089,10,0.2102,-1.994,-0.201,68.13,-7.6,2016.591,-18.42,44.53,-3643.46,121.34,True,False,False
J06_047025_2128_XN_32N351W,0,10,solved,307039.0,97690,3.3236,3.1115,0.2122,0.0293,3.3236,0.0293,3.3475,0.0239,10,0.1944,-1.9839,-0.141,62.85,-8.36,2016.6,-8.2,32.91,-2144.87,126.11,True,False,False
J06_047091_2154_XN_35N355W,0,17,solved,866078.0,379213,1.5404,1.3433,0.1971,0.0142,1.5404,0.0142,1.6346,0.0942,17,0.274,-1.9618,-0.01,64.27,-9.6,2016.613,-4.81,35.5,-2363.54,125.1,True,False,False
J06_047131_2124_XN_32N006W,0,7,solved,241165.0,235931,-6.8971,-7.0089,0.1117,-0.0712,-6.8971,-0.0712,-7.0003,0.1031,7,0.10072,-1.9686,-0.05,63.48,-10.35,2016.621,6.42,32.47,-2621.75,131.34,True,False,False
J06_047144_2233_XN_43N002W,0,13,solved,1043640.0,375308,0.3888,-2.1453,2.5341,2.3512,0.3888,2.3512,0.4509,0.0621,13,0.15617,-2.1535,-1.146,69.69,-10.59,2016.624,2.74,43.36,-4112.41,126.13,False,False,False
J06_047197_2140_XN_34N008W,0,10,solved,239041.0,58244,-8.0131,-8.2423,0.2293,0.0464,-8.0131,0.0464,-8.0164,0.0033,10,0.03911,-1.8798,0.476,65.01,-11.57,2016.638,8.72,34.07,-3016.66,120.02,True,False,False
J06_047223_2200_XN_40N359W,0,8,solved,238976.0,91042,1.1761,-0.3467,1.5228,1.3399,1.1761,1.3399,1.2027,0.0266,8,0.1401,-2.1343,-1.032,68.87,-12.05,2016.643,-0.92,40.05,-3485.75,128.67,True,False,False
J06_047236_2156_XN_35N353W,0,16,solved,625253.0,110051,2.6568,2.6583,-0.0014,-0.1844,2.6568,-0.1844,2.7035,0.0467,16,0.44973,-1.894,0.392,66.59,-12.28,2016.646,-6.69,35.62,-2569.86,116.47,True,False,False
J06_047275_2252_XN_45N340W,0,5,solved,354009.0,170599,21.311,13.7983,7.5126,7.3297,21.311,7.3297,21.3783,0.0674,5,0.21355,-2.038,-0.462,72.3,-12.99,2016.654,-19.93,45.21,-3641.58,116.27,True,False,False
J06_047289_2156_XN_35N001W,0,12,solved,823429.0,309734,-0.7652,-2.6023,1.8371,1.6542,-0.7652,1.6542,-0.8212,0.056,12,0.11751,-1.9463,0.082,66.77,-13.23,2016.657,1.0,35.68,-2868.43,122.2,False,False,False
J06_047315_2187_XN_38N350W,0,6,solved,187772.0,47226,6.0488,5.4425,0.6062,0.4233,6.0488,0.4233,6.0437,0.0051,6,0.31538,-1.9298,0.18,69.51,-13.7,2016.663,-9.76,38.78,-2567.8,116.75,True,False,False
J07_047381_2208_XN_40N352W,0,13,solved,235911.0,48685,5.5575,4.1086,1.4488,1.2659,5.5575,1.2659,5.5425,0.0149,13,0.16654,-1.991,-0.183,71.26,-14.84,2016.676,-7.16,40.87,-3192.97,127.45,True,False,False
J07_047434_2181_XN_38N359W,0,4,solved,161527.0,59835,0.8275,-0.9787,1.8062,1.6233,0.8275,1.6233,0.8414,0.0139,4,0.19818,-1.9324,0.164,70.16,-15.74,2016.687,-0.6,38.13,-2894.71,126.17,False,False,False
J07_047500_2166_XN_36N001W,0,8,solved,261731.0,60252,-1.1091,-2.6571,1.5479,1.365,-1.1091,1.365,-1.1228,0.0137,8,0.15582,-1.9873,-0.161,69.69,-16.82,2016.701,1.39,36.67,-3319.38,143.41,True,False,False
J09_048146_2153_XN_35N000W,0,8,solved,181092.0,59144,-0.3966,-1.9978,1.6012,1.4183,-0.3966,1.4183,-0.3943,0.0024,8,0.10642,-2.1823,-1.316,71.13,-24.41,2016.841,-0.01,35.27,-2802.72,130.82,False,False,False
J09_048159_2187_XN_38N355W,0,8,solved,199258.0,62099,3.8181,2.0591,1.759,1.5761,3.8181,1.5761,3.837,0.0189,8,0.19204,-2.0226,-0.37,73.79,-24.49,2016.843,-4.87,38.64,-2667.09,118.98,True,False,False
J09_048212_2138_XN_33N002W,0,8,solved,367544.0,116025,-2.4382,-3.7452,1.307,1.1241,-2.4382,1.1241,-2.5082,0.07,8,0.06819,-1.8967,0.376,69.94,-24.79,2016.854,2.09,33.84,-2783.78,130.86,True,False,False
J09_048291_2167_XN_36N359W,0,17,solved,493654.0,77581,-0.3186,-1.3399,1.0213,0.8384,-0.3186,0.8384,-0.3067,0.0119,17,0.21225,-2.0333,-0.433,72.07,-25.14,2016.871,-0.49,36.8,-2815.28,124.07,False,False,False
J09_048370_2162_XN_36N358W,0,31,solved,1675768.0,475027,0.0058,-1.02,1.0259,0.843,0.0058,0.843,-0.0452,0.051,31,0.19148,-1.9111,0.29,70.33,-25.36,2016.887,-1.11,36.31,-2588.5,125.57,False,False,False
J10_048594_2197_XN_39N353W,0,8,solved,225032.0,47772,4.4493,3.4587,0.9907,0.8078,4.4493,0.8078,4.4522,0.0029,8,0.21823,-1.9957,-0.211,72.78,-25.3,2016.934,-6.56,39.76,-3319.45,154.01,True,False,False
J10_048792_2167_XN_36N359W,0,18,solved,449493.0,78556,0.0542,-1.4522,1.5064,1.3235,0.0542,1.3235,0.0565,0.0022,18,0.15589,-2.0416,-0.482,68.43,-24.46,2016.977,-0.32,36.82,-2923.44,123.05,False,False,False
J10_048845_2182_XN_38N005W,0,11,solved,184799.0,31971,-4.1088,-5.4039,1.2951,1.1122,-4.1088,1.1122,-4.1153,0.0065,11,0.18143,-2.1376,-1.052,69.51,-24.11,2016.988,5.9,38.28,-3897.55,139.67,True,False,False
J11_048924_2150_XN_35N003W,0,10,solved,457448.0,94951,-3.6985,-4.576,0.8774,0.6945,-3.6985,0.6945,-3.7248,0.0263,10,0.09375,-1.8869,0.434,65.44,-23.5,2017.003,3.69,35.08,-2919.24,130.92,True,False,False
J11_048950_2149_XN_34N352W,0,13,solved,123199.0,79058,3.5118,2.9206,0.5911,0.4082,3.5118,0.4082,3.5253,0.0135,13,0.29981,-1.9988,-0.229,65.42,-23.28,2017.008,-7.27,34.99,-2268.63,124.14,True,False,False
J11_049122_2209_XN_40N009W,0,19,solved,302111.0,34807,-6.2006,-7.151,0.9505,0.7676,-6.2006,0.7676,-6.1902,0.0104,19,0.38439,-2.0637,-0.614,68.32,-21.58,2017.047,9.3,41.0,-4250.74,122.86,True,False,False
J11_049148_2157_XN_35N358W,0,10,solved,571986.0,110079,-0.2677,-0.7585,0.4907,0.3078,-0.2677,0.3078,-0.2969,0.0291,10,0.17766,-1.9231,0.22,63.64,-21.28,2017.052,-1.67,35.74,-2535.11,122.92,False,False,False
J11_049293_2137_XN_33N356W,0,10,solved,292782.0,90652,0.4249,0.1572,0.2677,0.0848,0.4249,0.0848,0.4058,0.0192,10,0.13624,-1.9048,0.328,60.2,-19.5,2017.082,-3.61,33.81,-2456.12,125.09,False,False,False
J12_049306_2158_XN_35N352W,0,8,solved,331999.0,120198,3.4983,3.3292,0.1691,-0.0138,3.4983,-0.0138,3.5207,0.0224,8,0.30634,-1.9433,0.1,61.35,-19.33,2017.085,-7.59,35.87,-2142.15,128.34,True,False,False
J12_049544_2203_XN_40N010W,0,25,solved,984565.0,65313,-7.5512,-8.027,0.4758,0.2929,-7.5512,0.2929,-7.5573,0.0061,25,0.29572,-2.0181,-0.343,61.66,-15.93,2017.134,10.38,40.37,-4167.43,117.44,True,False,False
J13_049860_2164_XN_36N352W,0,16,solved,652250.0,266756,4.6888,3.3895,1.2993,1.1164,4.6888,1.1164,4.6909,0.0022,16,0.14529,-1.7289,1.37,55.46,-10.87,2017.203,-7.49,36.47,-2181.34,120.47,True,False,False
J13_049887_2203_XN_40N010W,0,27,solved,1013429.0,70368,-7.286,-8.0411,0.7551,0.5722,-7.286,0.5722,-7.2977,0.0117,27,0.2621,-2.0175,-0.34,57.96,-10.41,2017.208,10.41,40.4,-4172.46,117.17,True,False,False
J14_050137_2188_XN_38N357W,0,5,solved,225623.0,115836,0.5613,0.3461,0.2152,0.0323,0.5613,0.0323,0.6219,0.0606,5,0.46749,-1.8851,0.444,52.62,-6.17,2017.263,-2.3,38.87,-3159.25,124.71,False,False,False
J14_050176_2232_XN_43N344W,0,23,solved,1077299.0,423934,11.6396,10.2274,1.4122,1.2293,11.6396,1.2293,11.5814,0.0582,23,0.34676,-1.9957,-0.211,54.83,-5.5,2017.271,-15.34,43.24,-3139.95,125.92,True,False,False
J14_050216_2161_XN_36N354W,0,6,solved,85374.0,109860,2.4384,1.7525,0.6859,0.503,2.4384,0.503,2.4376,0.0008,6,0.4173,-1.7788,1.075,49.39,-4.82,2017.279,-5.2,36.16,-2180.36,127.47,True,False,False
J14_050308_2227_XN_42N347W,0,11,solved,125460.0,33315,6.9598,7.9534,-0.9935,-1.1764,6.9598,-1.1764,6.9682,0.0083,11,0.4193,-1.9707,-0.062,53.06,-3.25,2017.298,-12.19,42.71,-2896.99,117.32,True,False,False
J14_050414_2200_XN_40N002W,0,22,solved,439244.0,244438,-1.4786,-2.6873,1.2087,1.0258,-1.4786,1.0258,-1.4752,0.0034,22,0.21408,-2.0797,-0.709,49.33,-1.45,2017.32,2.49,40.04,-3722.99,121.39,True,False,False
J14_050427_2196_XN_39N353W,0,16,solved,823844.0,229306,4.7276,3.3309,1.3968,1.2139,4.7276,1.2139,4.7424,0.0148,16,0.22213,-1.7836,1.046,50.83,-1.23,2017.323,-6.43,39.58,-2929.22,121.47,True,False,False
J15_050480_2202_XI_40N004W,0,12,solved,409661.0,147688,-2.1293,-3.7235,1.5942,1.4113,-2.1293,1.4113,-2.1312,0.002,12,0.21449,-2.1522,-1.138,48.95,-0.33,2017.334,4.07,40.26,-3832.41,117.54,True,False,False
J15_050519_2214_XN_41N348W,0,16,solved,1116621.0,168758,6.5177,7.5592,-1.0415,-1.2244,6.5177,-1.2244,6.5157,0.0019,16,0.36971,-1.9132,0.278,49.9,0.32,2017.342,-12.01,41.45,-3063.12,125.61,True,False,False
J15_050585_2227_XN_42N347W,0,11,solved,247193.0,80624,9.3295,7.935,1.3945,1.2116,9.3295,1.2116,9.3538,0.0244,11,0.1091,-1.9057,0.323,51.24,1.42,2017.359,-12.16,42.72,-2898.55,116.76,True,False,False
J15_050625_2152_XN_35N002W,0,8,solved,667043.0,229801,-2.6781,-3.5447,0.8665,0.6836,-2.6781,0.6836,-2.6781,0.0001,8,0.11147,-1.7418,1.293,44.1,2.08,2017.367,2.23,35.22,-2905.37,126.64,True,False,False
J15_050743_2214_XN_41N348W,0,18,solved,1348980.0,232170,6.9949,7.6072,-0.6124,-0.7953,6.9949,-0.7953,6.9029,0.092,18,0.31222,-1.9063,0.319,45.4,4.0,2017.392,-12.08,41.45,-3008.31,125.95,True,False,False
J15_050757_2208_XN_40N006W,0,9,solved,246015.0,76817,-4.4849,-5.3321,0.8472,0.6643,-4.4849,0.6643,-4.5016,0.0167,9,0.34378,-2.2417,-1.669,46.68,4.23,2017.394,6.61,40.88,-4078.8,122.9,True,False,False
J15_050796_2171_XN_37N351W,0,19,solved,1649390.0,443554,2.5962,4.4387,-1.8425,-2.0254,2.5962,-2.0254,2.5554,0.0408,19,0.59253,-1.8059,0.914,43.83,4.85,2017.402,-8.81,37.14,-2561.92,124.4,True,False,False
J15_050836_2207_XN_40N003W,0,16,solved,1072152.0,331882,-1.8176,-3.2111,1.3934,1.2105,-1.8176,1.2105,-1.8194,0.0017,16,0.2309,-2.1146,-0.915,45.86,5.48,2017.411,3.47,40.73,-3970.73,126.25,True,False,False
J16_050862_2196_XI_39N355W,0,22,solved,1372565.0,514294,2.8745,2.1866,0.6879,0.505,2.8745,0.505,2.8285,0.046,22,0.35276,-1.9139,0.274,43.79,5.89,2017.416,-4.73,39.68,-3101.28,123.48,True,False,False
J16_050875_2214_XN_41N348W,0,16,solved,1112586.0,167693,6.2681,7.5614,-1.2933,-1.4762,6.2681,-1.4762,6.2803,0.0122,16,0.41082,-1.9024,0.342,46.17,6.1,2017.419,-12.01,41.46,-3062.23,126.03,True,False,False
J16_050889_2223_XN_42N010W,0,29,solved,6133286.0,475559,-8.869,-7.8583,-1.0107,-1.1936,-8.869,-1.1936,-8.8812,0.0123,29,0.75687,-1.8265,0.792,46.4,6.32,2017.422,10.77,42.4,-4455.85,124.48,True,False,False
J16_050915_2157_XN_35N002W,0,9,solved,934977.0,415609,-3.5553,-3.4543,-0.101,-0.2839,-3.5553,-0.2839,-3.5767,0.0214,9,0.29831,-1.7738,1.104,40.66,6.72,2017.427,2.28,35.8,-2958.73,123.09,True,False,False
J16_050981_2219_XN_41N005W,0,4,solved,182943.0,79159,-3.4003,-4.2034,0.8031,0.6202,-3.4003,0.6202,-3.4169,0.0166,4,0.2303,-2.1361,-1.043,43.75,7.73,2017.441,5.29,41.92,-4180.13,123.02,True,False,False
J16_051060_2158_XN_35N359W,0,22,solved,765693.0,151275,-0.4838,-1.2654,0.7817,0.5988,-0.4838,0.5988,-0.5087,0.0249,22,0.19944,-1.9481,0.071,41.01,8.92,2017.46,-0.89,35.87,-2603.73,121.9,False,False,False
J16_051086_2169_XN_36N351W,0,23,solved,1809627.0,486336,2.1966,4.4849,-2.2883,-2.4712,2.1966,-2.4712,2.1241,0.0725,23,0.62035,-1.7742,1.102,40.12,9.3,2017.465,-8.94,36.94,-2536.18,126.36,True,False,False
J16_051099_2232_XN_43N344W,0,11,solved,731411.0,318853,12.2502,10.3779,1.8723,1.6894,12.2502,1.6894,12.2152,0.035,11,0.2933,-1.8988,0.363,45.06,9.5,2017.468,-15.55,43.27,-3106.95,125.54,True,False,False
J16_051100_2141_XN_34N010W,0,16,solved,637041.0,209657,-9.5555,-9.6519,0.0964,-0.0865,-9.5555,-0.0865,-9.5254,0.0302,16,0.21015,-1.9204,0.235,40.07,9.51,2017.468,10.81,34.18,-3756.67,119.04,True,False,False
J16_051126_2156_XN_35N358W,0,17,solved,931835.0,184076,-0.4181,-0.9625,0.5445,0.3616,-0.4181,0.3616,-0.4424,0.0243,17,0.22407,-1.8153,0.858,42.19,9.89,2017.474,-1.41,35.62,-2445.86,125.08,False,False,False
J16_051192_2197_XI_39N003W,0,21,solved,904731.0,202530,-1.8252,-3.4975,1.6723,1.4894,-1.8252,1.4894,-1.8284,0.0032,21,0.25451,-1.9973,-0.22,42.11,10.84,2017.487,3.59,39.78,-3807.8,119.47,True,False,False
J17_051310_2260_XI_46N345W,0,24,solved,4258074.0,265830,8.7533,10.0653,-1.312,-1.4949,8.7533,-1.4949,8.7459,0.0074,24,0.8485,-1.5134,2.647,44.87,12.48,2017.512,-14.22,46.06,-3646.37,131.98,False,False,False
J17_051324_2208_XN_40N007W,0,7,solved,129881.0,40912,-4.1655,-5.5687,1.4032,1.2203,-4.1655,1.2203,-4.1741,0.0086,7,0.36492,-2.0999,-0.828,42.19,12.67,2017.515,6.93,40.8,-4088.3,118.51,True,False,False
J18_051759_2206_XN_40N005W,0,15,solved,794562.0,449297,-1.9709,-4.3075,2.3365,2.1536,-1.9709,2.1536,-1.7361,0.2348,15,0.10955,-1.9625,-0.014,38.68,18.01,2017.608,5.05,40.67,-4024.36,127.44,True,False,False
J18_051943_2271_XN_47N347W,0,6,solved,243329.0,72487,9.2581,9.4329,-0.1748,-0.3577,9.2581,-0.3577,9.2642,0.0061,6,0.39325,-1.9598,0.002,42.0,19.89,2017.646,-12.95,47.17,-3882.78,124.97,True,False,False
J19_052088_2271_XN_47N347W,0,6,solved,254407.0,76749,10.0303,9.4466,0.5837,0.4008,10.0303,0.4008,10.038,0.0078,6,0.27858,-1.9554,0.028,40.57,21.21,2017.679,-12.97,47.17,-3880.42,124.94,True,False,False
J19_052115_2173_XN_37N001W,0,10,solved,173807.0,60996,-2.6203,-2.2482,-0.3721,-0.555,-2.6203,-0.555,-2.6402,0.0199,10,0.5667,-1.8234,0.81,38.83,21.43,2017.684,1.01,37.36,-3860.13,113.87,True,False,False
J19_052221_2147_XN_34N012W,0,4,solved,86932.0,62708,-10.4462,-10.5281,0.0819,-0.101,-10.4462,-0.101,-10.4497,0.0035,4,0.25418,-1.7712,1.119,40.37,22.27,2017.706,12.26,34.73,-3346.96,118.45,True,False,False
J19_052273_2187_XI_38N354W,0,22,solved,1203435.0,465085,2.4056,2.9018,-0.4962,-0.6791,2.4056,-0.6791,2.3916,0.0139,22,0.50181,-1.7246,1.395,39.79,22.65,2017.717,-6.08,38.7,-2698.35,126.48,True,False,False
J19_052339_2276_XN_47N357W,0,4,solved,51323.0,39867,1.7203,2.0977,-0.3774,-0.5603,1.7203,-0.5603,1.7271,0.0068,4,0.59415,-2.1795,-1.3,41.45,23.09,2017.731,-2.1,47.66,-4371.23,133.66,True,False,False
J20_052418_2249_XI_44N354W,0,24,solved,3923081.0,259488,0.8438,3.5821,-2.7383,-2.9212,0.8438,-2.9212,0.8435,0.0003,24,0.88853,-1.5417,2.48,40.29,23.58,2017.747,-5.12,44.93,-4018.05,122.22,False,False,False
J20_052523_2243_XN_44N341W,0,7,solved,152090.0,52274,17.5256,12.8357,4.6899,4.507,17.5256,4.507,17.5587,0.0331,7,0.5969,-1.8417,0.702,40.4,24.14,2017.772,-18.78,44.4,-3660.41,123.62,True,False,False
J20_052550_2233_XI_43N359W,0,10,solved,381408.0,234203,1.4901,0.0877,1.4024,1.2195,1.4901,1.2195,1.5621,0.072,10,0.47276,-2.109,-0.882,39.35,24.27,2017.778,-0.51,43.38,-4004.8,125.64,True,False,False
J20_052589_2280_XN_48N344W,0,4,solved,54310.0,42577,11.0826,11.4453,-0.3627,-0.5456,11.0826,-0.5456,11.0786,0.0039,4,0.69329,-1.9721,-0.071,40.97,24.45,2017.786,-15.59,48.11,-3910.77,119.5,True,False,False
J20_052642_2151_XN_35N350W,0,11,solved,282741.0,86121,2.9852,4.5048,-1.5196,-1.7025,2.9852,-1.7025,3.0033,0.0181,11,0.28262,-1.8607,0.589,38.22,24.66,2017.797,-9.53,35.15,-2403.16,134.08,True,False,False
J20_052761_2168_XN_36N359W,0,14,solved,248285.0,39159,-0.4526,-1.1916,0.739,0.5561,-0.4526,0.5561,-0.4609,0.0083,14,0.23777,-1.8532,0.634,38.86,25.06,2017.821,-0.7,36.82,-2751.81,132.7,False,False,False
J21_052814_2224_XI_42N010W,0,43,solved,6625358.0,649589,-8.3081,-7.7198,-0.5883,-0.7712,-8.3081,-0.7712,-8.2445,0.0636,43,0.68051,-2.2095,-1.477,37.08,25.19,2017.832,10.59,42.47,-4455.58,124.27,True,False,False
J21_052906_2233_XI_43N359W,0,7,solved,29635.0,117318,1.3592,0.4237,0.9355,0.7526,1.3592,0.7526,1.3712,0.012,7,0.59239,-2.0853,-0.742,39.93,25.36,2017.851,-1.0,43.38,-3977.68,123.34,True,False,False
J21_052946_2164_XI_36N010W,0,32,solved,1358749.0,378559,-9.423,-8.6323,-0.7907,-0.9736,-9.423,-0.9736,-9.4541,0.0311,32,0.43482,-1.9229,0.22,39.41,25.4,2017.862,10.05,36.5,-3783.24,122.48,True,False,False
J21_052972_2262_XI_46N001W,0,9,solved,681874.0,442887,-0.4518,-0.308,-0.1438,-0.3267,-0.4518,-0.3267,-0.6375,0.1857,9,0.47438,-2.149,-1.119,40.89,25.43,2017.868,0.96,46.23,-4238.37,122.87,False,False,False
J21_052998_2173_XI_37N349W,0,14,solved,1194792.0,418494,3.7855,5.974,-2.1885,-2.3714,3.7855,-2.3714,3.9113,0.1257,14,0.4451,-1.7507,1.241,40.26,25.44,2017.873,-10.98,37.36,-2223.89,123.93,True,False,False
J21_053091_2212_XN_41N009W,0,18,solved,523643.0,65038,-8.2288,-7.4745,-0.7543,-0.9372,-8.2288,-0.9372,-8.2248,0.004,18,0.75856,-2.2398,-1.657,39.89,25.45,2017.893,9.85,41.25,-4387.1,128.42,True,False,False
J21_053104_2193_XI_39N003W,0,13,solved,611950.0,163975,-2.558,-3.6704,1.1124,0.9295,-2.558,0.9295,-2.5564,0.0016,13,0.35834,-2.0403,-0.475,40.34,25.44,2017.895,3.72,39.39,-3739.01,119.34,True,False,False
J21_053130_2137_XI_33N352W,0,11,solved,547864.0,243952,3.474,3.0755,0.3985,0.2156,3.474,0.2156,3.4555,0.0185,11,0.19476,-1.7796,1.069,40.98,25.42,2017.901,-7.9,33.7,-2138.19,125.27,True,False,False
J22_053209_2148_XN_34N350W,0,10,solved,112700.0,37895,3.2563,4.5973,-1.341,-1.5239,3.2563,-1.5239,3.2583,0.002,10,0.37683,-1.8198,0.831,40.26,25.33,2017.917,-9.74,34.91,-2148.88,131.03,True,False,False
J22_053236_2191_XN_39N008W,0,7,solved,60459.0,22568,-8.0012,-6.9108,-1.0904,-1.2733,-8.0012,-1.2733,-8.0044,0.0032,7,0.55171,-2.023,-0.372,40.14,25.28,2017.923,8.37,39.15,-4085.6,127.05,True,False,False
J22_053275_2120_XI_32N349W,0,4,solved,90464.0,92455,5.5978,4.653,0.9447,0.7618,5.5978,0.7618,5.3676,0.2301,4,0.05181,-1.5387,2.497,42.77,25.2,2017.931,-10.73,32.01,-2202.09,107.16,False,False,False
J22_053302_2193_XI_39N011W,0,18,solved,588652.0,155989,-9.6982,-8.8064,-0.8919,-1.0748,-9.6982,-1.0748,-9.7316,0.0333,18,0.5922,-2.2046,-1.449,39.74,25.14,2017.936,11.2,39.36,-4255.76,120.4,True,False,False
J22_053499_2170_XI_37N348W,0,10,solved,328797.0,173989,3.9104,6.5709,-2.6605,-2.8434,3.9104,-2.8434,4.1258,0.2154,10,0.37239,-1.7967,0.968,41.44,24.45,2017.98,-11.96,37.01,-2050.41,119.47,True,False,False
K01_053605_2186_XI_38N002W,0,8,solved,90696.0,35863,-2.5738,-2.8942,0.3204,0.1375,-2.5738,0.1375,-2.5807,0.0069,8,0.4318,-1.9065,0.318,41.94,23.92,2018.003,2.35,38.63,-3620.77,130.43,True,False,False
K01_053658_2213_XN_41N010W,0,20,solved,478798.0,65188,-8.2134,-7.5212,-0.6922,-0.8751,-8.2134,-0.8751,-8.2122,0.0011,20,0.74946,-2.2454,-1.69,42.33,23.61,2018.014,9.94,41.32,-4406.93,127.17,True,False,False
K01_053671_2266_XN_46N006W,0,5,solved,97534.0,96516,-3.6854,-3.8613,0.1759,-0.007,-3.6854,-0.007,-3.6656,0.0198,5,0.70497,-2.2971,-1.997,42.97,23.53,2018.016,6.27,46.64,-4501.08,124.49,True,False,False
K01_053697_2201_XI_40N356W,0,9,solved,263820.0,74894,1.7276,1.8306,-0.103,-0.2859,1.7276,-0.2859,1.7247,0.0029,9,0.42794,-1.9612,-0.007,41.39,23.37,2018.022,-4.07,40.13,-3587.36,135.37,True,False,False
K01_053723_2261_XI_46N345W,0,24,solved,4267838.0,265406,8.6228,10.067,-1.4443,-1.6272,8.6228,-1.6272,8.6099,0.0128,24,0.86335,-1.4456,3.049,43.22,23.2,2018.027,-14.21,46.1,-3667.47,130.65,False,False,False
K01_053737_2246_XI_44N005W,0,9,solved,497782.0,207592,-3.1984,-3.7617,0.5632,0.3803,-3.1984,0.3803,-3.2435,0.045,9,0.82923,-2.1328,-1.023,44.57,23.1,2018.03,5.52,44.71,-4338.44,122.65,True,False,False
K01_053763_2156_XN_35N356W,0,4,solved,27436.0,29638,1.0052,0.8084,0.1967,0.0138,1.0052,0.0138,1.02,0.0149,4,0.25352,-1.7221,1.411,42.31,22.92,2018.036,-3.98,35.66,-2278.17,126.18,True,False,False
K01_053763_2246_XN_44N357W,0,5,solved,30908.0,24905,1.5286,1.6181,-0.0895,-0.2724,1.5286,-0.2724,1.537,0.0084,5,0.78713,-2.2076,-1.466,43.16,22.92,2018.036,-2.35,44.63,-4229.74,116.06,True,False,False
K01_053803_2165_XI_36N010W,0,33,solved,1485424.0,411365,-9.8206,-8.6233,-1.1973,-1.3802,-9.8206,-1.3802,-9.8624,0.0418,33,0.49185,-1.9949,-0.206,41.12,22.63,2018.044,10.04,36.51,-3788.74,122.71,True,False,False
K01_053816_2154_XN_35N002W,0,5,solved,32043.0,16083,-3.553,-3.7991,0.2461,0.0632,-3.553,0.0632,-3.5589,0.0059,5,0.17774,-1.6958,1.566,42.84,22.53,2018.047,2.67,35.44,-2797.38,119.01,True,False,False
K01_053869_2266_XN_46N011W,0,14,solved,406227.0,35995,-10.1964,-7.633,-2.5634,-2.7463,-10.1964,-2.7463,-10.1988,0.0024,14,0.50904,-2.1957,-1.396,44.47,22.11,2018.06,11.77,46.64,-4667.4,144.95,True,False,False
K01_053961_2233_XN_43N003W,0,16,solved,1401927.0,493016,-2.2709,-2.3734,0.1025,-0.0804,-2.2709,-0.0804,-2.3791,0.1082,16,0.49721,-2.1931,-1.38,44.37,21.32,2018.079,3.06,43.32,-4131.08,125.82,True,False,False
K01_053974_2284_XN_48N358W,0,3,solved,55841.0,78614,1.0813,1.7167,-0.6354,-0.8183,1.0813,-0.8183,1.0825,0.0012,3,0.63672,-2.2532,-1.736,45.81,21.21,2018.082,-1.3,48.44,-4333.75,121.03,True,False,False
K02_053987_2264_XI_46N354W,0,4,solved,177643.0,82931,1.6816,4.366,-2.6844,-2.8673,1.6816,-2.8673,1.7235,0.0419,4,0.79161,-2.1996,-1.419,44.78,21.09,2018.085,-5.79,46.44,-4165.27,116.64,True,False,False
K02_054000_2257_XN_45N347W,0,10,solved,181512.0,91528,7.3533,8.8012,-1.4479,-1.6308,7.3533,-1.6308,7.4084,0.0551,10,0.48436,-2.0156,-0.328,45.67,20.97,2018.088,-12.48,45.73,-3692.0,128.77,True,False,False
K02_054014_2140_XI_34N011W,0,17,solved,590654.0,220450,-10.9418,-9.97,-0.9717,-1.1546,-10.9418,-1.1546,-10.952,0.0102,17,0.38106,-2.0189,-0.348,41.54,20.83,2018.09,11.23,34.04,-3761.95,126.78,True,False,False
K02_054080_2158_XI_35N010W,0,13,solved,216244.0,59679,-9.5357,-8.9974,-0.5383,-0.7212,-9.5357,-0.7212,-9.5298,0.0059,13,0.37689,-1.9451,0.089,44.57,20.19,2018.104,10.36,35.79,-3706.95,146.3,True,False,False
K02_054159_2164_XI_36N007W,0,13,solved,336262.0,68599,-7.9785,-7.0979,-0.8806,-1.0635,-7.9785,-1.0635,-7.9734,0.0051,13,0.42612,-1.9464,0.081,44.81,19.36,2018.12,7.8,36.46,-3713.23,137.25,True,False,False
K03_054449_2299_XN_49N007W,0,4,solved,461758.0,350332,-3.6808,-3.7051,0.0243,-0.1586,-3.6808,-0.1586,-3.6955,0.0147,4,0.45262,-2.3252,-2.163,51.14,15.84,2018.183,7.07,49.92,-4561.58,124.4,False,False,False
K03_054514_2235_XN_43N340W,0,7,solved,707586.0,492930,16.8898,13.067,3.8227,3.6398,16.8898,3.6398,17.0037,0.1139,7,0.6208,-1.9663,-0.037,49.8,14.95,2018.197,-19.39,43.53,-3277.18,122.2,True,False,False
K03_054541_2273_XN_47N358W,0,4,solved,52767.0,40861,0.1011,1.8275,-1.7264,-1.9093,0.1011,-1.9093,0.1841,0.083,4,0.60939,-2.2318,-1.61,51.44,14.57,2018.203,-1.8,47.36,-4284.85,113.54,False,False,False
K03_054620_2250_XN_45N354W,0,25,solved,3427415.0,256441,2.8225,3.6825,-0.8599,-1.0428,2.8225,-1.0428,2.8248,0.0023,25,0.59904,-2.1856,-1.336,51.55,13.44,2018.219,-5.21,45.11,-4040.44,125.15,True,False,False
K03_054633_2211_XN_41N349W,0,11,solved,466168.0,136700,3.0011,6.7657,-3.7646,-3.9475,3.0011,-3.9475,3.1452,0.1441,11,0.77767,-1.9178,0.251,50.52,13.24,2018.222,-10.95,41.14,-2869.83,126.96,True,False,False
K03_054659_2256_XN_45N339W,0,6,solved,579150.0,483802,20.7959,14.2658,6.5301,6.3472,20.7959,6.3472,20.7034,0.0924,6,0.56912,-1.9335,0.158,52.25,12.86,2018.227,-20.48,45.63,-3833.42,112.97,True,False,False
K03_054660_2181_XN_38N005W,0,19,solved,851675.0,441260,-4.4761,-5.2304,0.7543,0.5714,-4.4761,0.5714,-4.5205,0.0444,19,0.27485,-1.9998,-0.235,50.14,12.84,2018.227,5.6,38.13,-3725.2,124.93,True,False,False
K03_054673_2205_XN_40N000W,0,10,solved,430596.0,202136,-0.5779,-1.4646,0.8868,0.7039,-0.5779,0.7039,-0.5801,0.0022,10,0.42622,-2.1472,-1.109,50.92,12.65,2018.23,0.87,40.56,-3749.45,125.72,False,False,False
K03_054686_2237_XN_43N356W,0,14,solved,510123.0,262840,2.6797,2.3496,0.33,0.1471,2.6797,0.1471,2.7658,0.0861,14,0.49314,-2.1743,-1.269,52.02,12.45,2018.233,-3.68,43.79,-3992.71,123.79,True,False,False
K03_054699_2219_XN_41N351W,0,15,solved,1034481.0,296389,5.0923,5.5545,-0.4622,-0.6451,5.0923,-0.6451,5.0361,0.0562,15,0.54244,-1.9868,-0.158,51.52,12.25,2018.235,-8.93,41.95,-3338.42,126.72,True,False,False
K03_054725_2281_XN_48N341W,0,5,solved,341785.0,243752,17.4442,13.2621,4.1821,3.9992,17.4442,3.9992,17.3204,0.1238,5,0.44336,-2.0044,-0.262,54.02,11.85,2018.241,-18.23,48.14,-3826.88,121.63,True,False,False
K04_054752_2182_XN_38N357W,0,8,solved,107756.0,61584,-0.4793,0.5211,-1.0004,-1.1833,-0.4793,-1.1833,-0.4975,0.0182,8,0.6922,-1.8277,0.785,51.27,11.43,2018.246,-2.74,38.28,-2498.42,116.41,False,False,False
K04_054765_2209_XN_40N352W,0,10,solved,307827.0,64468,3.2688,4.3084,-1.0396,-1.2225,3.2688,-1.2225,3.2649,0.0039,10,0.56939,-1.9369,0.137,52.17,11.22,2018.249,-7.42,40.97,-3239.84,127.7,True,False,False
K04_054831_2171_XN_37N353W,0,7,solved,175606.0,69051,1.5182,2.6574,-1.1392,-1.3221,1.5182,-1.3221,1.5196,0.0014,7,0.57483,-1.7786,1.076,51.95,10.17,2018.263,-6.2,37.18,-2134.06,113.12,True,False,False
K04_054870_2270_XN_47N340W,0,5,solved,169464.0,72311,20.115,14.2031,5.9119,5.729,20.115,5.729,20.155,0.04,5,0.5457,-1.9589,0.007,55.66,9.53,2018.274,-19.95,47.03,-3713.42,129.32,True,False,False
K04_054871_2244_XN_44N006W,0,11,solved,297524.0,68822,-3.6398,-4.748,1.1082,0.9253,-3.6398,0.9253,-3.6377,0.0021,11,0.75496,-2.2456,-1.692,54.75,9.52,2018.274,6.88,44.46,-4375.07,136.9,True,False,False
K04_054910_2218_XN_41N351W,0,15,solved,1364139.0,299192,4.7997,5.365,-0.5654,-0.7483,4.7997,-0.7483,4.6955,0.1041,15,0.55512,-2.0127,-0.312,54.31,8.87,2018.282,-8.66,41.93,-3364.89,126.23,True,False,False
K04_054923_2229_XN_42N346W,0,13,solved,551017.0,243535,9.0386,9.061,-0.0224,-0.2053,9.0386,-0.2053,9.0683,0.0296,13,0.37684,-1.9878,-0.164,54.92,8.65,2018.285,-13.73,42.95,-3072.59,122.75,True,False,False
K04_054924_2132_XN_33N012W,0,4,solved,141260.0,147336,-10.8339,-10.7317,-0.1023,-0.2852,-10.8339,-0.2852,-10.8306,0.0034,4,0.25402,-2.1419,-1.077,52.11,8.63,2018.285,12.09,33.24,-3433.21,130.9,True,False,False
K04_054950_2213_XN_41N003W,0,13,solved,309714.0,112430,-2.0699,-2.7859,0.7161,0.5332,-2.0699,0.5332,-2.0792,0.0093,13,0.27756,-2.206,-1.457,54.8,8.2,2018.29,3.06,41.4,-3882.91,125.37,True,False,False
K04_054963_2209_XN_40N358W,0,9,solved,402302.0,277050,1.2739,0.658,0.6158,0.4329,1.2739,0.4329,1.3687,0.0948,9,0.59281,-2.0523,-0.546,54.83,7.97,2018.293,-2.1,40.96,-3591.73,125.28,True,False,False
K04_054976_2210_XN_41N352W,0,13,solved,317304.0,64474,2.8944,4.1477,-1.2534,-1.4363,2.8944,-1.4363,2.8042,0.0902,13,0.60932,-1.9863,-0.155,55.01,7.75,2018.296,-7.17,41.02,-3235.22,127.04,True,False,False
K04_054989_2269_XN_46N348W,0,9,solved,378310.0,134172,6.3236,8.2584,-1.9348,-2.1177,6.3236,-2.1177,6.2546,0.0691,9,0.42625,-2.0855,-0.743,57.39,7.53,2018.298,-11.3,46.97,-3988.42,124.66,True,False,False
K04_055003_2231_XN_43N010W,0,5,solved,136323.0,50647,-6.4816,-7.3157,0.834,0.6511,-6.4816,0.6511,-6.4932,0.0115,5,0.65839,-2.2769,-1.877,56.16,7.29,2018.301,10.22,43.17,-4527.55,127.25,True,False,False
K04_055016_2123_XN_32N003W,0,9,solved,317381.0,177449,-3.8835,-5.0254,1.1419,0.959,-3.8835,0.959,-3.8693,0.0142,9,0.09471,-1.8313,0.763,53.0,7.06,2018.304,3.49,32.35,-2340.68,129.39,True,False,False
K04_055029_2115_XN_31N358W,0,4,solved,220453.0,287863,-1.6165,-1.6288,0.0123,-0.1706,-1.6165,-0.1706,-1.4082,0.2082,4,0.20778,-2.0406,-0.477,52.96,6.84,2018.307,-1.72,31.53,-2343.85,123.77,True,False,False
K04_055042_2186_XN_38N354W,0,6,solved,129699.0,61876,1.5869,2.6921,-1.1052,-1.2881,1.5869,-1.2881,1.5965,0.0096,6,0.62625,-1.8902,0.414,55.13,6.61,2018.309,-5.79,38.65,-3002.31,129.52,True,False,False
K04_055068_2264_XN_46N345W,0,25,solved,1927659.0,348925,9.0457,10.5168,-1.4711,-1.654,9.0457,-1.654,9.0888,0.0431,25,0.85795,-1.5358,2.514,58.38,6.16,2018.315,-14.75,46.47,-3674.32,121.75,False,False,False
K04_055069_2208_XN_40N011W,0,4,solved,149608.0,64388,-8.685,-8.7631,0.0781,-0.1048,-8.685,-0.1048,-8.671,0.014,4,0.60371,-2.2522,-1.731,56.27,6.14,2018.315,11.61,40.87,-4418.03,125.73,True,False,False
K04_055095_2156_XN_35N000W,0,16,solved,656501.0,305208,-1.1196,-2.3216,1.202,1.0191,-1.1196,1.0191,-1.0987,0.0209,16,0.23159,-2.1422,-1.079,54.93,5.68,2018.32,0.6,35.71,-3119.46,129.23,True,False,False
K04_055121_2218_XN_41N351W,0,16,solved,998343.0,249702,4.6106,5.242,-0.6314,-0.8143,4.6106,-0.8143,4.5228,0.0878,16,0.54786,-2.0539,-0.556,57.27,5.22,2018.326,-8.49,41.9,-3370.08,124.74,True,False,False
K05_055214_2153_XI_35N009W,0,25,solved,1994820.0,430048,-8.7098,-8.1225,-0.5874,-0.7703,-8.7098,-0.7703,-8.6665,0.0434,25,0.26414,-1.9458,0.085,56.5,3.53,2018.345,8.94,35.33,-3339.32,126.65,True,False,False
K05_055227_2175_XN_37N004W,0,22,solved,1049755.0,445373,-3.7536,-4.473,0.7193,0.5364,-3.7536,0.5364,-3.6791,0.0745,22,0.38685,-1.9458,0.085,57.32,3.3,2018.348,4.32,37.57,-3477.31,129.08,True,False,False
K05_055253_2256_XN_45N355W,0,25,solved,2445395.0,242312,4.4526,3.4921,0.9605,0.7776,4.4526,0.7776,4.4719,0.0193,25,0.32237,-2.1426,-1.081,61.0,2.82,2018.353,-4.76,45.66,-4081.21,126.12,True,False,False
K05_055266_2219_XN_41N349W,0,15,solved,1027288.0,320030,5.4045,6.7971,-1.3925,-1.5754,5.4045,-1.5754,5.4021,0.0024,15,0.36558,-1.9928,-0.194,59.82,2.58,2018.356,-10.72,42.02,-3084.0,125.77,True,False,False
K05_055280_2134_XN_33N010W,0,22,solved,1032656.0,418892,-9.4106,-9.6464,0.2357,0.0528,-9.4106,0.0528,-9.3622,0.0484,22,0.19602,-1.9432,0.1,56.61,2.32,2018.359,10.57,33.44,-3559.31,124.61,True,False,False
K05_055306_2200_XN_40N001W,0,11,solved,318022.0,196026,-0.7828,-1.8665,1.0837,0.9008,-0.7828,0.9008,-0.6403,0.1425,11,0.29961,-2.1911,-1.369,59.35,1.84,2018.364,1.29,40.03,-3671.06,126.52,False,False,False
K05_055332_2130_XI_33N350W,0,9,solved,218915.0,105769,2.6496,3.9006,-1.251,-1.4339,2.6496,-1.4339,2.604,0.0456,9,0.39164,-1.8998,0.358,56.63,1.35,2018.372,-9.31,33.04,-2151.48,114.49,True,False,False
K05_055411_2216_XN_41N349W,0,17,solved,1005548.0,331728,4.9331,6.7565,-1.8235,-2.0064,4.9331,-2.0064,4.9624,0.0293,17,0.42363,-2.0243,-0.38,60.68,-0.14,2018.389,-10.78,41.64,-2980.41,125.56,True,False,False
K05_055438_2243_XN_44N005W,0,6,solved,170433.0,69189,-0.4061,-4.0267,3.6207,3.4378,-0.4061,3.4378,-0.425,0.0189,6,0.40409,-2.2106,-1.484,62.9,-0.65,2018.394,5.8,44.37,-4315.26,118.02,False,False,False
K05_055451_2172_XN_37N358W,0,13,solved,619406.0,78733,-0.4194,-0.542,0.1226,-0.0603,-0.4194,-0.0603,-0.4322,0.0128,13,0.43018,-1.9021,0.344,60.74,-0.9,2018.397,-1.5,37.29,-2727.2,137.84,False,False,False
K05_055464_2168_XN_36N353W,0,21,solved,1008342.0,331203,2.099,2.9616,-0.8625,-1.0454,2.099,-1.0454,2.1702,0.0712,21,0.60414,-1.8836,0.453,60.79,-1.14,2018.4,-6.75,36.84,-2332.75,123.67,True,False,False
K05_055477_2183_XI_38N348W,0,17,solved,388251.0,186205,2.9211,6.4319,-3.5108,-3.6937,2.9211,-3.6937,2.9694,0.0483,17,0.67907,-1.9331,0.16,61.35,-1.39,2018.402,-11.35,38.31,-2262.84,124.67,True,False,False
K05_055517_2171_XN_37N001W,0,9,solved,140406.0,39365,-0.9589,-2.2479,1.289,1.1061,-0.9589,1.1061,-0.9596,0.0007,9,0.32717,-1.9372,0.136,61.03,-2.15,2018.411,0.95,37.17,-4007.57,130.76,False,False,False
K06_055543_2212_XN_41N350W,0,15,solved,722093.0,288075,5.8782,5.6137,0.2645,0.0816,5.8782,0.0816,5.7863,0.0919,15,0.3591,-1.9914,-0.185,63.58,-2.65,2018.416,-9.22,41.3,-3180.12,127.44,True,False,False
K08_056559_2139_XN_33N001W,0,14,solved,447709.0,218444,-3.8434,-3.3675,-0.4759,-0.6588,-3.8434,-0.6588,-3.8976,0.0542,14,0.23056,-1.736,1.328,69.56,-20.39,2018.632,1.58,33.97,-2554.35,122.92,True,False,False
K11_057786_2188_XN_38N011W,0,9,solved,153184.0,33514,-8.6012,-8.7886,0.1874,0.0045,-8.6012,0.0045,-8.6044,0.0032,9,0.36773,-2.035,-0.444,68.52,-23.12,2018.895,11.03,38.9,-4166.51,120.53,True,False,False
P01_001334_2213_XI_41N348W,0,13,solved,986637.0,148854,5.7636,7.5703,-1.8066,-1.9895,5.7636,-1.9895,5.7722,0.0086,13,0.50246,-1.8631,0.575,48.09,18.55,2006.851,-12.07,41.31,-3062.23,129.03,True,False,False
P01_001414_2164_XI_36N008W,0,15,solved,296128.0,59661,-8.1492,-7.8184,-0.3308,-0.5137,-8.1492,-0.5137,-8.168,0.0188,15,0.45776,-1.8546,0.626,48.7,17.6,2006.868,8.86,36.49,-3652.65,124.48,True,False,False
P01_001440_2174_XI_37N358W,0,14,solved,752236.0,103735,-0.9562,-0.5278,-0.4284,-0.6113,-0.9562,-0.6113,-0.9491,0.0071,14,0.56946,-1.7981,0.96,48.85,17.28,2006.873,-1.48,37.42,-2689.89,130.26,False,False,False
P01_001466_2215_XI_41N348W,0,13,solved,972073.0,147957,5.2655,7.5681,-2.3027,-2.4856,5.2655,-2.4856,5.2722,0.0068,13,0.5798,-1.8676,0.548,50.0,16.95,2006.879,-12.07,41.3,-3064.55,130.78,True,False,False
P02_001810_2175_XI_37N012W,0,10,solved,125474.0,61056,-10.7765,-9.7649,-1.0116,-1.1945,-10.7765,-1.1945,-10.8869,0.1104,10,0.79417,-2.0689,-0.645,52.86,12.13,2006.953,12.04,37.58,-4126.65,104.63,True,False,False
P02_001928_2264_XI_46N354W,0,4,solved,162575.0,72625,3.185,4.3613,-1.1763,-1.3592,3.185,-1.3592,3.2203,0.0353,4,0.61335,-2.1519,-1.136,57.26,10.26,2006.977,-5.78,46.45,-4165.24,114.01,True,False,False
P02_001968_2164_XI_36N008W,0,18,solved,450567.0,79204,-7.7866,-7.7948,0.0083,-0.1746,-7.7866,-0.1746,-7.76,0.0266,18,0.4122,-1.8473,0.669,52.01,9.61,2006.986,8.81,36.44,-3582.92,124.56,True,False,False
P02_001994_2143_XI_34N355W,0,8,solved,124911.0,83678,0.7469,0.7803,-0.0334,-0.2163,0.7469,-0.2163,0.7717,0.0248,8,0.27029,-2.0276,-0.4,53.94,9.18,2006.991,-4.34,34.38,-2504.0,129.76,False,False,False
P03_002100_2223_XN_42N010W,0,30,solved,1774933.0,284105,-7.6622,-7.5171,-0.1451,-0.328,-7.6622,-0.328,-7.6306,0.0316,30,0.68969,-2.279,-1.889,57.82,7.39,2007.016,10.26,42.36,-4487.08,124.89,True,False,False
P03_002139_2209_XN_40N354W,0,17,solved,553554.0,212239,2.4658,2.7749,-0.3091,-0.492,2.4658,-0.492,2.4211,0.0447,17,0.49433,-2.0072,-0.279,57.92,6.71,2007.025,-5.19,40.95,-3387.0,122.93,True,False,False
P03_002166_2204_XN_40N011W,0,13,solved,370551.0,128122,-10.0091,-9.0243,-0.9848,-1.1677,-10.0091,-1.1677,-10.0095,0.0004,13,0.70033,-2.286,-1.931,58.14,6.24,2007.03,11.85,40.42,-4361.67,115.79,True,False,False
P03_002271_2135_XN_33N357W,0,5,solved,121640.0,65686,-0.4276,-0.6238,0.1963,0.0134,-0.4276,0.0134,-0.4259,0.0016,5,0.17304,-1.9688,-0.052,57.58,4.37,2007.052,-2.54,33.59,-2452.76,124.08,False,False,False
P03_002284_2181_XN_38N353W,0,10,solved,257491.0,96679,1.8332,3.378,-1.5448,-1.7277,1.8332,-1.7277,1.822,0.0112,10,0.57897,-1.8929,0.398,59.05,4.13,2007.055,-6.95,38.14,-2650.63,128.01,True,False,False
P04_002508_2218_XI_41N348W,0,23,solved,1131557.0,291016,5.7546,7.1831,-1.4285,-1.6114,5.7546,-1.6114,5.649,0.1056,23,0.47548,-2.0464,-0.511,63.78,-0.03,2007.101,-11.33,41.87,-3093.21,124.37,True,False,False
P04_002587_2231_XN_43N346W,0,9,solved,646951.0,373571,9.2973,9.2454,0.0519,-0.131,9.2973,-0.131,9.3692,0.0719,9,0.44413,-2.0571,-0.575,65.24,-1.53,2007.12,-13.93,43.17,-3323.49,126.07,True,False,False
P04_002719_2143_XN_34N348W,0,5,solved,148875.0,99173,3.9301,5.6294,-1.6994,-1.8823,3.9301,-1.8823,3.9397,0.0096,5,0.30709,-2.0179,-0.342,63.51,-4.06,2007.148,-11.43,34.32,-1883.84,123.46,True,False,False
P04_002746_2208_XI_40N006W,0,9,solved,228881.0,64443,-2.7991,-5.4213,2.6222,2.4393,-2.7991,2.4393,-2.8087,0.0096,9,0.14219,-2.1508,-1.13,66.53,-4.58,2007.153,6.74,40.88,-4077.89,118.78,True,False,False
P05_003089_2211_XN_41N011W,0,32,solved,4066967.0,473995,-6.1458,-8.2554,2.1097,1.9268,-6.1458,1.9268,-6.1657,0.02,32,0.17082,-1.9992,-0.231,71.24,-11.09,2007.227,10.97,41.19,-4418.99,124.15,True,False,False
P06_003234_2212_XN_41N009W,0,22,solved,882176.0,129934,-5.5045,-7.2229,1.7184,1.5355,-5.5045,1.5355,-5.5122,0.0077,22,0.23041,-2.1401,-1.067,72.93,-13.71,2007.257,9.48,41.24,-4326.67,128.44,True,False,False
P06_003247_2161_XN_36N003W,0,9,solved,141852.0,76784,-2.1392,-4.2865,2.1472,1.9643,-2.1392,1.9643,-2.1349,0.0043,9,0.08509,-1.9556,0.027,70.33,-13.93,2007.26,3.6,36.14,-3133.16,118.94,True,False,False
P06_003445_2163_XI_36N009W,0,25,solved,1489963.0,258320,-7.0502,-8.2436,1.1934,1.0105,-7.0502,1.0105,-7.0354,0.0149,25,0.14049,-2.0315,-0.423,71.83,-17.25,2007.301,9.43,36.33,-3597.01,126.8,True,False,False
P13_005950_2100_XN_30N357W,0,4,solved,119314.0,402960,-2.1961,-1.5876,-0.6084,-0.7913,-2.1961,-0.7913,-2.248,0.0519,4,0.24541,-1.8279,0.783,48.91,-7.99,2007.838,-2.25,30.03,-2329.84,134.19,True,False,False
P13_006135_2174_XN_37N010W,0,42,solved,2048575.0,446636,-8.21,-8.4444,0.2344,0.0515,-8.21,0.0515,-8.2208,0.0108,42,0.33498,-1.8864,0.437,51.85,-4.83,2007.876,10.08,37.47,-3935.33,126.01,True,False,False
P13_006174_2196_XN_39N355W,0,23,solved,1247344.0,461705,3.9383,2.1866,1.7517,1.5688,3.9383,1.5688,3.9552,0.0169,23,0.21739,-1.8705,0.531,52.93,-4.16,2007.884,-4.73,39.68,-3073.91,123.54,True,False,False
P13_006201_2100_XN_30N011W,0,6,solved,56324.0,401928,-11.5693,-10.7159,-0.8534,-1.0363,-11.5693,-1.0363,-11.7085,0.1392,6,0.23632,-1.9088,0.304,46.27,-3.7,2007.89,11.08,30.09,-3319.9,98.47,True,False,False
P13_006253_2192_XN_39N352W,0,20,solved,1473649.0,367089,4.4471,4.2149,0.2322,0.0493,4.4471,0.0493,4.3275,0.1196,20,0.37323,-1.8281,0.782,51.71,-2.81,2007.901,-7.81,39.29,-2785.48,122.16,True,False,False
P13_006279_2234_XN_43N342W,0,5,solved,167783.0,385038,14.9848,11.5917,3.393,3.2101,14.9848,3.2101,14.9895,0.0047,5,0.30889,-1.9369,0.138,54.28,-2.37,2007.906,-17.27,43.43,-3493.37,126.54,True,False,False
P14_006464_2163_XI_36N352W,0,7,solved,97505.0,29869,2.4931,3.2338,-0.7408,-0.9237,2.4931,-0.9237,2.5139,0.0208,7,0.43357,-1.8756,0.501,47.57,0.75,2007.947,-7.31,36.32,-2250.18,135.97,True,False,False
P14_006464_2214_XN_41N353W,0,13,solved,751435.0,204284,4.8834,3.8051,1.0783,0.8954,4.8834,0.8954,4.8802,0.0032,13,0.29242,-1.8822,0.462,50.85,0.75,2007.947,-6.52,41.5,-3455.58,123.19,True,False,False
P14_006477_2172_XN_37N347W,0,4,solved,152598.0,129322,2.5697,6.7917,-4.222,-4.4049,2.5697,-4.4049,2.444,0.1258,4,0.54977,-1.8354,0.739,48.01,0.96,2007.95,-12.21,37.24,-2323.6,119.49,True,False,False
P14_006570_2241_XN_44N008W,0,7,solved,73469.0,244600,-4.8945,-5.6718,0.7774,0.5945,-4.8945,0.5945,-4.837,0.0575,7,0.51168,-2.1919,-1.374,51.46,2.5,2007.969,8.13,44.15,-4366.51,125.37,True,False,False
P14_006622_2219_XI_41N348W,0,16,solved,628224.0,94237,6.8264,7.6148,-0.7884,-0.9713,6.8264,-0.9713,6.7971,0.0293,16,0.33992,-1.8962,0.379,49.25,3.35,2007.98,-11.95,41.9,-3256.09,136.76,True,False,False
P14_006635_2267_XN_46N343W,0,8,solved,82311.0,154897,15.0949,11.8662,3.2287,3.0458,15.0949,3.0458,15.1431,0.0482,8,0.43048,-1.9084,0.306,52.45,3.56,2007.983,-16.63,46.75,-3752.04,124.01,True,False,False
P14_006636_2258_XI_45N011W,0,5,solved,81370.0,71217,-6.6596,-7.2563,0.5967,0.4138,-6.6596,0.4138,-6.6433,0.0162,5,0.54989,-2.2361,-1.635,51.63,3.57,2007.983,10.97,45.84,-4543.12,129.61,True,False,False
P14_006649_2232_XI_43N005W,0,9,solved,124094.0,116103,-2.8461,-3.9314,1.0853,0.9024,-2.8461,0.9024,-2.8125,0.0336,9,0.24051,-2.1344,-1.033,49.92,3.78,2007.986,5.31,43.25,-4236.28,130.65,True,False,False
P14_006688_2144_XI_34N347W,0,10,solved,557420.0,298413,3.6329,6.2467,-2.6138,-2.7967,3.6329,-2.7967,3.6692,0.0363,10,0.35158,-1.8121,0.877,45.28,4.41,2007.994,-12.28,34.48,-2168.4,126.24,True,False,False
P14_006701_2263_XI_46N344W,0,11,solved,716442.0,308705,11.6351,10.7611,0.874,0.6911,11.6351,0.6911,11.7024,0.0673,11,0.56171,-1.9575,0.016,51.74,4.62,2007.997,-15.15,46.33,-3687.07,122.6,True,False,False
P14_006702_2217_XN_41N011W,0,6,solved,247397.0,187970,-9.3086,-8.7724,-0.5361,-0.719,-9.3086,-0.719,-9.328,0.0195,6,0.76706,-2.2711,-1.843,48.65,4.63,2007.997,11.89,41.72,-4504.62,131.52,True,False,False
P15_006714_2256_XI_45N340W,0,9,solved,423450.0,303512,19.5035,13.7056,5.7979,5.615,19.5035,5.615,19.8604,0.357,9,0.49958,-1.9277,0.192,50.84,4.83,2008.0,-19.66,45.64,-3655.95,125.04,True,False,False
P15_006728_2144_XN_34N000W,0,13,solved,571491.0,292838,-1.1894,-2.6454,1.456,1.2731,-1.1894,1.2731,-1.236,0.0465,13,0.15202,-1.8207,0.826,44.46,5.05,2008.003,0.69,34.49,-2568.11,122.29,True,False,False
P15_006754_2196_XI_39N351W,0,18,solved,1496041.0,363502,4.2501,4.6146,-0.3644,-0.5473,4.2501,-0.5473,4.2242,0.026,18,0.43123,-1.806,0.913,46.8,5.46,2008.008,-8.28,39.65,-2960.89,125.35,True,False,False
P15_006794_2200_XN_40N003W,0,24,solved,952913.0,229945,-1.4276,-3.1124,1.6849,1.502,-1.4276,1.502,-1.3955,0.0321,24,0.16385,-1.9674,-0.043,47.19,6.09,2008.016,3.11,40.04,-4028.66,127.69,True,False,False
P15_006807_2187_XN_38N358W,0,11,solved,334263.0,332303,1.2751,0.1438,1.1313,0.9484,1.2751,0.9484,0.8665,0.4086,11,0.3725,-1.799,0.955,46.35,6.29,2008.019,-2.03,38.79,-3148.79,126.17,True,False,False
P15_006820_2256_XN_45N353W,0,9,solved,214058.0,255169,4.7887,4.435,0.3537,0.1707,4.7887,0.1707,4.6565,0.1321,9,0.30625,-2.0726,-0.666,50.24,6.49,2008.022,-6.11,45.74,-4055.19,121.83,True,False,False
P15_006833_2144_XN_34N347W,0,8,solved,431974.0,267281,3.3003,6.311,-3.0107,-3.1936,3.3003,-3.1936,3.3154,0.0151,8,0.4069,-1.8362,0.734,43.77,6.7,2008.025,-12.38,34.46,-2249.66,126.69,True,False,False
P15_006847_2266_XN_46N011W,0,15,solved,417132.0,51837,-9.635,-7.6132,-2.0218,-2.2047,-9.635,-2.2047,-9.6451,0.0101,15,0.42386,-2.2431,-1.677,50.3,6.91,2008.027,11.76,46.7,-4610.67,129.89,True,False,False
P15_006925_2229_XN_42N340W,0,9,solved,672626.0,488814,17.9549,12.7898,5.165,4.9821,17.9549,4.9821,17.9411,0.0138,9,0.41881,-1.8758,0.499,47.43,8.1,2008.047,-19.18,42.91,-2995.75,123.08,True,False,False
P15_006952_2201_XN_40N357W,0,15,solved,526522.0,421018,2.151,0.7124,1.4386,1.2557,2.151,1.2557,2.058,0.093,15,0.45222,-1.8657,0.56,45.81,8.51,2008.052,-2.43,40.16,-3301.97,123.79,True,False,False
P15_006965_2224_XN_42N352W,0,11,solved,428513.0,304120,4.4519,4.4053,0.0467,-0.1362,4.4519,-0.1362,4.4559,0.004,11,0.46253,-1.9186,0.246,46.86,8.7,2008.055,-7.11,42.41,-3584.46,125.94,True,False,False
P15_006992_2194_XN_39N009W,0,28,solved,1578047.0,297791,-7.298,-7.6915,0.3935,0.2106,-7.298,0.2106,-7.3062,0.0082,28,0.33741,-1.9662,-0.036,45.17,9.1,2008.06,9.59,39.41,-4053.64,124.64,True,False,False
P15_007005_2216_XN_41N005W,0,10,solved,253853.0,187589,-3.2409,-3.9691,0.7283,0.5454,-3.2409,0.5454,-3.3519,0.1111,10,0.31356,-2.0944,-0.796,46.21,9.3,2008.063,4.87,41.67,-4112.26,125.57,True,False,False
P15_007018_2264_XN_46N000W,0,9,solved,544659.0,380018,0.8947,-0.0225,0.9172,0.7343,0.8947,0.7343,0.9078,0.0131,9,0.22052,-2.1206,-0.951,48.64,9.49,2008.066,0.6,46.41,-4252.72,122.75,False,False,False
P15_007031_2222_XN_42N355W,0,11,solved,593500.0,142112,3.1786,2.7606,0.418,0.2351,3.1786,0.2351,3.1539,0.0247,11,0.35711,-1.9262,0.201,46.07,9.68,2008.068,-4.79,42.16,-3757.13,118.32,True,False,False
P15_007044_2222_XN_42N349W,0,16,solved,1148777.0,380009,5.7586,6.8276,-1.069,-1.2519,5.7586,-1.2519,5.8265,0.0679,16,0.31585,-1.8684,0.543,46.56,9.87,2008.071,-10.68,42.29,-3117.38,123.42,True,False,False
P15_007058_2266_XI_46N011W,0,16,solved,812748.0,114896,-9.6996,-7.6767,-2.0229,-2.2058,-9.6996,-2.2058,-9.7018,0.0022,16,0.42881,-2.2198,-1.539,48.97,10.07,2008.074,11.84,46.66,-4612.95,127.74,True,False,False
P16_007123_2241_XN_44N347W,0,13,solved,743367.0,360468,8.3304,8.7565,-0.4262,-0.6091,8.3304,-0.6091,8.3765,0.0461,13,0.35282,-1.8975,0.371,46.64,11.0,2008.088,-12.91,44.15,-3202.03,124.37,True,False,False
P16_007163_2264_XN_46N359W,0,12,solved,340155.0,205715,1.1871,0.6848,0.5024,0.3195,1.1871,0.3195,1.1527,0.0345,12,0.31078,-2.1281,-0.995,47.58,11.57,2008.096,-0.4,46.51,-4299.18,125.39,True,False,False
P16_007176_2208_XN_40N353W,0,19,solved,1424689.0,413587,4.1261,3.5553,0.5708,0.3879,4.1261,0.3879,4.0584,0.0677,19,0.34304,-1.8457,0.678,44.77,11.75,2008.099,-6.35,40.88,-3352.5,124.34,True,False,False
P16_007203_2222_XN_42N011W,0,21,solved,2359778.0,245384,-8.6158,-8.1284,-0.4875,-0.6704,-8.6158,-0.6704,-8.6192,0.0033,21,0.61448,-2.1746,-1.271,45.24,12.12,2008.104,11.12,42.26,-4526.21,123.12,True,False,False
P16_007215_2254_XN_45N339W,0,8,solved,677497.0,511626,20.5639,14.1752,6.3887,6.2058,20.5639,6.2058,20.6581,0.0942,8,0.55943,-1.9037,0.334,46.48,12.29,2008.107,-20.42,45.4,-3792.78,116.32,True,False,False
P16_007216_2248_XN_44N006W,0,17,solved,608264.0,198011,-4.4696,-4.4169,-0.0526,-0.2355,-4.4696,-0.2355,-4.4562,0.0134,17,0.77179,-2.146,-1.102,46.36,12.3,2008.107,6.51,44.82,-4379.45,123.62,True,False,False
P16_007229_2192_XN_39N000W,0,16,solved,1140416.0,457510,-0.1511,-1.579,1.4278,1.2449,-0.1511,1.2449,-0.1314,0.0198,16,0.29362,-1.8612,0.586,43.82,12.48,2008.11,0.62,39.23,-3640.42,128.29,False,False,False
P16_007242_2159_XN_35N355W,0,24,solved,1123785.0,433373,1.71,1.3169,0.3931,0.2102,1.71,0.2102,1.6831,0.0269,24,0.26264,-1.7896,1.011,42.36,12.65,2008.112,-4.64,35.92,-2404.8,127.73,True,False,False
P16_007255_2202_XN_40N350W,0,18,solved,1505751.0,463895,4.8772,5.3834,-0.5062,-0.6891,4.8772,-0.6891,4.8247,0.0525,18,0.48956,-1.7869,1.026,44.1,12.83,2008.115,-9.21,40.26,-3005.79,126.18,True,False,False
P16_007348_2224_XI_42N010W,0,32,solved,5856029.0,484379,-8.6605,-7.8227,-0.8378,-1.0207,-8.6605,-1.0207,-8.6997,0.0392,32,0.68561,-2.2172,-1.524,44.49,14.06,2008.137,10.74,42.47,-4462.12,124.47,True,False,False
P16_007374_2183_XI_38N000W,0,16,solved,1148378.0,457061,-0.3873,-1.7441,1.3567,1.1738,-0.3873,1.1738,-0.3759,0.0114,16,0.27322,-1.847,0.671,42.44,14.39,2008.142,0.56,38.27,-3514.6,125.23,False,False,False
P16_007387_2290_XN_49N356W,0,6,solved,250104.0,314405,2.5854,3.2077,-0.6223,-0.8052,2.5854,-0.8052,3.383,0.7976,6,0.35293,-2.1917,-1.372,47.31,14.56,2008.145,-3.28,49.06,-4259.7,127.07,True,True,False
P16_007400_2202_XN_40N350W,0,11,solved,880107.0,465063,4.6227,5.758,-1.1353,-1.3182,4.6227,-1.3182,4.4369,0.1858,11,0.50189,-1.7745,1.1,43.48,14.72,2008.148,-9.75,40.28,-2856.81,125.51,True,False,False
P16_007414_2191_XN_39N012W,0,9,solved,243856.0,126033,-9.4638,-9.5175,0.0537,-0.1292,-9.4638,-0.1292,-9.505,0.0412,9,0.54735,-2.0706,-0.654,43.17,14.9,2008.151,12.19,39.21,-4264.16,126.11,True,False,False
P16_007426_2266_XN_46N341W,0,11,solved,666693.0,525124,17.8029,13.2943,4.5087,4.3258,17.8029,4.3258,17.7655,0.0374,11,0.53809,-1.8826,0.459,45.92,15.05,2008.153,-18.75,46.63,-3683.24,125.63,True,False,False
P16_007427_2204_XN_40N007W,0,14,solved,520110.0,468249,-5.663,-6.0395,0.3765,0.1936,-5.663,0.1936,-5.6332,0.0298,14,0.55618,-2.0315,-0.423,43.45,15.06,2008.153,7.51,40.46,-4096.13,124.11,True,False,False
P17_007492_2261_XN_46N344W,0,11,solved,374612.0,469389,12.1852,11.0198,1.1654,0.9825,12.1852,0.9825,12.0584,0.1269,11,0.52773,-1.9114,0.289,44.72,15.86,2008.167,-15.59,46.13,-3620.69,126.36,True,False,False
P17_007493_2263_XN_46N010W,0,16,solved,276653.0,348948,-7.6374,-6.9619,-0.6754,-0.8583,-7.6374,-0.8583,-7.7114,0.074,16,0.64263,-2.237,-1.64,45.46,15.88,2008.167,10.71,46.38,-4565.45,124.42,True,False,False
P17_007506_2206_XN_40N005W,0,15,solved,723935.0,389211,-3.7833,-4.3525,0.5692,0.3863,-3.7833,0.3863,-3.9293,0.146,15,0.31232,-2.0386,-0.465,42.98,16.03,2008.17,5.1,40.62,-4024.94,125.33,True,False,False
P17_007519_2147_XN_34N359W,0,20,solved,1037330.0,436900,-0.4861,-1.8691,1.383,1.2001,-0.4861,1.2001,-0.4999,0.0137,20,0.15281,-1.8483,0.663,40.95,16.19,2008.172,-0.37,34.72,-2696.84,122.89,False,False,False
P17_007532_2184_XN_38N354W,0,15,solved,330032.0,133445,2.5424,2.518,0.0243,-0.1586,2.5424,-0.1586,2.4962,0.0462,15,0.45159,-1.7332,1.345,42.48,16.34,2008.175,-5.58,38.51,-2736.82,122.73,True,False,False
P17_007572_2190_XN_39N006W,0,11,solved,269551.0,188936,-5.0894,-5.8037,0.7143,0.5314,-5.0894,0.5314,-5.0572,0.0323,11,0.39493,-1.8388,0.719,42.56,16.81,2008.183,6.74,39.1,-3916.54,126.38,True,False,False
P17_007585_2149_XN_34N001W,0,19,solved,822509.0,371069,-1.4728,-2.8299,1.3572,1.1743,-1.4728,1.1743,-1.4951,0.0223,19,0.13905,-1.758,1.197,41.52,16.96,2008.186,1.1,34.94,-2790.39,123.46,True,False,False
P17_007611_2238_XN_43N352W,0,17,solved,555019.0,499185,4.9733,4.9984,-0.0251,-0.208,4.9733,-0.208,5.2395,0.2663,17,0.37494,-1.9936,-0.198,43.93,17.26,2008.192,-7.53,43.83,-3737.97,124.96,True,False,False
P17_007638_2193_XN_39N008W,0,28,solved,1913388.0,462298,-7.1955,-7.1661,-0.0295,-0.2124,-7.1955,-0.2124,-7.1697,0.0258,28,0.39318,-1.957,0.019,42.62,17.56,2008.197,8.83,39.43,-4095.45,124.27,True,False,False
P17_007651_2126_XN_32N003W,0,11,solved,437017.0,416444,-4.2389,-4.6224,0.3835,0.2006,-4.2389,0.2006,-4.2276,0.0113,11,0.14861,-1.8617,0.583,41.08,17.71,2008.2,2.99,32.63,-2683.47,120.51,True,False,False
P17_007664_2157_XN_35N359W,0,18,solved,683765.0,140573,-0.301,-1.4674,1.1664,0.9835,-0.301,0.9835,-0.2937,0.0072,18,0.19865,-1.9723,-0.072,40.86,17.85,2008.203,-0.63,35.76,-2896.4,127.73,False,False,False
P17_007677_2287_XN_48N355W,0,9,solved,398489.0,345857,3.502,3.9618,-0.4599,-0.6428,3.502,-0.6428,3.5016,0.0003,9,0.49254,-2.1863,-1.34,45.53,17.99,2008.205,-4.48,48.74,-4197.05,125.13,True,False,False
P17_007690_2141_XN_34N348W,0,18,solved,685992.0,424510,3.0815,5.9354,-2.8538,-3.0367,3.0815,-3.0367,3.158,0.0765,18,0.33104,-1.8158,0.855,41.37,18.13,2008.208,-11.92,34.18,-1982.14,125.32,True,False,False
P17_007704_2223_XI_42N011W,0,17,solved,1047820.0,485643,-9.1415,-8.4356,-0.7059,-0.8888,-9.1415,-0.8888,-9.0823,0.0592,17,0.71624,-2.2242,-1.565,43.2,18.28,2008.211,11.59,42.33,-4494.85,123.53,True,False,False
P17_007717_2189_XN_38N006W,0,15,solved,514157.0,215581,-4.0159,-5.4112,1.3953,1.2124,-4.0159,1.2124,-4.049,0.0331,15,0.23262,-1.833,0.753,42.21,18.42,2008.214,6.13,38.98,-3869.28,124.26,True,False,False
P17_007730_2176_XI_37N001W,0,14,solved,529595.0,265491,-1.7909,-2.4576,0.6667,0.4838,-1.7909,0.4838,-1.7228,0.0681,14,0.37162,-1.774,1.103,41.52,18.56,2008.216,1.4,37.63,-3357.34,125.38,True,False,False
P17_007743_2169_XN_36N355W,0,7,solved,205984.0,60572,1.5567,1.3347,0.222,0.0391,1.5567,0.0391,1.5637,0.007,7,0.21851,-1.7015,1.533,41.85,18.7,2008.219,-4.34,36.96,-2300.85,128.92,True,False,False
P17_007756_2202_XI_40N351W,0,21,solved,1730329.0,466304,4.2009,5.046,-0.8452,-1.0281,4.2009,-1.0281,4.2511,0.0503,21,0.57266,-1.7595,1.189,42.44,18.83,2008.222,-8.74,40.19,-3028.68,124.18,True,False,False
P17_007783_2217_XN_41N008W,0,17,solved,1369218.0,480090,-7.0957,-6.6268,-0.4689,-0.6518,-7.0957,-0.6518,-7.1372,0.0415,17,0.54625,-2.102,-0.841,42.78,19.11,2008.227,8.78,41.78,-4318.16,126.11,True,False,False
P17_007796_2200_XN_40N003W,0,18,solved,546128.0,114514,-1.8787,-3.2063,1.3276,1.1447,-1.8787,1.1447,-1.8786,0.0001,18,0.22711,-1.9673,-0.042,42.49,19.24,2008.23,3.25,40.05,-4000.68,125.9,True,False,False
P17_007809_2169_XN_36N358W,0,21,solved,1646005.0,443327,-0.1752,-0.4732,0.2979,0.115,-0.1752,0.115,-0.1688,0.0064,21,0.31441,-1.7214,1.414,41.45,19.37,2008.233,-1.71,36.94,-2747.11,125.61,False,False,False
P17_007822_2126_XN_32N352W,0,7,solved,247477.0,301028,2.9728,2.651,0.3218,0.1389,2.9728,0.1389,3.059,0.0862,7,0.19694,-1.833,0.753,41.11,19.5,2008.235,-7.61,32.65,-2205.07,126.82,True,False,False
P17_007835_2249_XN_44N349W,0,12,solved,957228.0,308291,6.0596,7.4519,-1.3923,-1.5752,6.0596,-1.5752,6.0851,0.0254,12,0.36144,-1.9516,0.051,43.54,19.63,2008.238,-10.76,44.94,-3698.06,122.61,True,False,False
P17_007849_2255_XN_45N011W,0,14,solved,134679.0,120742,-8.8666,-7.7553,-1.1113,-1.2942,-8.8666,-1.2942,-8.629,0.2376,14,0.69192,-2.205,-1.451,43.7,19.76,2008.244,11.61,45.56,-4547.91,127.74,True,False,False
P18_007888_2206_XN_40N355W,0,16,solved,612403.0,254546,2.8901,1.9745,0.9156,0.7327,2.8901,0.7327,2.8895,0.0006,16,0.30346,-1.8413,0.704,42.2,20.14,2008.252,-4.12,40.64,-3435.66,123.98,True,False,False
P18_007901_2250_XN_45N351W,0,15,solved,795733.0,447986,5.8839,5.9536,-0.0696,-0.2525,5.8839,-0.2525,5.8075,0.0764,15,0.43476,-1.9918,-0.188,43.38,20.26,2008.255,-8.55,45.02,-3840.18,123.11,True,False,False
P18_007914_2270_XN_47N346W,0,14,solved,873098.0,414043,9.3041,9.5923,-0.2881,-0.471,9.3041,-0.471,9.3065,0.0024,14,0.43889,-1.903,0.338,43.96,20.38,2008.257,-13.22,47.05,-3764.47,120.69,True,False,False
P18_007915_2150_XN_35N012W,0,10,solved,349508.0,429003,-9.9658,-10.4542,0.4884,0.3055,-9.9658,0.3055,-10.0514,0.0856,10,0.25322,-1.8615,0.585,41.3,20.39,2008.257,12.24,35.01,-3401.5,128.43,True,False,False
P18_007941_2200_XN_40N002W,0,16,solved,158324.0,57454,-1.6962,-2.818,1.1218,0.9389,-1.6962,0.9389,-1.6989,0.0027,16,0.22574,-1.8611,0.587,42.23,20.62,2008.263,2.69,40.07,-3769.98,122.3,True,False,False
P18_007954_2150_XN_35N357W,0,16,solved,345347.0,313763,0.0903,-0.4725,0.5629,0.38,0.0903,0.38,0.1718,0.0815,16,0.15653,-1.7289,1.37,40.9,20.74,2008.266,-2.3,35.06,-2381.59,123.12,False,False,False
P18_008046_2253_XN_45N350W,0,11,solved,428430.0,509696,5.9695,6.4248,-0.4552,-0.6381,5.9695,-0.6381,5.9358,0.0337,11,0.39328,-1.9687,-0.051,43.12,21.53,2008.285,-9.14,45.33,-3828.57,124.78,True,False,False
P18_008112_2251_XI_45N352W,0,15,solved,1572454.0,502714,6.2506,5.534,0.7166,0.5337,6.2506,0.5337,6.408,0.1574,15,0.39384,-1.9811,-0.124,43.56,22.05,2008.298,-7.91,45.11,-3886.26,124.56,True,False,False
P18_008231_2166_XI_36N001W,0,11,solved,418349.0,94779,-1.4125,-2.5851,1.1726,0.9897,-1.4125,0.9897,-1.397,0.0155,11,0.23311,-1.8272,0.787,41.41,22.91,2008.323,1.26,36.59,-3235.88,131.52,True,False,False
P19_008349_2220_XN_42N344W,0,10,solved,674293.0,463252,11.573,10.2323,1.3407,1.1578,11.573,1.1578,11.5799,0.0069,10,0.40415,-1.8087,0.897,42.09,23.65,2008.35,-15.72,42.05,-2888.8,125.32,True,False,False
P19_008429_2226_XN_42N009W,0,25,solved,1024104.0,319071,-7.4644,-6.9992,-0.4651,-0.648,-7.4644,-0.648,-7.4309,0.0335,25,0.68668,-2.1731,-1.262,41.79,24.08,2008.367,9.58,42.6,-4434.53,125.64,True,False,False
P19_008508_2245_XN_44N007W,0,15,solved,327989.0,303153,-6.6121,-5.1629,-1.4492,-1.6321,-6.6121,-1.6321,-6.6379,0.0258,15,0.79212,-2.2037,-1.444,41.92,24.45,2008.383,7.51,44.54,-4387.1,126.06,True,False,False
P19_008560_2245_XN_44N346W,0,12,solved,561050.0,199137,9.1459,9.1914,-0.0455,-0.2284,9.1459,-0.2284,9.2169,0.0709,12,0.44285,-1.8885,0.425,42.61,24.66,2008.394,-13.4,44.61,-3404.16,126.27,True,False,False
P19_008573_2263_XI_46N342W,0,14,solved,543741.0,389951,15.8253,12.6919,3.1334,2.9505,15.8253,2.9505,15.7656,0.0597,14,0.67343,-1.8696,0.536,42.81,24.71,2008.397,-17.95,46.38,-3758.66,124.91,True,False,False
P19_008600_2212_XI_41N358W,0,9,solved,73685.0,107447,1.2622,0.2999,0.9623,0.7794,1.2622,0.7794,1.2982,0.036,9,0.3364,-1.9121,0.285,42.15,24.81,2008.402,-1.49,41.24,-3624.06,127.0,True,False,False
P19_008640_2163_XI_36N010W,0,8,solved,567849.0,111696,-9.5553,-8.6992,-0.8562,-1.0391,-9.5553,-1.0391,-9.5641,0.0088,8,0.41459,-1.7895,1.011,42.02,24.94,2008.411,10.11,36.38,-3699.01,119.6,True,False,False
P19_008653_2185_XI_38N005W,0,18,solved,562216.0,320139,-3.8104,-5.0184,1.2081,1.0252,-3.8104,1.0252,-4.0534,0.2431,18,0.29208,-1.8153,0.858,42.06,24.98,2008.413,5.41,38.51,-3761.09,123.95,True,False,False
P20_008719_2181_XN_38N007W,0,20,solved,836949.0,450352,-6.3399,-6.6692,0.3292,0.1463,-6.3399,0.1463,-6.3263,0.0136,20,0.44886,-1.8371,0.729,42.15,25.16,2008.427,7.72,38.2,-3852.64,124.28,True,False,False
P20_008745_2214_XN_41N358W,0,6,solved,151453.0,89355,2.2435,0.6022,1.6412,1.4583,2.2435,1.4583,2.2365,0.0069,6,0.42815,-1.9268,0.198,42.41,25.22,2008.433,-1.84,41.53,-3706.72,123.52,True,False,False
P20_008758_2277_XN_47N354W,0,5,solved,127848.0,210185,3.2676,4.5742,-1.3066,-1.4895,3.2676,-1.4895,3.3134,0.0458,5,0.78635,-2.1572,-1.168,43.17,25.24,2008.435,-5.68,47.76,-4228.12,124.99,True,False,False
P20_008798_2174_XN_37N005W,0,11,solved,275432.0,95904,-3.6777,-4.9239,1.2462,1.0633,-3.6777,1.0633,-3.69,0.0123,11,0.41897,-1.7725,1.112,42.29,25.32,2008.446,4.94,37.45,-3596.56,123.82,True,False,False
P20_008851_2163_XN_36N012W,0,11,solved,154362.0,103310,-9.3577,-10.015,0.6574,0.4745,-9.3577,0.4745,-9.4183,0.0607,11,0.359,-1.8913,0.408,42.51,25.39,2008.457,12.01,36.32,-3741.03,134.77,True,False,False
P20_008863_2272_XN_47N341W,0,7,solved,324478.0,194593,16.6396,13.0687,3.5709,3.388,16.6396,3.388,16.6931,0.0535,7,0.56754,-1.8661,0.557,43.06,25.4,2008.46,-18.23,47.24,-3702.07,125.21,True,False,False
P20_008864_2167_XN_36N007W,0,10,solved,390244.0,124924,-6.1503,-6.5221,0.3718,0.1889,-6.1503,0.1889,-6.107,0.0433,10,0.42896,-1.7797,1.069,42.53,25.4,2008.46,7.07,36.81,-3597.52,125.91,True,False,False
P20_008903_2193_XN_39N352W,0,20,solved,670601.0,246907,3.0909,3.8802,-0.7893,-0.9722,3.0909,-0.9722,3.0857,0.0053,20,0.57891,-1.7692,1.132,42.44,25.43,2008.468,-7.3,39.36,-2860.29,124.3,True,False,False
P20_008916_2249_XN_44N348W,0,17,solved,752986.0,507838,6.8475,8.2509,-1.4034,-1.5863,6.8475,-1.5863,7.0725,0.2249,17,0.42847,-1.9149,0.268,43.24,25.44,2008.471,-11.9,45.02,-3554.46,125.2,True,False,False
P20_008943_2175_XI_37N004W,0,11,solved,468804.0,200464,-3.4848,-4.5544,1.0696,0.8867,-3.4848,0.8867,-3.5233,0.0385,11,0.4584,-1.7557,1.211,42.76,25.45,2008.476,4.42,37.51,-3459.15,121.23,True,False,False
P20_008956_2197_XN_39N000W,0,23,solved,628837.0,461754,-0.1454,-1.024,0.8787,0.6958,-0.1454,0.6958,-0.1192,0.0262,23,0.33044,-1.8385,0.721,42.64,25.45,2008.479,-0.02,39.77,-3451.74,122.4,False,False,False
P20_008969_2184_XN_38N354W,0,10,solved,329678.0,106538,2.6854,2.2536,0.4318,0.2489,2.6854,0.2489,2.6912,0.0058,10,0.43771,-1.7467,1.264,42.66,25.45,2008.482,-5.21,38.46,-2680.14,122.13,True,False,False
P20_009022_2200_XN_40N002W,0,15,solved,136553.0,114460,-1.1288,-2.3774,1.2486,1.0657,-1.1288,1.0657,-1.1064,0.0224,15,0.20806,-1.9503,0.058,42.82,25.44,2008.493,2.06,40.11,-3688.93,126.27,True,False,False
P20_009035_2240_XI_44N357W,0,7,solved,102820.0,107653,2.4817,1.5504,0.9313,0.7484,2.4817,0.7484,2.4218,0.0599,7,0.63311,-2.0718,-0.662,43.16,25.43,2008.496,-2.43,44.06,-4070.58,127.54,True,False,False
P21_009088_2173_XI_37N004W,0,10,solved,574886.0,200777,-4.152,-4.8382,0.6862,0.5033,-4.152,0.5033,-4.1533,0.0013,10,0.52199,-1.7885,1.017,42.03,25.38,2008.507,4.79,37.37,-3569.24,124.46,True,False,False
P21_009101_2208_XN_40N359W,0,14,solved,488900.0,268526,0.9857,-0.1456,1.1313,0.9484,0.9857,0.9484,0.981,0.0047,14,0.25865,-1.9311,0.172,43.06,25.37,2008.509,-0.95,40.89,-3555.09,122.43,False,False,False
P21_009141_2166_XN_36N010W,0,14,solved,448122.0,164080,-9.7956,-8.9018,-0.8938,-1.0767,-9.7956,-1.0767,-9.8082,0.0126,14,0.4828,-1.8398,0.713,43.16,25.31,2008.517,10.49,36.65,-3885.83,125.79,True,False,False
P21_009154_2175_XN_37N005W,0,9,solved,332850.0,98385,-4.4478,-5.3944,0.9466,0.7637,-4.4478,0.7637,-4.4583,0.0104,9,0.24706,-1.7735,1.106,43.08,25.28,2008.52,5.67,37.59,-3710.6,121.2,True,False,False
P21_009167_2201_XI_40N001W,0,11,solved,315637.0,231056,-0.6566,-1.9252,1.2686,1.0857,-0.6566,1.0857,-0.7301,0.0735,11,0.27527,-2.01,-0.296,42.82,25.26,2008.523,1.41,40.14,-3705.77,124.92,False,False,False
P21_009246_2240_XI_44N358W,0,7,solved,88798.0,118019,2.0458,1.2376,0.8082,0.6253,2.0458,0.6253,2.0892,0.0434,7,0.68089,-2.0903,-0.771,44.0,25.07,2008.539,-1.98,44.04,-4049.42,123.94,True,False,False
P21_009272_2280_XN_48N348W,0,8,solved,373687.0,148802,6.1501,8.3662,-2.2161,-2.399,6.1501,-2.399,6.1932,0.0431,8,0.44449,-1.9703,-0.06,44.42,25.0,2008.545,-11.1,48.11,-4047.96,121.97,True,False,False
P21_009312_2208_XN_40N359W,0,19,solved,351842.0,277925,0.3591,-0.6184,0.9775,0.7946,0.3591,0.7946,0.3664,0.0074,19,0.29028,-1.9857,-0.152,43.8,24.87,2008.556,-0.27,40.86,-3619.19,121.84,False,False,False
P21_009325_2160_XN_36N354W,0,16,solved,337152.0,187729,3.1275,2.3028,0.8247,0.6418,3.1275,0.6418,3.195,0.0676,16,0.31104,-1.8616,0.584,43.82,24.82,2008.559,-6.04,36.04,-2213.2,125.86,True,False,False
P21_009338_2253_XN_45N350W,0,12,solved,377761.0,512276,5.1023,6.7835,-1.6813,-1.8642,5.1023,-1.8642,5.0179,0.0843,12,0.45333,-2.0078,-0.283,44.28,24.77,2008.561,-9.66,45.34,-3799.62,125.0,True,False,False
P21_009365_2169_XN_36N006W,0,14,solved,233304.0,208193,-4.813,-5.8474,1.0344,0.8515,-4.813,0.8515,-4.8453,0.0323,14,0.29199,-1.8141,0.865,43.96,24.67,2008.567,6.13,36.95,-3703.48,128.19,True,False,False
P21_009391_2238_XI_43N357W,0,10,solved,208763.0,146298,2.184,1.8846,0.2994,0.1165,2.184,0.1165,2.1959,0.0119,10,0.58945,-2.1224,-0.962,44.39,24.56,2008.572,-2.98,43.86,-4009.95,129.36,True,False,False
P21_009431_2171_XN_37N008W,0,24,solved,1498266.0,369979,-7.5091,-7.1412,-0.3679,-0.5508,-7.5091,-0.5508,-7.4622,0.0469,24,0.43333,-1.8332,0.752,44.24,24.39,2008.58,8.07,37.12,-3727.84,126.29,True,False,False
P22_009483_2274_XN_47N349W,0,10,solved,558207.0,271148,5.0924,7.8429,-2.7506,-2.9335,5.0924,-2.9335,5.1212,0.0288,10,0.48575,-1.9918,-0.187,45.29,24.13,2008.591,-10.55,47.43,-4040.06,122.77,True,False,False
P22_009497_2213_XI_41N009W,0,17,solved,607576.0,118297,-7.6589,-6.8898,-0.7691,-0.952,-7.6589,-0.952,-7.6781,0.0191,17,0.61445,-2.0398,-0.472,45.85,24.06,2008.594,9.01,41.29,-4286.54,125.36,True,False,False
P22_009523_2165_XN_36N001W,0,10,solved,339894.0,73143,-1.5454,-2.5688,1.0234,0.8405,-1.5454,0.8405,-1.5391,0.0063,10,0.23676,-1.9081,0.308,43.49,23.92,2008.6,1.23,36.57,-3256.34,139.56,True,False,False
P22_009549_2289_XN_48N351W,0,5,solved,112501.0,123904,4.8626,6.6771,-1.8145,-1.9974,4.8626,-1.9974,4.8418,0.0208,5,0.41367,-2.0833,-0.73,45.94,23.77,2008.605,-8.38,48.93,-4068.44,127.81,True,False,False
P22_009602_2210_XN_41N357W,0,8,solved,105506.0,183595,2.2424,1.1656,1.0768,0.8939,2.2424,0.8939,2.1811,0.0613,8,0.4925,-1.8989,0.363,45.26,23.45,2008.616,-2.79,41.12,-3741.43,123.58,True,False,False
P22_009642_2216_XN_41N009W,0,18,solved,878352.0,177416,-7.831,-6.9581,-0.8729,-1.0558,-7.831,-1.0558,-7.8602,0.0292,18,0.66951,-2.1878,-1.349,45.61,23.19,2008.624,9.26,41.77,-4398.86,125.19,True,False,False
P22_009681_2243_XI_44N355W,0,29,solved,1652614.0,297077,3.1713,3.1969,-0.0256,-0.2085,3.1713,-0.2085,3.1514,0.0199,29,0.52062,-2.1388,-1.059,45.57,22.92,2008.632,-4.74,44.35,-3998.78,125.19,True,False,False
P22_009694_2267_XN_46N350W,0,9,solved,886137.0,524477,4.9606,7.3625,-2.4019,-2.5848,4.9606,-2.5848,4.737,0.2237,9,0.40754,-2.0162,-0.332,46.47,22.83,2008.635,-10.05,46.79,-3928.18,123.88,True,False,False
P22_009747_2239_XN_43N356W,0,15,solved,465095.0,233675,2.8455,2.3154,0.5301,0.3472,2.8455,0.3472,2.8133,0.0322,15,0.46499,-2.1756,-1.277,46.42,22.44,2008.649,-3.58,43.95,-4008.48,121.14,True,False,False
P22_009760_2250_XI_45N352W,0,14,solved,1661139.0,478877,5.643,5.6201,0.0229,-0.16,5.643,-0.16,5.5798,0.0632,14,0.49602,-2.0707,-0.655,46.37,22.33,2008.652,-8.07,45.0,-3876.6,125.39,True,False,False
P22_009787_2277_XN_47N009W,0,7,solved,518331.0,420949,-6.9665,-5.557,-1.4095,-1.5924,-6.9665,-1.5924,-6.9397,0.0268,7,0.68706,-2.3352,-2.222,47.35,22.12,2008.657,9.1,47.78,-4564.15,123.38,False,False,False
P22_009826_2221_XN_42N355W,0,11,solved,644169.0,159916,3.057,2.7764,0.2805,0.0976,3.057,0.0976,3.0466,0.0104,11,0.39317,-1.9812,-0.125,45.14,21.79,2008.665,-4.81,42.17,-3758.01,117.83,True,False,False
T01_000807_2205_XN_40N010W,0,29,solved,823793.0,73088,-7.3233,-7.8075,0.4842,0.3013,-7.3233,0.3013,-7.3198,0.0035,29,0.35242,-2.1696,-1.241,45.1,23.32,2006.739,10.11,40.53,-4199.72,119.93,True,False,False
