PRODUCT_ID,VOLUME_ID,edr_url,incidence_seammap,emission_seammap,image_time,n_tiles,tiles
B01_009853_2288_XN_48N011W,MROX_0678,https://planetarydata.jpl.nasa.gov/img/data/mro/ctx/mrox_0678/data/B01_009853_2288_XN_48N011W.IMG,48.1,0.08,2008-09-02T06:17:01.225,1,E-12_N44
B01_009892_2148_XI_34N353W,MROX_0680,https://planetarydata.jpl.nasa.gov/img/data/mro/ctx/mrox_0680/data/B01_009892_2148_XI_34N353W.IMG,47.259,5.29,2008-09-05T07:08:35.602,1,E4_N32
B01_009905_2253_XI_45N352W,MROX_0681,https://planetarydata.jpl.nasa.gov/img/data/mro/ctx/mrox_0681/data/B01_009905_2253_XI_45N352W.IMG,46.658,14.65,2008-09-06T07:30:49.615,2,E4_N44;E8_N44
B01_009919_2280_XI_48N012W,MROX_0682,https://planetarydata.jpl.nasa.gov/img/data/mro/ctx/mrox_0682/data/B01_009919_2280_XI_48N012W.IMG,49.03,6.91,2008-09-07T09:42:14.582,1,E-12_N44
B01_009958_2210_XI_41N356W,MROX_0684,https://planetarydata.jpl.nasa.gov/img/data/mro/ctx/mrox_0684/data/B01_009958_2210_XI_41N356W.IMG,47.53,1.9395,2008-09-10T10:36:15.501,2,E0_N36;E0_N40
B01_009998_2163_XI_36N010W,MROX_0686,https://planetarydata.jpl.nasa.gov/img/data/mro/ctx/mrox_0686/data/B01_009998_2163_XI_36N010W.IMG,45.81,22.25,2008-09-13T13:23:17.570,2,E-12_N32;E-12_N36
B01_010064_2278_XN_47N011W,MROX_0689,https://planetarydata.jpl.nasa.gov/img/data/mro/ctx/mrox_0689/data/B01_010064_2278_XN_47N011W.IMG,49.759,0.4097,2008-09-18T16:52:07.403,1,E-12_N44
B01_010103_2236_XI_43N355W,MROX_0692,https://planetarydata.jpl.nasa.gov/img/data/mro/ctx/mrox_0692/data/B01_010103_2236_XI_43N355W.IMG,49.158,2.16,2008-09-21T17:47:01.553,4,E0_N40;E0_N44;E4_N40;E4_N44
B01_010130_2163_XN_36N011W,MROX_0693,https://planetarydata.jpl.nasa.gov/img/data/mro/ctx/mrox_0693/data/B01_010130_2163_XN_36N011W.IMG,48.728,0.0898,2008-09-23T20:14:24.428,1,E-12_N32
B01_010143_2216_XN_41N009W,MROX_0693,https://planetarydata.jpl.nasa.gov/img/data/mro/ctx/mrox_0693/data/B01_010143_2216_XN_41N009W.IMG,47.95,18.079,2008-09-24T20:34:48.242,1,E-12_N40
B01_010182_2258_XI_45N353W,MROX_0696,https://planetarydata.jpl.nasa.gov/img/data/mro/ctx/mrox_0696/data/B01_010182_2258_XI_45N353W.IMG,50.158,4.7,2008-09-27T21:32:03.482,1,E4_N44
B01_010195_2277_XN_47N347W,MROX_0697,https://planetarydata.jpl.nasa.gov/img/data/mro/ctx/mrox_0697/data/B01_010195_2277_XN_47N347W.IMG,51.1,0.0898,2008-09-28T21:51:07.402,2,E12_N44;E8_N44
B01_010209_2277_XN_47N010W,MROX_0698,https://planetarydata.jpl.nasa.gov/img/data/mro/ctx/mrox_0698/data/B01_010209_2277_XN_47N010W.IMG,51.27,0.0898,2008-09-30T00:01:57.971,1,E-12_N44
B02_010248_2250_XI_45N354W,MROX_0700,https://planetarydata.jpl.nasa.gov/img/data/mro/ctx/mrox_0700/data/B02_010248_2250_XI_45N354W.IMG,51.09,0.0898,2008-10-03T00:57:36.511,1,E4_N44
B02_010261_2248_XI_44N348W,MROX_0701,https://planetarydata.jpl.nasa.gov/img/data/mro/ctx/mrox_0701/data/B02_010261_2248_XI_44N348W.IMG,51.548,4.83,2008-10-04T01:15:34.517,2,E8_N40;E8_N44
B02_010275_2163_XI_36N010W,MROX_0701,https://planetarydata.jpl.nasa.gov/img/data/mro/ctx/mrox_0701/data/B02_010275_2163_XI_36N010W.IMG,50.009,0.45,2008-10-05T03:24:22.484,2,E-12_N32;E-12_N36
B02_010288_2247_XI_44N007W,MROX_0702,https://planetarydata.jpl.nasa.gov/img/data/mro/ctx/mrox_0702/data/B02_010288_2247_XI_44N007W.IMG,50.978,6.2999,2008-10-06T03:45:33.501,2,E-8_N40;E-8_N44
B02_010301_2200_XN_40N003W,MROX_0702,https://planetarydata.jpl.nasa.gov/img/data/mro/ctx/mrox_0702/data/B02_010301_2200_XN_40N003W.IMG,48.829,23.53,2008-10-07T04:02:58.601,2,E-4_N36;E-4_N40
B02_010354_2163_XI_36N008W,MROX_0704,https://planetarydata.jpl.nasa.gov/img/data/mro/ctx/mrox_0704/data/B02_010354_2163_XI_36N008W.IMG,49.82,12.769,2008-10-11T07:08:36.475,2,E-12_N36;E-8_N32
B02_010406_2289_XN_48N348W,MROX_0707,https://planetarydata.jpl.nasa.gov/img/data/mro/ctx/mrox_0707/data/B02_010406_2289_XN_48N348W.IMG,53.829,0.66,2008-10-15T08:26:57.635,1,E8_N44
B02_010459_2250_XI_45N354W,MROX_0709,https://planetarydata.jpl.nasa.gov/img/data/mro/ctx/mrox_0709/data/B02_010459_2250_XI_45N354W.IMG,53.52,0.22,2008-10-19T11:33:20.451,1,E4_N44
B02_010486_2277_XI_47N012W,MROX_0711,https://planetarydata.jpl.nasa.gov/img/data/mro/ctx/mrox_0711/data/B02_010486_2277_XI_47N012W.IMG,54.49,1.1594,2008-10-21T14:03:36.533,1,E-12_N44
B02_010512_2179_XN_37N001W,MROX_0712,https://planetarydata.jpl.nasa.gov/img/data/mro/ctx/mrox_0712/data/B02_010512_2179_XN_37N001W.IMG,52.618,1.57,2008-10-23T14:38:33.853,1,E-4_N36
B02_010525_2212_XN_41N356W,MROX_0712,https://planetarydata.jpl.nasa.gov/img/data/mro/ctx/mrox_0712/data/B02_010525_2212_XN_41N356W.IMG,53.439,0.5997,2008-10-24T14:58:04.265,2,E0_N36;E0_N40
B02_010565_2277_XI_47N009W,MROX_0714,https://planetarydata.jpl.nasa.gov/img/data/mro/ctx/mrox_0714/data/B02_010565_2277_XI_47N009W.IMG,55.469,2.0099,2008-10-27T17:48:27.466,1,E-12_N44
B02_010591_2152_XN_35N357W,MROX_0715,https://planetarydata.jpl.nasa.gov/img/data/mro/ctx/mrox_0715/data/B02_010591_2152_XN_35N357W.IMG,53.478,3.43,2008-10-29T18:22:39.978,1,E0_N32
B02_010604_2269_XI_46N353W,MROX_0716,https://planetarydata.jpl.nasa.gov/img/data/mro/ctx/mrox_0716/data/B02_010604_2269_XI_46N353W.IMG,56.57,9.0899,2008-10-30T18:45:01.398,1,E4_N44
B03_010657_2168_XN_36N359W,MROX_0720,https://planetarydata.jpl.nasa.gov/img/data/mro/ctx/mrox_0720/data/B03_010657_2168_XN_36N359W.IMG,54.25,0.0898,2008-11-03T21:49:15.495,1,E0_N36
B03_010683_2290_XI_49N351W,MROX_0721,https://planetarydata.jpl.nasa.gov/img/data/mro/ctx/mrox_0721/data/B03_010683_2290_XI_49N351W.IMG,57.859,2.9199,2008-11-05T22:30:24.425,1,E8_N44
B03_010710_2169_XN_36N006W,MROX_0722,https://planetarydata.jpl.nasa.gov/img/data/mro/ctx/mrox_0722/data/B03_010710_2169_XN_36N006W.IMG,54.84,0.66,2008-11-08T00:56:16.194,2,E-8_N32;E-8_N36
B03_010723_2214_XN_41N002W,MROX_0722,https://planetarydata.jpl.nasa.gov/img/data/mro/ctx/mrox_0722/data/B03_010723_2214_XN_41N002W.IMG,56.06,0.0898,2008-11-09T01:16:46.301,1,E-4_N40
B03_010736_2159_XN_35N356W,MROX_0723,https://planetarydata.jpl.nasa.gov/img/data/mro/ctx/mrox_0723/data/B03_010736_2159_XN_35N356W.IMG,54.71,4.1398,2008-11-10T01:33:53.713,1,E0_N32
B03_010749_2287_XI_48N352W,MROX_0723,https://planetarydata.jpl.nasa.gov/img/data/mro/ctx/mrox_0723/data/B03_010749_2287_XI_48N352W.IMG,59.118,8.5099,2008-11-11T01:56:16.438,2,E4_N44;E8_N44
B03_010776_2277_XN_47N010W,MROX_0725,https://planetarydata.jpl.nasa.gov/img/data/mro/ctx/mrox_0725/data/B03_010776_2277_XN_47N010W.IMG,58.429,1.57,2008-11-13T04:25:31.828,1,E-12_N44
B03_010842_2142_XN_34N010W,MROX_0728,https://planetarydata.jpl.nasa.gov/img/data/mro/ctx/mrox_0728/data/B03_010842_2142_XN_34N010W.IMG,56.0,0.0898,2008-11-18T07:47:30.560,1,E-12_N32
B04_011264_2163_XN_36N011W,MROX_0731,https://planetarydata.jpl.nasa.gov/img/data/mro/ctx/mrox_0731/data/B04_011264_2163_XN_36N011W.IMG,61.96,0.5997,2008-12-21T05:01:23.507,2,E-12_N32;E-12_N36
B04_011276_2233_XN_43N340W,MROX_0731,https://planetarydata.jpl.nasa.gov/img/data/mro/ctx/mrox_0731/data/B04_011276_2233_XN_43N340W.IMG,64.569,0.1499,2008-12-22T03:29:24.970,1,E16_N44
B04_011277_2168_XN_36N006W,MROX_0732,https://planetarydata.jpl.nasa.gov/img/data/mro/ctx/mrox_0732/data/B04_011277_2168_XN_36N006W.IMG,62.24,1.57,2008-12-22T05:20:11.020,2,E-8_N32;E-8_N36
B04_011277_2283_XN_48N008W,MROX_0732,https://planetarydata.jpl.nasa.gov/img/data/mro/ctx/mrox_0732/data/B04_011277_2283_XN_48N008W.IMG,66.53,0.0898,2008-12-22T05:23:22.231,1,E-12_N44
B04_011329_2241_XI_44N347W,MROX_0733,https://planetarydata.jpl.nasa.gov/img/data/mro/ctx/mrox_0733/data/B04_011329_2241_XI_44N347W.IMG,65.67,0.0898,2008-12-26T06:37:11.387,2,E12_N44;E8_N44
B04_011343_2250_XI_45N009W,MROX_0734,https://planetarydata.jpl.nasa.gov/img/data/mro/ctx/mrox_0734/data/B04_011343_2250_XI_45N009W.IMG,66.23,0.22,2008-12-27T08:48:39.362,2,E-12_N40;E-12_N44
B05_011409_2266_XN_46N012W,MROX_0738,https://planetarydata.jpl.nasa.gov/img/data/mro/ctx/mrox_0738/data/B05_011409_2266_XN_46N012W.IMG,67.909,0.0898,2009-01-01T12:15:04.609,1,E-12_N44
B05_011422_2168_XI_36N005W,MROX_0738,https://planetarydata.jpl.nasa.gov/img/data/mro/ctx/mrox_0738/data/B05_011422_2168_XI_36N005W.IMG,64.06,3.5299,2009-01-02T12:30:26.307,2,E-8_N32;E-8_N36
B05_011620_2266_XI_46N012W,MROX_0747,https://planetarydata.jpl.nasa.gov/img/data/mro/ctx/mrox_0747/data/B05_011620_2266_XI_46N012W.IMG,71.5,5.0899,2009-01-17T22:50:50.334,1,E-12_N44
B05_011633_2274_XN_47N007W,MROX_0747,https://planetarydata.jpl.nasa.gov/img/data/mro/ctx/mrox_0747/data/B05_011633_2274_XN_47N007W.IMG,71.739,0.0898,2009-01-18T23:09:15.450,2,E-12_N44;E-8_N44
B05_011685_2274_XI_47N347W,MROX_0749,https://planetarydata.jpl.nasa.gov/img/data/mro/ctx/mrox_0749/data/B05_011685_2274_XI_47N347W.IMG,72.438,0.78,2009-01-23T00:24:05.309,1,E12_N44
B06_011830_2258_XN_45N344W,MROX_0756,https://planetarydata.jpl.nasa.gov/img/data/mro/ctx/mrox_0756/data/B06_011830_2258_XN_45N344W.IMG,74.43,9.38,2009-02-03T07:33:37.747,1,E12_N44
B06_011870_2147_XN_34N355W,MROX_0757,https://planetarydata.jpl.nasa.gov/img/data/mro/ctx/mrox_0757/data/B06_011870_2147_XN_34N355W.IMG,69.06,1.05,2009-02-06T10:18:32.784,2,E0_N32;E4_N32
B06_011976_2145_XN_34N009W,MROX_0762,https://planetarydata.jpl.nasa.gov/img/data/mro/ctx/mrox_0762/data/B06_011976_2145_XN_34N009W.IMG,70.069,1.2399,2009-02-14T16:32:19.412,1,E-12_N32
B07_012200_2153_XN_35N005W,MROX_0767,https://planetarydata.jpl.nasa.gov/img/data/mro/ctx/mrox_0767/data/B07_012200_2153_XN_35N005W.IMG,72.26,0.0898,2009-03-04T03:26:18.553,1,E-8_N32
B07_012516_2154_XN_35N352W,MROX_0782,https://planetarydata.jpl.nasa.gov/img/data/mro/ctx/mrox_0782/data/B07_012516_2154_XN_35N352W.IMG,73.95,0.1,2009-03-28T18:23:24.161,1,E4_N32
B08_012635_2147_XI_34N001W,MROX_0788,https://planetarydata.jpl.nasa.gov/img/data/mro/ctx/mrox_0788/data/B08_012635_2147_XI_34N001W.IMG,73.7,0.25,2009-04-07T00:56:10.810,1,E-4_N32
B09_012951_2113_XN_31N348W,MROX_0805,https://planetarydata.jpl.nasa.gov/img/data/mro/ctx/mrox_0805/data/B09_012951_2113_XN_31N348W.IMG,70.959,0.1,2009-05-01T15:51:43.154,1,E8_N32
B09_013334_2143_XN_34N004W,MROX_0825,https://planetarydata.jpl.nasa.gov/img/data/mro/ctx/mrox_0825/data/B09_013334_2143_XN_34N004W.IMG,70.849,4.7198,2009-05-31T12:08:10.226,1,E-8_N32
B10_013518_2150_XN_35N351W,MROX_0831,https://planetarydata.jpl.nasa.gov/img/data/mro/ctx/mrox_0831/data/B10_013518_2150_XN_35N351W.IMG,68.12,24.44,2009-06-14T20:14:27.805,1,E8_N32
B12_014138_2234_XN_43N356W,MROX_0865,https://planetarydata.jpl.nasa.gov/img/data/mro/ctx/mrox_0865/data/B12_014138_2234_XN_43N356W.IMG,68.108,3.22,2009-08-02T03:45:55.575,1,E0_N40
B12_014178_2145_XI_34N007W,MROX_0868,https://planetarydata.jpl.nasa.gov/img/data/mro/ctx/mrox_0868/data/B12_014178_2145_XI_34N007W.IMG,60.53,3.9799,2009-08-05T06:30:52.334,1,E-8_N32
B12_014270_2227_XN_42N000W,MROX_0870,https://planetarydata.jpl.nasa.gov/img/data/mro/ctx/mrox_0870/data/B12_014270_2227_XN_42N000W.IMG,65.62,0.1,2009-08-12T10:36:14.012,1,E-4_N40
B16_015879_2125_XN_32N004W,MROX_0884,https://planetarydata.jpl.nasa.gov/img/data/mro/ctx/mrox_0884/data/B16_015879_2125_XN_32N004W.IMG,41.908,0.0898,2009-12-15T19:23:41.398,1,E-8_N32
B16_015905_2190_XN_39N355W,MROX_0888,https://planetarydata.jpl.nasa.gov/img/data/mro/ctx/mrox_0888/data/B16_015905_2190_XN_39N355W.IMG,44.109,3.72,2009-12-17T20:03:49.999,2,E0_N36;E4_N36
B16_015905_2232_XN_43N356W,MROX_0888,https://planetarydata.jpl.nasa.gov/img/data/mro/ctx/mrox_0888/data/B16_015905_2232_XN_43N356W.IMG,46.13,3.99,2009-12-17T20:05:12.502,1,E0_N40
B16_015918_2127_XN_32N349W,MROX_0889,https://planetarydata.jpl.nasa.gov/img/data/mro/ctx/mrox_0889/data/B16_015918_2127_XN_32N349W.IMG,41.978,2.08,2009-12-18T20:20:33.102,1,E8_N32
B16_015958_2163_XN_36N002W,MROX_0895,https://planetarydata.jpl.nasa.gov/img/data/mro/ctx/mrox_0895/data/B16_015958_2163_XN_36N002W.IMG,42.978,0.1,2009-12-21T23:09:13.090,2,E-4_N32;E-4_N36
B16_015971_2144_XI_34N356W,MROX_0896,https://planetarydata.jpl.nasa.gov/img/data/mro/ctx/mrox_0896/data/B16_015971_2144_XI_34N356W.IMG,42.39,2.2799,2009-12-22T23:27:22.294,3,E0_N32;E0_N36;E4_N32
B16_015984_2149_XN_34N351W,MROX_0898,https://planetarydata.jpl.nasa.gov/img/data/mro/ctx/mrox_0898/data/B16_015984_2149_XN_34N351W.IMG,42.35,0.1,2009-12-23T23:46:14.811,4,E4_N32;E4_N36;E8_N32;E8_N36
B16_016011_2180_XI_38N012W,MROX_0901,https://planetarydata.jpl.nasa.gov/img/data/mro/ctx/mrox_0901/data/B16_016011_2180_XI_38N012W.IMG,41.298,27.969,2009-12-26T02:17:22.193,1,E-12_N36
B16_016024_2117_XN_31N003W,MROX_0902,https://planetarydata.jpl.nasa.gov/img/data/mro/ctx/mrox_0902/data/B16_016024_2117_XN_31N003W.IMG,41.2,0.0898,2009-12-27T02:33:40.995,1,E-4_N32
B16_016037_2158_XN_35N359W,MROX_0903,https://planetarydata.jpl.nasa.gov/img/data/mro/ctx/mrox_0903/data/B16_016037_2158_XN_35N359W.IMG,42.34,1.6794,2009-12-28T02:53:59.809,2,E0_N32;E0_N36
B16_016037_2226_XN_42N000W,MROX_0903,https://planetarydata.jpl.nasa.gov/img/data/mro/ctx/mrox_0903/data/B16_016037_2226_XN_42N000W.IMG,44.95,3.9199,2009-12-28T02:56:17.719,2,E-4_N40;E0_N40
B16_016063_2132_XN_33N348W,MROX_0906,https://planetarydata.jpl.nasa.gov/img/data/mro/ctx/mrox_0906/data/B16_016063_2132_XN_33N348W.IMG,41.548,0.26,2009-12-30T03:30:39.941,1,E8_N32
B16_016077_2144_XN_34N010W,MROX_0908,https://planetarydata.jpl.nasa.gov/img/data/mro/ctx/mrox_0908/data/B16_016077_2144_XN_34N010W.IMG,41.908,0.53,2009-12-31T05:41:40.004,1,E-12_N32
B17_016090_2127_XN_32N005W,MROX_0911,https://planetarydata.jpl.nasa.gov/img/data/mro/ctx/mrox_0911/data/B17_016090_2127_XN_32N005W.IMG,41.329,0.1,2010-01-01T05:59:20.615,1,E-8_N32
B17_016116_2102_XI_30N355W,MROX_0915,https://planetarydata.jpl.nasa.gov/img/data/mro/ctx/mrox_0915/data/B17_016116_2102_XI_30N355W.IMG,40.429,2.95,2010-01-03T06:36:00.231,1,E4_N32
B17_016129_2162_XN_36N350W,MROX_0916,https://planetarydata.jpl.nasa.gov/img/data/mro/ctx/mrox_0916/data/B17_016129_2162_XN_36N350W.IMG,42.31,0.7197,2010-01-04T06:56:53.557,2,E8_N32;E8_N36
B17_016169_2169_XI_36N001W,MROX_0921,https://planetarydata.jpl.nasa.gov/img/data/mro/ctx/mrox_0921/data/B17_016169_2169_XI_36N001W.IMG,43.06,9.5396,2010-01-07T09:45:03.155,2,E-4_N32;E-4_N36
B17_016182_2232_XN_43N356W,MROX_0923,https://planetarydata.jpl.nasa.gov/img/data/mro/ctx/mrox_0923/data/B17_016182_2232_XN_43N356W.IMG,45.939,17.42,2010-01-08T10:06:17.078,1,E0_N40
B17_016195_2250_XN_45N354W,MROX_0925,https://planetarydata.jpl.nasa.gov/img/data/mro/ctx/mrox_0925/data/B17_016195_2250_XN_45N354W.IMG,44.868,7.0899,2010-01-09T10:25:02.189,2,E4_N40;E4_N44
B17_016222_2128_XN_32N009W,MROX_0929,https://planetarydata.jpl.nasa.gov/img/data/mro/ctx/mrox_0929/data/B17_016222_2128_XN_32N009W.IMG,41.079,0.1,2010-01-11T12:50:40.972,1,E-12_N32
B17_016235_2120_XN_32N004W,MROX_0931,https://planetarydata.jpl.nasa.gov/img/data/mro/ctx/mrox_0931/data/B17_016235_2120_XN_32N004W.IMG,40.899,0.0898,2010-01-12T13:09:25.486,2,E-4_N32;E-8_N32
B17_016274_2258_XN_45N350W,MROX_0936,https://planetarydata.jpl.nasa.gov/img/data/mro/ctx/mrox_0936/data/B17_016274_2258_XN_45N350W.IMG,45.57,4.4698,2010-01-15T14:09:58.240,1,E8_N44
B17_016287_2222_XI_42N344W,MROX_0938,https://planetarydata.jpl.nasa.gov/img/data/mro/ctx/mrox_0938/data/B17_016287_2222_XI_42N344W.IMG,43.95,2.91,2010-01-16T14:26:44.151,1,E12_N44
B17_016288_2131_XI_33N010W,MROX_0938,https://planetarydata.jpl.nasa.gov/img/data/mro/ctx/mrox_0938/data/B17_016288_2131_XI_33N010W.IMG,41.298,3.35,2010-01-16T16:16:12.194,1,E-12_N32
B17_016300_2282_XN_48N340W,MROX_0939,https://planetarydata.jpl.nasa.gov/img/data/mro/ctx/mrox_0939/data/B17_016300_2282_XN_48N340W.IMG,46.289,1.58,2010-01-17T14:47:40.164,1,E16_N44
B17_016301_2250_XN_45N007W,MROX_0939,https://planetarydata.jpl.nasa.gov/img/data/mro/ctx/mrox_0939/data/B17_016301_2250_XN_45N007W.IMG,45.09,4.3898,2010-01-17T16:39:06.723,1,E-8_N44
B17_016327_2160_XI_36N356W,MROX_0943,https://planetarydata.jpl.nasa.gov/img/data/mro/ctx/mrox_0943/data/B17_016327_2160_XI_36N356W.IMG,41.27,4.94,2010-01-19T17:13:44.233,2,E0_N32;E0_N36
B17_016340_2161_XN_36N351W,MROX_0945,https://planetarydata.jpl.nasa.gov/img/data/mro/ctx/mrox_0945/data/B17_016340_2161_XN_36N351W.IMG,41.649,0.1,2010-01-20T17:32:03.739,2,E8_N32;E8_N36
B17_016366_2244_XN_44N342W,MROX_0948,https://planetarydata.jpl.nasa.gov/img/data/mro/ctx/mrox_0948/data/B17_016366_2244_XN_44N342W.IMG,44.149,0.66,2010-01-22T18:11:30.757,1,E16_N44
B17_016367_2117_XN_31N007W,MROX_0949,https://planetarydata.jpl.nasa.gov/img/data/mro/ctx/mrox_0949/data/B17_016367_2117_XN_31N007W.IMG,40.7,0.0898,2010-01-22T20:00:09.300,1,E-8_N32
B17_016380_2126_XN_32N002W,MROX_0950,https://planetarydata.jpl.nasa.gov/img/data/mro/ctx/mrox_0950/data/B17_016380_2126_XN_32N002W.IMG,40.899,0.63,2010-01-23T20:18:41.406,1,E-4_N32
B17_016393_2116_XN_31N357W,MROX_0952,https://planetarydata.jpl.nasa.gov/img/data/mro/ctx/mrox_0952/data/B17_016393_2116_XN_31N357W.IMG,40.679,0.0898,2010-01-24T20:37:24.416,1,E0_N32
B17_016433_2266_XN_46N011W,MROX_0958,https://planetarydata.jpl.nasa.gov/img/data/mro/ctx/mrox_0958/data/B17_016433_2266_XN_46N011W.IMG,44.77,0.1,2010-01-27T23:30:36.716,1,E-12_N44
B17_016446_2125_XN_32N004W,MROX_0960,https://planetarydata.jpl.nasa.gov/img/data/mro/ctx/mrox_0960/data/B17_016446_2125_XN_32N004W.IMG,40.85,0.91,2010-01-28T23:44:25.714,1,E-8_N32
B17_016459_2197_XN_39N000W,MROX_0962,https://planetarydata.jpl.nasa.gov/img/data/mro/ctx/mrox_0962/data/B17_016459_2197_XN_39N000W.IMG,42.38,0.6895,2010-01-30T00:05:01.532,3,E-4_N36;E-4_N40;E0_N36
B17_016472_2287_XN_48N357W,MROX_0964,https://planetarydata.jpl.nasa.gov/img/data/mro/ctx/mrox_0964/data/B17_016472_2287_XN_48N357W.IMG,45.31,1.57,2010-01-31T00:27:02.752,1,E0_N44
B18_016498_2264_XI_46N345W,MROX_0967,https://planetarydata.jpl.nasa.gov/img/data/mro/ctx/mrox_0967/data/B18_016498_2264_XI_46N345W.IMG,44.939,7.57,2010-02-02T01:03:17.075,1,E12_N44
B18_016525_2143_XN_34N001W,MROX_0971,https://planetarydata.jpl.nasa.gov/img/data/mro/ctx/mrox_0971/data/B18_016525_2143_XN_34N001W.IMG,41.09,0.9899,2010-02-04T03:29:18.245,1,E-4_N32
B18_016551_2162_XN_36N351W,MROX_0974,https://planetarydata.jpl.nasa.gov/img/data/mro/ctx/mrox_0974/data/B18_016551_2162_XN_36N351W.IMG,41.289,0.0898,2010-02-06T04:07:07.369,2,E8_N32;E8_N36
B18_016578_2250_XN_45N007W,MROX_0978,https://planetarydata.jpl.nasa.gov/img/data/mro/ctx/mrox_0978/data/B18_016578_2250_XN_45N007W.IMG,45.329,22.78,2010-02-08T06:39:22.555,1,E-8_N44
B18_016591_2223_XN_42N004W,MROX_0979,https://planetarydata.jpl.nasa.gov/img/data/mro/ctx/mrox_0979/data/B18_016591_2223_XN_42N004W.IMG,42.658,0.0898,2010-02-09T06:56:51.166,2,E-4_N40;E-8_N40
B18_016604_2160_XI_36N356W,MROX_0981,https://planetarydata.jpl.nasa.gov/img/data/mro/ctx/mrox_0981/data/B18_016604_2160_XI_36N356W.IMG,42.548,17.07,2010-02-10T07:13:53.074,1,E0_N32
B18_016643_2264_XI_46N345W,MROX_0985,https://planetarydata.jpl.nasa.gov/img/data/mro/ctx/mrox_0985/data/B18_016643_2264_XI_46N345W.IMG,43.09,8.7599,2010-02-13T08:12:40.019,1,E12_N44
B18_016683_2125_XN_32N354W,MROX_0991,https://planetarydata.jpl.nasa.gov/img/data/mro/ctx/mrox_0991/data/B18_016683_2125_XN_32N354W.IMG,40.728,0.0898,2010-02-16T10:56:29.402,1,E4_N32
B18_016696_2161_XN_36N350W,MROX_0992,https://planetarydata.jpl.nasa.gov/img/data/mro/ctx/mrox_0992/data/B18_016696_2161_XN_36N350W.IMG,41.2,1.04,2010-02-17T11:16:17.122,1,E8_N32
B18_016722_2217_XN_41N340W,MROX_0996,https://planetarydata.jpl.nasa.gov/img/data/mro/ctx/mrox_0996/data/B18_016722_2217_XN_41N340W.IMG,42.039,1.57,2010-02-19T11:54:41.851,1,E16_N44
B18_016736_2136_XN_33N002W,MROX_0998,https://planetarydata.jpl.nasa.gov/img/data/mro/ctx/mrox_0998/data/B18_016736_2136_XN_33N002W.IMG,40.59,3.2599,2010-02-20T14:03:36.513,1,E-4_N32
B18_016736_2224_XN_42N003W,MROX_0998,https://planetarydata.jpl.nasa.gov/img/data/mro/ctx/mrox_0998/data/B18_016736_2224_XN_42N003W.IMG,42.02,4.0099,2010-02-20T14:06:15.024,1,E-4_N40
B18_016749_2126_XI_32N356W,MROX_1000,https://planetarydata.jpl.nasa.gov/img/data/mro/ctx/mrox_1000/data/B18_016749_2126_XI_32N356W.IMG,40.57,2.5,2010-02-21T14:21:33.030,1,E0_N32
B18_016775_2190_XN_39N347W,MROX_1005,https://planetarydata.jpl.nasa.gov/img/data/mro/ctx/mrox_1005/data/B18_016775_2190_XN_39N347W.IMG,41.1,5.0998,2010-02-23T15:01:01.267,2,E8_N36;E8_N40
B18_016788_2273_XI_47N345W,MROX_1007,https://planetarydata.jpl.nasa.gov/img/data/mro/ctx/mrox_1007/data/B18_016788_2273_XI_47N345W.IMG,42.31,16.268,2010-02-24T15:21:52.979,1,E12_N44
B18_016789_2162_XN_36N009W,MROX_1007,https://planetarydata.jpl.nasa.gov/img/data/mro/ctx/mrox_1007/data/B18_016789_2162_XN_36N009W.IMG,41.079,0.1,2010-02-24T17:10:54.924,2,E-12_N32;E-12_N36
B18_016815_2151_XI_35N358W,MROX_1011,https://planetarydata.jpl.nasa.gov/img/data/mro/ctx/mrox_1011/data/B18_016815_2151_XI_35N358W.IMG,41.1,1.8,2010-02-26T17:47:28.044,2,E0_N32;E0_N36
B18_016828_2143_XI_34N354W,MROX_1014,https://planetarydata.jpl.nasa.gov/img/data/mro/ctx/mrox_1014/data/B18_016828_2143_XI_34N354W.IMG,40.329,7.08,2010-02-27T18:05:54.061,2,E4_N32;E4_N36
B18_016841_2178_XN_37N349W,MROX_1016,https://planetarydata.jpl.nasa.gov/img/data/mro/ctx/mrox_1016/data/B18_016841_2178_XN_37N349W.IMG,41.14,1.4094,2010-02-28T18:25:38.781,2,E8_N32;E8_N36
B19_016855_2177_XN_37N011W,MROX_1018,https://planetarydata.jpl.nasa.gov/img/data/mro/ctx/mrox_1018/data/B19_016855_2177_XN_37N011W.IMG,41.219,0.1,2010-03-01T20:36:26.146,2,E-12_N32;E-12_N36
B19_016868_2125_XN_32N004W,MROX_1021,https://planetarydata.jpl.nasa.gov/img/data/mro/ctx/mrox_1021/data/B19_016868_2125_XN_32N004W.IMG,41.06,3.04,2010-03-02T20:53:16.960,1,E-8_N32
B19_016868_2250_XI_45N006W,MROX_1021,https://planetarydata.jpl.nasa.gov/img/data/mro/ctx/mrox_1021/data/B19_016868_2250_XI_45N006W.IMG,42.84,2.29,2010-03-02T20:57:48.073,1,E-8_N44
B19_016894_2125_XI_32N355W,MROX_1024,https://planetarydata.jpl.nasa.gov/img/data/mro/ctx/mrox_1024/data/B19_016894_2125_XI_32N355W.IMG,40.78,0.5897,2010-03-04T21:31:12.978,1,E4_N32
B19_016894_2286_XN_48N357W,MROX_1024,https://planetarydata.jpl.nasa.gov/img/data/mro/ctx/mrox_1024/data/B19_016894_2286_XN_48N357W.IMG,43.689,0.19,2010-03-04T21:36:17.498,1,E0_N44
B19_016907_2120_XN_32N349W,MROX_1027,https://planetarydata.jpl.nasa.gov/img/data/mro/ctx/mrox_1027/data/B19_016907_2120_XN_32N349W.IMG,41.35,6.6699,2010-03-05T21:49:58.292,1,E8_N32
B19_016933_2278_XN_47N342W,MROX_1032,https://planetarydata.jpl.nasa.gov/img/data/mro/ctx/mrox_1032/data/B19_016933_2278_XN_47N342W.IMG,42.92,4.95,2010-03-07T22:32:14.049,1,E16_N44
B19_016947_2164_XN_36N002W,MROX_1035,https://planetarydata.jpl.nasa.gov/img/data/mro/ctx/mrox_1035/data/B19_016947_2164_XN_36N002W.IMG,41.06,0.0898,2010-03-09T00:39:10.214,2,E-4_N32;E-4_N36
B19_016960_2263_XN_46N359W,MROX_1036,https://planetarydata.jpl.nasa.gov/img/data/mro/ctx/mrox_1036/data/B19_016960_2263_XN_46N359W.IMG,42.368,6.11,2010-03-10T01:01:40.739,2,E-4_N44;E0_N44
B19_016973_2136_XN_33N352W,MROX_1039,https://planetarydata.jpl.nasa.gov/img/data/mro/ctx/mrox_1039/data/B19_016973_2136_XN_33N352W.IMG,40.899,0.0898,2010-03-11T01:16:12.236,2,E4_N32;E8_N32
B19_016999_2240_XN_44N343W,MROX_1042,https://planetarydata.jpl.nasa.gov/img/data/mro/ctx/mrox_1042/data/B19_016999_2240_XN_44N343W.IMG,42.179,0.26,2010-03-13T01:56:06.266,2,E12_N44;E16_N44
B19_017026_2202_XN_40N000W,MROX_1046,https://planetarydata.jpl.nasa.gov/img/data/mro/ctx/mrox_1046/data/B19_017026_2202_XN_40N000W.IMG,41.45,0.1,2010-03-15T04:25:45.745,4,E-4_N36;E-4_N40;E0_N36;E0_N40
B19_017039_2250_XN_45N354W,MROX_1048,https://planetarydata.jpl.nasa.gov/img/data/mro/ctx/mrox_1048/data/B19_017039_2250_XN_45N354W.IMG,43.009,8.64,2010-03-16T04:45:42.458,2,E4_N40;E4_N44
B19_017052_2143_XN_34N349W,MROX_1050,https://planetarydata.jpl.nasa.gov/img/data/mro/ctx/mrox_1050/data/B19_017052_2143_XN_34N349W.IMG,40.75,2.5899,2010-03-17T05:01:10.170,1,E8_N32
B19_017066_2211_XN_41N012W,MROX_1052,https://planetarydata.jpl.nasa.gov/img/data/mro/ctx/mrox_1052/data/B19_017066_2211_XN_41N012W.IMG,41.56,0.1,2010-03-18T07:14:08.542,2,E-12_N36;E-12_N40
B19_017079_2126_XN_32N006W,MROX_1053,https://planetarydata.jpl.nasa.gov/img/data/mro/ctx/mrox_1053/data/B19_017079_2126_XN_32N006W.IMG,41.02,0.3699,2010-03-19T07:29:50.543,1,E-8_N32
B19_017105_2229_XI_42N357W,MROX_1058,https://planetarydata.jpl.nasa.gov/img/data/mro/ctx/mrox_1058/data/B19_017105_2229_XI_42N357W.IMG,42.0,2.25,2010-03-21T08:11:14.988,1,E0_N40
B19_017118_2113_XN_31N350W,MROX_1059,https://planetarydata.jpl.nasa.gov/img/data/mro/ctx/mrox_1059/data/B19_017118_2113_XN_31N350W.IMG,41.07,0.1,2010-03-22T08:26:09.997,1,E8_N32
B19_017145_2132_XN_33N008W,MROX_1063,https://planetarydata.jpl.nasa.gov/img/data/mro/ctx/mrox_1063/data/B19_017145_2132_XN_33N008W.IMG,40.969,0.9495,2010-03-24T10:55:52.976,2,E-12_N32;E-8_N32
B19_017158_2261_XN_46N004W,MROX_1064,https://planetarydata.jpl.nasa.gov/img/data/mro/ctx/mrox_1064/data/B19_017158_2261_XN_46N004W.IMG,42.439,0.3099,2010-03-25T11:18:51.200,2,E-8_N40;E-8_N44
B19_017171_2189_XN_38N358W,MROX_1066,https://planetarydata.jpl.nasa.gov/img/data/mro/ctx/mrox_1066/data/B19_017171_2189_XN_38N358W.IMG,41.868,7.8098,2010-03-26T11:35:50.213,1,E0_N36
B19_017184_2187_XI_38N353W,MROX_1068,https://planetarydata.jpl.nasa.gov/img/data/mro/ctx/mrox_1068/data/B19_017184_2187_XI_38N353W.IMG,41.048,2.2999,2010-03-27T11:53:59.925,3,E4_N32;E4_N36;E4_N40
B20_017277_2139_XN_33N011W,MROX_1081,https://planetarydata.jpl.nasa.gov/img/data/mro/ctx/mrox_1081/data/B20_017277_2139_XN_33N011W.IMG,41.39,2.9599,2010-04-03T17:48:23.102,1,E-12_N32
B20_017290_2162_XI_36N008W,MROX_1083,https://planetarydata.jpl.nasa.gov/img/data/mro/ctx/mrox_1083/data/B20_017290_2162_XI_36N008W.IMG,40.539,7.7599,2010-04-04T18:08:08.916,2,E-12_N36;E-8_N32
B20_017303_2225_XI_42N003W,MROX_1084,https://planetarydata.jpl.nasa.gov/img/data/mro/ctx/mrox_1084/data/B20_017303_2225_XI_42N003W.IMG,41.77,1.4697,2010-04-05T18:28:30.933,1,E-4_N40
B20_017356_2134_XN_33N008W,MROX_1090,https://planetarydata.jpl.nasa.gov/img/data/mro/ctx/mrox_1090/data/B20_017356_2134_XN_33N008W.IMG,41.27,0.0898,2010-04-09T21:32:47.806,1,E-12_N32
B20_017356_2242_XN_44N010W,MROX_1090,https://planetarydata.jpl.nasa.gov/img/data/mro/ctx/mrox_1090/data/B20_017356_2242_XN_44N010W.IMG,41.899,0.1,2010-04-09T21:36:28.317,2,E-12_N40;E-12_N44
B20_017369_2147_XN_34N004W,MROX_1092,https://planetarydata.jpl.nasa.gov/img/data/mro/ctx/mrox_1092/data/B20_017369_2147_XN_34N004W.IMG,41.25,0.1,2010-04-10T21:51:47.120,4,E-4_N32;E-4_N36;E-8_N32;E-8_N36
B20_017382_2134_XN_33N358W,MROX_1093,https://planetarydata.jpl.nasa.gov/img/data/mro/ctx/mrox_1093/data/B20_017382_2134_XN_33N358W.IMG,41.31,0.1,2010-04-11T22:10:13.133,1,E0_N32
B20_017395_2263_XN_46N356W,MROX_1095,https://planetarydata.jpl.nasa.gov/img/data/mro/ctx/mrox_1095/data/B20_017395_2263_XN_46N356W.IMG,42.06,2.72,2010-04-12T22:33:08.357,2,E0_N44;E4_N44
B20_017408_2244_XN_44N351W,MROX_1097,https://planetarydata.jpl.nasa.gov/img/data/mro/ctx/mrox_1097/data/B20_017408_2244_XN_44N351W.IMG,41.368,6.83,2010-04-13T22:51:31.975,2,E8_N40;E8_N44
B20_017514_2222_XN_42N004W,MROX_1109,https://planetarydata.jpl.nasa.gov/img/data/mro/ctx/mrox_1109/data/B20_017514_2222_XN_42N004W.IMG,41.64,0.63,2010-04-22T05:04:40.779,2,E-4_N40;E-8_N40
B20_017527_2288_XN_48N000W,MROX_1110,https://planetarydata.jpl.nasa.gov/img/data/mro/ctx/mrox_1110/data/B20_017527_2288_XN_48N000W.IMG,42.618,2.39,2010-04-23T05:25:28.101,1,E-4_N44
B20_017553_2186_XN_38N348W,MROX_1113,https://planetarydata.jpl.nasa.gov/img/data/mro/ctx/mrox_1113/data/B20_017553_2186_XN_38N348W.IMG,41.45,0.0898,2010-04-25T06:00:01.623,1,E8_N36
B20_017567_2157_XI_35N009W,MROX_1115,https://planetarydata.jpl.nasa.gov/img/data/mro/ctx/mrox_1115/data/B20_017567_2157_XI_35N009W.IMG,41.92,5.74,2010-04-26T08:09:38.882,2,E-12_N32;E-12_N36
B20_017580_2246_XN_44N005W,MROX_1116,https://planetarydata.jpl.nasa.gov/img/data/mro/ctx/mrox_1116/data/B20_017580_2246_XN_44N005W.IMG,42.579,6.8498,2010-04-27T08:31:30.692,2,E-8_N40;E-8_N44
B20_017593_2265_XN_46N001W,MROX_1118,https://planetarydata.jpl.nasa.gov/img/data/mro/ctx/mrox_1118/data/B20_017593_2265_XN_46N001W.IMG,42.368,0.0898,2010-04-28T08:50:27.689,2,E-4_N40;E-4_N44
B20_017606_2134_XI_33N354W,MROX_1119,https://planetarydata.jpl.nasa.gov/img/data/mro/ctx/mrox_1119/data/B20_017606_2134_XI_33N354W.IMG,41.689,0.55,2010-04-29T09:05:15.976,1,E4_N32
B20_017606_2267_XN_46N356W,MROX_1119,https://planetarydata.jpl.nasa.gov/img/data/mro/ctx/mrox_1119/data/B20_017606_2267_XN_46N356W.IMG,42.329,0.91,2010-04-29T09:09:42.292,1,E0_N44
B20_017619_2162_XI_36N350W,MROX_1120,https://planetarydata.jpl.nasa.gov/img/data/mro/ctx/mrox_1120/data/B20_017619_2162_XI_36N350W.IMG,41.189,4.2198,2010-04-30T09:25:20.887,1,E8_N32
B21_017646_2281_XN_48N008W,MROX_1124,https://planetarydata.jpl.nasa.gov/img/data/mro/ctx/mrox_1124/data/B21_017646_2281_XN_48N008W.IMG,42.728,0.34,2010-05-02T11:57:55.359,2,E-12_N44;E-8_N44
B21_017738_2262_XI_46N001W,MROX_1133,https://planetarydata.jpl.nasa.gov/img/data/mro/ctx/mrox_1133/data/B21_017738_2262_XI_46N001W.IMG,42.02,5.61,2010-05-09T16:00:41.895,2,E-4_N40;E-4_N44
B21_017751_2248_XN_44N355W,MROX_1134,https://planetarydata.jpl.nasa.gov/img/data/mro/ctx/mrox_1134/data/B21_017751_2248_XN_44N355W.IMG,42.259,0.1,2010-05-10T16:19:47.908,1,E4_N44
B21_017778_2198_XN_39N010W,MROX_1137,https://planetarydata.jpl.nasa.gov/img/data/mro/ctx/mrox_1137/data/B21_017778_2198_XN_39N010W.IMG,42.5,8.21,2010-05-12T18:47:28.476,2,E-12_N36;E-12_N40
B21_017804_2267_XI_46N002W,MROX_1139,https://planetarydata.jpl.nasa.gov/img/data/mro/ctx/mrox_1139/data/B21_017804_2267_XI_46N002W.IMG,42.74,0.89,2010-05-14T19:26:44.795,2,E-4_N40;E-4_N44
B21_017817_2266_XI_46N358W,MROX_1140,https://planetarydata.jpl.nasa.gov/img/data/mro/ctx/mrox_1140/data/B21_017817_2266_XI_46N358W.IMG,41.969,8.8399,2010-05-15T19:45:39.808,1,E0_N44
B21_017883_2144_XN_34N358W,MROX_1146,https://planetarydata.jpl.nasa.gov/img/data/mro/ctx/mrox_1146/data/B21_017883_2144_XN_34N358W.IMG,41.259,11.089,2010-05-20T23:08:07.209,1,E0_N32
B21_017949_2263_XN_46N359W,MROX_1151,https://planetarydata.jpl.nasa.gov/img/data/mro/ctx/mrox_1151/data/B21_017949_2263_XN_46N359W.IMG,43.71,9.8696,2010-05-26T02:37:29.313,2,E-4_N44;E0_N44
B21_017989_2140_XN_34N011W,MROX_1153,https://planetarydata.jpl.nasa.gov/img/data/mro/ctx/mrox_1153/data/B21_017989_2140_XN_34N011W.IMG,42.39,0.66,2010-05-29T05:21:44.547,1,E-12_N32
B22_018081_2250_XI_45N006W,MROX_1159,https://planetarydata.jpl.nasa.gov/img/data/mro/ctx/mrox_1159/data/B22_018081_2250_XI_45N006W.IMG,41.67,17.838,2010-06-05T09:28:37.782,1,E-8_N44
B22_018239_2174_XI_37N358W,MROX_1167,https://planetarydata.jpl.nasa.gov/img/data/mro/ctx/mrox_1167/data/B22_018239_2174_XI_37N358W.IMG,42.039,13.81,2010-06-17T16:54:59.703,1,E0_N36
B22_018279_2197_XN_39N010W,MROX_1169,https://planetarydata.jpl.nasa.gov/img/data/mro/ctx/mrox_1169/data/B22_018279_2197_XN_39N010W.IMG,42.689,8.89,2010-06-20T19:43:44.581,2,E-12_N36;E-12_N40
B22_018358_2277_XI_47N008W,MROX_1173,https://planetarydata.jpl.nasa.gov/img/data/mro/ctx/mrox_1173/data/B22_018358_2277_XI_47N008W.IMG,44.42,5.0099,2010-06-26T23:30:17.659,2,E-12_N44;E-8_N44
B22_018371_2119_XN_31N000W,MROX_1173,https://planetarydata.jpl.nasa.gov/img/data/mro/ctx/mrox_1173/data/B22_018371_2119_XN_31N000W.IMG,43.908,0.0898,2010-06-27T23:44:23.168,2,E-4_N32;E0_N32
B22_018384_2267_XI_46N357W,MROX_1174,https://planetarydata.jpl.nasa.gov/img/data/mro/ctx/mrox_1174/data/B22_018384_2267_XI_46N357W.IMG,44.548,2.62,2010-06-29T00:07:19.705,1,E0_N44
D01_027417_2195_XN_39N009W,MROX_1664,https://planetarydata.jpl.nasa.gov/img/data/mro/ctx/mrox_1664/data/D01_027417_2195_XN_39N009W.IMG,42.118,26.85,2012-06-01T20:40:48.592,2,E-12_N36;E-12_N40
D01_027430_2228_XN_42N001W,MROX_1665,https://planetarydata.jpl.nasa.gov/img/data/mro/ctx/mrox_1665/data/D01_027430_2228_XN_42N001W.IMG,44.81,0.8,2012-06-02T21:00:22.425,1,E-4_N40
D01_027456_2135_XI_33N350W,MROX_1668,https://planetarydata.jpl.nasa.gov/img/data/mro/ctx/mrox_1668/data/D01_027456_2135_XI_33N350W.IMG,44.149,2.52,2012-06-04T21:34:55.363,1,E8_N32
D01_027469_2243_XI_44N347W,MROX_1669,https://planetarydata.jpl.nasa.gov/img/data/mro/ctx/mrox_1669/data/D01_027469_2243_XI_44N347W.IMG,45.17,2.7,2012-06-05T21:56:42.290,1,E12_N44
D01_027482_2300_XN_50N343W,MROX_1670,https://planetarydata.jpl.nasa.gov/img/data/mro/ctx/mrox_1670/data/D01_027482_2300_XN_50N343W.IMG,46.25,7.3498,2012-06-06T22:16:35.017,1,E16_N44
D01_027483_2269_XI_46N009W,MROX_1670,https://planetarydata.jpl.nasa.gov/img/data/mro/ctx/mrox_1670/data/D01_027483_2269_XI_46N009W.IMG,45.71,4.49,2012-06-07T00:08:19.372,1,E-12_N44
D01_027535_2219_XI_41N348W,MROX_1674,https://planetarydata.jpl.nasa.gov/img/data/mro/ctx/mrox_1674/data/D01_027535_2219_XI_41N348W.IMG,45.039,5.74,2012-06-11T01:20:30.347,1,E8_N40
D01_027562_2146_XN_34N003W,MROX_1676,https://planetarydata.jpl.nasa.gov/img/data/mro/ctx/mrox_1676/data/D01_027562_2146_XN_34N003W.IMG,45.179,1.56,2012-06-13T03:47:20.532,1,E-4_N32
D01_027575_2300_XN_50N001W,MROX_1678,https://planetarydata.jpl.nasa.gov/img/data/mro/ctx/mrox_1678/data/D01_027575_2300_XN_50N001W.IMG,47.64,0.1,2012-06-14T04:10:33.255,1,E-4_N44
D01_027588_2249_XI_44N354W,MROX_1678,https://planetarydata.jpl.nasa.gov/img/data/mro/ctx/mrox_1678/data/D01_027588_2249_XI_44N354W.IMG,46.7,2.75,2012-06-15T04:27:40.203,2,E4_N40;E4_N44
D01_027601_2242_XI_44N347W,MROX_1679,https://planetarydata.jpl.nasa.gov/img/data/mro/ctx/mrox_1679/data/D01_027601_2242_XI_44N347W.IMG,48.478,24.678,2012-06-16T04:46:02.287,1,E12_N44
D01_027707_2199_XN_39N003W,MROX_1687,https://planetarydata.jpl.nasa.gov/img/data/mro/ctx/mrox_1687/data/D01_027707_2199_XN_39N003W.IMG,46.31,4.41,2012-06-24T10:57:01.299,2,E-4_N36;E-4_N40
D02_027826_2265_XN_46N012W,MROX_1696,https://planetarydata.jpl.nasa.gov/img/data/mro/ctx/mrox_1696/data/D02_027826_2265_XN_46N012W.IMG,49.27,1.56,2012-07-03T17:29:46.266,1,E-12_N44
D02_027892_2219_XI_41N011W,MROX_1700,https://planetarydata.jpl.nasa.gov/img/data/mro/ctx/mrox_1700/data/D02_027892_2219_XI_41N011W.IMG,50.09,16.989,2012-07-08T20:51:45.227,3,E-12_N36;E-12_N40;E-12_N44
D02_027997_2172_XN_37N358W,MROX_1705,https://planetarydata.jpl.nasa.gov/img/data/mro/ctx/mrox_1705/data/D02_027997_2172_XN_37N358W.IMG,49.009,0.38,2012-07-17T01:11:26.894,1,E0_N36
D02_028037_2116_XI_31N009W,MROX_1708,https://planetarydata.jpl.nasa.gov/img/data/mro/ctx/mrox_1708/data/D02_028037_2116_XI_31N009W.IMG,48.64,0.91,2012-07-20T03:56:59.134,1,E-12_N32
D02_028050_2182_XI_38N005W,MROX_1708,https://planetarydata.jpl.nasa.gov/img/data/mro/ctx/mrox_1708/data/D02_028050_2182_XI_38N005W.IMG,49.49,2.9599,2012-07-21T04:18:20.079,1,E-8_N36
D02_028063_2228_XN_42N001W,MROX_1709,https://planetarydata.jpl.nasa.gov/img/data/mro/ctx/mrox_1709/data/D02_028063_2228_XN_42N001W.IMG,50.899,0.5897,2012-07-22T04:38:00.812,2,E-4_N40;E-4_N44
D02_028182_2218_XI_41N011W,MROX_1714,https://planetarydata.jpl.nasa.gov/img/data/mro/ctx/mrox_1714/data/D02_028182_2218_XI_41N011W.IMG,50.939,13.759,2012-07-31T11:08:39.101,3,E-12_N36;E-12_N40;E-12_N44
D03_028274_2159_XI_35N359W,MROX_1720,https://planetarydata.jpl.nasa.gov/img/data/mro/ctx/mrox_1720/data/D03_028274_2159_XI_35N359W.IMG,52.179,5.3898,2012-08-07T15:09:37.079,2,E0_N32;E0_N36
D04_028603_2250_XN_45N342W,MROX_1725,https://planetarydata.jpl.nasa.gov/img/data/mro/ctx/mrox_1725/data/D04_028603_2250_XN_45N342W.IMG,58.74,0.0898,2012-09-02T06:24:56.651,1,E16_N44
D04_028670_2223_XI_42N010W,MROX_1729,https://planetarydata.jpl.nasa.gov/img/data/mro/ctx/mrox_1729/data/D04_028670_2223_XI_42N010W.IMG,59.298,6.91,2012-09-07T11:41:47.884,3,E-12_N36;E-12_N40;E-12_N44
D04_028683_2146_XI_34N003W,MROX_1730,https://planetarydata.jpl.nasa.gov/img/data/mro/ctx/mrox_1730/data/D04_028683_2146_XI_34N003W.IMG,57.728,15.99,2012-09-08T11:58:23.987,1,E-4_N32
D04_028709_2137_XN_33N355W,MROX_1731,https://planetarydata.jpl.nasa.gov/img/data/mro/ctx/mrox_1731/data/D04_028709_2137_XN_33N355W.IMG,56.03,7.4199,2012-09-10T12:35:57.261,2,E0_N32;E4_N32
D04_028722_2219_XI_41N348W,MROX_1732,https://planetarydata.jpl.nasa.gov/img/data/mro/ctx/mrox_1732/data/D04_028722_2219_XI_41N348W.IMG,61.158,23.309,2012-09-11T12:57:05.996,1,E8_N40
D04_028735_2267_XI_46N346W,MROX_1733,https://planetarydata.jpl.nasa.gov/img/data/mro/ctx/mrox_1733/data/D04_028735_2267_XI_46N346W.IMG,62.02,8.31,2012-09-12T13:17:09.862,1,E12_N44
D04_028788_2146_XN_34N351W,MROX_1736,https://planetarydata.jpl.nasa.gov/img/data/mro/ctx/mrox_1736/data/D04_028788_2146_XN_34N351W.IMG,58.408,7.37,2012-09-16T16:21:05.169,1,E8_N32
D04_028801_2268_XN_46N348W,MROX_1737,https://planetarydata.jpl.nasa.gov/img/data/mro/ctx/mrox_1737/data/D04_028801_2268_XN_46N348W.IMG,63.0,7.23,2012-09-17T16:43:42.579,2,E12_N44;E8_N44
D04_028815_2266_XI_46N011W,MROX_1737,https://planetarydata.jpl.nasa.gov/img/data/mro/ctx/mrox_1737/data/D04_028815_2266_XI_46N011W.IMG,62.228,5.61,2012-09-18T18:54:38.942,1,E-12_N44
D04_028841_2159_XN_35N359W,MROX_1739,https://planetarydata.jpl.nasa.gov/img/data/mro/ctx/mrox_1739/data/D04_028841_2159_XN_35N359W.IMG,58.789,2.95,2012-09-20T19:28:41.892,2,E0_N32;E0_N36
D04_028907_2146_XI_34N003W,MROX_1742,https://planetarydata.jpl.nasa.gov/img/data/mro/ctx/mrox_1742/data/D04_028907_2146_XI_34N003W.IMG,57.429,26.039,2012-09-25T22:53:53.913,2,E-4_N32;E-8_N32
D05_029012_2219_XI_41N348W,MROX_1748,https://planetarydata.jpl.nasa.gov/img/data/mro/ctx/mrox_1748/data/D05_029012_2219_XI_41N348W.IMG,63.798,1.8894,2012-10-04T03:18:01.793,1,E8_N40
D05_029092_2132_XN_33N011W,MROX_1752,https://planetarydata.jpl.nasa.gov/img/data/mro/ctx/mrox_1752/data/D05_029092_2132_XN_33N011W.IMG,61.82,6.7,2012-10-10T08:51:45.739,1,E-12_N32
D05_029144_2242_XN_44N353W,MROX_1754,https://planetarydata.jpl.nasa.gov/img/data/mro/ctx/mrox_1754/data/D05_029144_2242_XN_44N353W.IMG,66.53,2.0899,2012-10-14T10:10:22.127,2,E4_N40;E4_N44
D05_029355_2163_XN_36N352W,MROX_1761,https://planetarydata.jpl.nasa.gov/img/data/mro/ctx/mrox_1761/data/D05_029355_2163_XN_36N352W.IMG,65.879,0.8,2012-10-30T20:43:36.945,3,E4_N32;E4_N36;E8_N32
D06_029593_2165_XI_36N009W,MROX_1770,https://planetarydata.jpl.nasa.gov/img/data/mro/ctx/mrox_1770/data/D06_029593_2165_XI_36N009W.IMG,69.37,9.31,2012-11-18T09:51:00.585,2,E-12_N32;E-12_N36
D07_029988_2250_XI_45N355W,MROX_1784,https://planetarydata.jpl.nasa.gov/img/data/mro/ctx/mrox_1784/data/D07_029988_2250_XI_45N355W.IMG,77.819,5.3399,2012-12-19T04:34:36.465,2,E4_N40;E4_N44
D08_030344_2155_XN_35N353W,MROX_1794,https://planetarydata.jpl.nasa.gov/img/data/mro/ctx/mrox_1794/data/D08_030344_2155_XN_35N353W.IMG,73.18,6.8799,2013-01-15T22:22:07.180,1,E4_N32
D08_030371_2139_XN_33N011W,MROX_1795,https://planetarydata.jpl.nasa.gov/img/data/mro/ctx/mrox_1795/data/D08_030371_2139_XN_33N011W.IMG,71.599,2.2,2013-01-18T00:51:19.785,1,E-12_N32
D14_032704_2153_XN_35N347W,MROX_1858,https://planetarydata.jpl.nasa.gov/img/data/mro/ctx/mrox_1858/data/D14_032704_2153_XN_35N347W.IMG,48.1,7.9199,2013-07-18T20:00:01.860,1,E8_N32
D14_032770_2154_XN_35N348W,MROX_1860,https://planetarydata.jpl.nasa.gov/img/data/mro/ctx/mrox_1860/data/D14_032770_2154_XN_35N348W.IMG,48.329,7.2,2013-07-23T23:25:47.758,1,E8_N32
D15_032915_2154_XN_35N348W,MROX_1865,https://planetarydata.jpl.nasa.gov/img/data/mro/ctx/mrox_1865/data/D15_032915_2154_XN_35N348W.IMG,46.179,5.19,2013-08-04T06:36:22.902,1,E8_N32
D15_032929_2134_XI_33N010W,MROX_1865,https://planetarydata.jpl.nasa.gov/img/data/mro/ctx/mrox_1865/data/D15_032929_2134_XI_33N010W.IMG,44.92,4.3898,2013-08-05T08:46:42.616,1,E-12_N32
D15_032929_2265_XN_46N011W,MROX_1865,https://planetarydata.jpl.nasa.gov/img/data/mro/ctx/mrox_1865/data/D15_032929_2265_XN_46N011W.IMG,53.689,0.0898,2013-08-05T08:50:57.433,1,E-12_N44
D15_032968_2170_XI_37N353W,MROX_1867,https://planetarydata.jpl.nasa.gov/img/data/mro/ctx/mrox_1867/data/D15_032968_2170_XI_37N353W.IMG,48.189,19.28,2013-08-08T09:44:12.605,2,E4_N32;E4_N36
D15_033047_2171_XI_37N353W,MROX_1870,https://planetarydata.jpl.nasa.gov/img/data/mro/ctx/mrox_1870/data/D15_033047_2171_XI_37N353W.IMG,45.728,8.8498,2013-08-14T13:29:39.475,2,E4_N32;E4_N36
D15_033100_2226_XN_42N000W,MROX_1872,https://planetarydata.jpl.nasa.gov/img/data/mro/ctx/mrox_1872/data/D15_033100_2226_XN_42N000W.IMG,48.939,4.1798,2013-08-18T16:39:19.868,1,E-4_N40
D15_033113_2155_XN_35N353W,MROX_1873,https://planetarydata.jpl.nasa.gov/img/data/mro/ctx/mrox_1873/data/D15_033113_2155_XN_35N353W.IMG,45.03,2.31,2013-08-19T16:55:56.914,1,E4_N32
D15_033140_2237_XN_43N012W,MROX_1874,https://planetarydata.jpl.nasa.gov/img/data/mro/ctx/mrox_1874/data/D15_033140_2237_XN_43N012W.IMG,49.5,0.0898,2013-08-21T19:28:05.682,1,E-12_N40
D15_033179_2174_XN_37N356W,MROX_1875,https://planetarydata.jpl.nasa.gov/img/data/mro/ctx/mrox_1875/data/D15_033179_2174_XN_37N356W.IMG,45.399,0.0898,2013-08-24T20:22:13.326,4,E0_N32;E0_N36;E4_N32;E4_N36
D15_033219_2134_XI_33N010W,MROX_1878,https://planetarydata.jpl.nasa.gov/img/data/mro/ctx/mrox_1878/data/D15_033219_2134_XI_33N010W.IMG,41.469,23.14,2013-08-27T23:10:06.426,1,E-12_N32
D15_033245_2165_XN_36N358W,MROX_1878,https://planetarydata.jpl.nasa.gov/img/data/mro/ctx/mrox_1878/data/D15_033245_2165_XN_36N358W.IMG,43.99,7.82,2013-08-29T23:48:51.007,1,E0_N36
D15_033258_2155_XN_35N353W,MROX_1879,https://planetarydata.jpl.nasa.gov/img/data/mro/ctx/mrox_1879/data/D15_033258_2155_XN_35N353W.IMG,43.35,8.3,2013-08-31T00:07:20.655,1,E4_N32
D16_033377_2199_XN_39N003W,MROX_1885,https://planetarydata.jpl.nasa.gov/img/data/mro/ctx/mrox_1885/data/D16_033377_2199_XN_39N003W.IMG,44.95,6.03,2013-09-09T06:41:56.717,2,E-4_N36;E-4_N40
D16_033390_2180_XI_38N356W,MROX_1886,https://planetarydata.jpl.nasa.gov/img/data/mro/ctx/mrox_1886/data/D16_033390_2180_XI_38N356W.IMG,44.49,3.74,2013-09-10T06:59:45.349,2,E0_N32;E0_N36
D16_033430_2223_XI_42N010W,MROX_1887,https://planetarydata.jpl.nasa.gov/img/data/mro/ctx/mrox_1887/data/D16_033430_2223_XI_42N010W.IMG,45.679,8.1798,2013-09-13T09:49:20.225,3,E-12_N36;E-12_N40;E-12_N44
D16_033469_2256_XI_45N355W,MROX_1888,https://planetarydata.jpl.nasa.gov/img/data/mro/ctx/mrox_1888/data/D16_033469_2256_XI_45N355W.IMG,47.82,1.77,2013-09-16T10:46:48.318,2,E4_N40;E4_N44
D17_033733_2124_XN_32N000W,MROX_1898,https://planetarydata.jpl.nasa.gov/img/data/mro/ctx/mrox_1898/data/D17_033733_2124_XN_32N000W.IMG,41.009,4.11,2013-10-07T00:26:14.106,1,E-4_N32
D17_033786_2211_XN_41N009W,MROX_1900,https://planetarydata.jpl.nasa.gov/img/data/mro/ctx/mrox_1900/data/D17_033786_2211_XN_41N009W.IMG,43.49,0.1,2013-10-11T03:35:55.233,1,E-12_N40
D17_033812_2234_XN_43N000W,MROX_1901,https://planetarydata.jpl.nasa.gov/img/data/mro/ctx/mrox_1901/data/D17_033812_2234_XN_43N000W.IMG,43.658,9.73,2013-10-13T04:13:47.162,3,E-4_N40;E-4_N44;E0_N40
D17_033865_2246_XN_44N005W,MROX_1903,https://planetarydata.jpl.nasa.gov/img/data/mro/ctx/mrox_1903/data/D17_033865_2246_XN_44N005W.IMG,44.95,4.7099,2013-10-17T07:21:02.566,2,E-8_N40;E-8_N44
D17_033891_2174_XI_37N356W,MROX_1904,https://planetarydata.jpl.nasa.gov/img/data/mro/ctx/mrox_1904/data/D17_033891_2174_XI_37N356W.IMG,40.679,14.948,2013-10-19T07:56:12.178,1,E0_N36
D17_033918_2134_XN_33N010W,MROX_1905,https://planetarydata.jpl.nasa.gov/img/data/mro/ctx/mrox_1905/data/D17_033918_2134_XN_33N010W.IMG,41.789,14.57,2013-10-21T10:24:23.837,1,E-12_N32
D17_034023_2175_XI_37N356W,MROX_1910,https://planetarydata.jpl.nasa.gov/img/data/mro/ctx/mrox_1910/data/D17_034023_2175_XI_37N356W.IMG,43.02,19.399,2013-10-29T14:46:56.192,1,E0_N36
D18_034076_2127_XN_32N004W,MROX_1913,https://planetarydata.jpl.nasa.gov/img/data/mro/ctx/mrox_1913/data/D18_034076_2127_XN_32N004W.IMG,40.509,0.89,2013-11-02T17:52:23.417,1,E-8_N32
D18_034234_2124_XN_32N000W,MROX_1920,https://planetarydata.jpl.nasa.gov/img/data/mro/ctx/mrox_1920/data/D18_034234_2124_XN_32N000W.IMG,38.509,23.289,2013-11-15T01:20:06.180,1,E-4_N32
D18_034274_2194_XN_39N011W,MROX_1923,https://planetarydata.jpl.nasa.gov/img/data/mro/ctx/mrox_1923/data/D18_034274_2194_XN_39N011W.IMG,41.039,6.41,2013-11-18T04:10:10.909,1,E-12_N36
D18_034287_2183_XN_38N005W,MROX_1923,https://planetarydata.jpl.nasa.gov/img/data/mro/ctx/mrox_1923/data/D18_034287_2183_XN_38N005W.IMG,41.21,1.1494,2013-11-19T04:28:19.694,1,E-8_N36
D18_034300_2137_XN_33N359W,MROX_1923,https://planetarydata.jpl.nasa.gov/img/data/mro/ctx/mrox_1923/data/D18_034300_2137_XN_33N359W.IMG,40.82,3.1299,2013-11-20T04:45:34.373,1,E0_N32
D18_034339_2267_XI_46N346W,MROX_1925,https://planetarydata.jpl.nasa.gov/img/data/mro/ctx/mrox_1925/data/D18_034339_2267_XI_46N346W.IMG,43.978,7.4698,2013-11-23T05:45:36.976,1,E12_N44
D19_034485_2176_XI_37N011W,MROX_1932,https://planetarydata.jpl.nasa.gov/img/data/mro/ctx/mrox_1932/data/D19_034485_2176_XI_37N011W.IMG,41.219,2.4799,2013-12-04T14:47:00.018,2,E-12_N32;E-12_N36
D19_034564_2152_XN_35N007W,MROX_1937,https://planetarydata.jpl.nasa.gov/img/data/mro/ctx/mrox_1937/data/D19_034564_2152_XN_35N007W.IMG,41.469,8.33,2013-12-10T18:32:09.437,1,E-8_N32
D19_034590_2226_XN_42N000W,MROX_1938,https://planetarydata.jpl.nasa.gov/img/data/mro/ctx/mrox_1938/data/D19_034590_2226_XN_42N000W.IMG,41.368,5.8098,2013-12-12T19:12:14.932,2,E-4_N40;E0_N40
D19_034603_2155_XN_35N353W,MROX_1939,https://planetarydata.jpl.nasa.gov/img/data/mro/ctx/mrox_1939/data/D19_034603_2155_XN_35N353W.IMG,40.81,0.4798,2013-12-13T19:28:51.111,1,E4_N32
D19_034656_2193_XN_39N000W,MROX_1941,https://planetarydata.jpl.nasa.gov/img/data/mro/ctx/mrox_1941/data/D19_034656_2193_XN_39N000W.IMG,41.579,4.3399,2013-12-17T22:37:33.410,1,E-4_N36
D19_034669_2178_XN_37N355W,MROX_1942,https://planetarydata.jpl.nasa.gov/img/data/mro/ctx/mrox_1942/data/D19_034669_2178_XN_37N355W.IMG,40.939,1.57,2013-12-18T22:55:51.491,1,E4_N36
D19_034709_2156_XN_35N007W,MROX_1945,https://planetarydata.jpl.nasa.gov/img/data/mro/ctx/mrox_1945/data/D19_034709_2156_XN_35N007W.IMG,40.63,3.93,2013-12-22T01:43:42.974,3,E-12_N36;E-8_N32;E-8_N36
D19_034762_2170_XN_37N011W,MROX_1947,https://planetarydata.jpl.nasa.gov/img/data/mro/ctx/mrox_1947/data/D19_034762_2170_XN_37N011W.IMG,43.548,29.338,2013-12-26T04:51:23.237,2,E-12_N32;E-12_N36
D19_034775_2266_XI_46N011W,MROX_1948,https://planetarydata.jpl.nasa.gov/img/data/mro/ctx/mrox_1948/data/D19_034775_2266_XI_46N011W.IMG,42.149,4.4698,2013-12-27T05:13:38.924,1,E-12_N44
D19_034801_2115_XN_31N358W,MROX_1949,https://planetarydata.jpl.nasa.gov/img/data/mro/ctx/mrox_1949/data/D19_034801_2115_XN_31N358W.IMG,41.039,0.8,2013-12-29T05:45:32.263,1,E0_N32
D20_034880_2116_XN_31N355W,MROX_1954,https://planetarydata.jpl.nasa.gov/img/data/mro/ctx/mrox_1954/data/D20_034880_2116_XN_31N355W.IMG,41.24,0.0898,2014-01-04T09:31:18.709,2,E0_N32;E4_N32
D20_035025_2141_XN_34N355W,MROX_1963,https://planetarydata.jpl.nasa.gov/img/data/mro/ctx/mrox_1963/data/D20_035025_2141_XN_34N355W.IMG,41.158,2.5299,2014-01-15T16:43:19.852,1,E4_N32
D20_035052_2118_XN_31N011W,MROX_1966,https://planetarydata.jpl.nasa.gov/img/data/mro/ctx/mrox_1966/data/D20_035052_2118_XN_31N011W.IMG,41.63,0.92,2014-01-17T19:12:11.495,1,E-12_N32
D20_035078_2184_XN_38N005W,MROX_1968,https://planetarydata.jpl.nasa.gov/img/data/mro/ctx/mrox_1968/data/D20_035078_2184_XN_38N005W.IMG,38.969,28.809,2014-01-19T19:51:51.588,1,E-8_N36
D20_035131_2223_XI_42N010W,MROX_1972,https://planetarydata.jpl.nasa.gov/img/data/mro/ctx/mrox_1972/data/D20_035131_2223_XI_42N010W.IMG,41.38,5.03,2014-01-23T22:59:37.647,3,E-12_N36;E-12_N40;E-12_N44
D20_035157_2226_XN_42N000W,MROX_1974,https://planetarydata.jpl.nasa.gov/img/data/mro/ctx/mrox_1974/data/D20_035157_2226_XN_42N000W.IMG,41.85,0.0898,2014-01-25T23:37:54.210,2,E-4_N40;E0_N40
D20_035197_2199_XN_39N009W,MROX_1977,https://planetarydata.jpl.nasa.gov/img/data/mro/ctx/mrox_1977/data/D20_035197_2199_XN_39N009W.IMG,43.35,20.329,2014-01-29T02:25:25.571,1,E-12_N36
D20_035210_2278_XN_47N008W,MROX_1978,https://planetarydata.jpl.nasa.gov/img/data/mro/ctx/mrox_1978/data/D20_035210_2278_XN_47N008W.IMG,42.21,6.66,2014-01-30T02:46:41.583,1,E-12_N44
D20_035223_2133_XN_33N000W,MROX_1979,https://planetarydata.jpl.nasa.gov/img/data/mro/ctx/mrox_1979/data/D20_035223_2133_XN_33N000W.IMG,41.798,0.0898,2014-01-31T03:00:45.485,1,E-4_N32
D21_035236_2144_XN_34N356W,MROX_1981,https://planetarydata.jpl.nasa.gov/img/data/mro/ctx/mrox_1981/data/D21_035236_2144_XN_34N356W.IMG,41.06,8.6798,2014-02-01T03:20:00.590,1,E0_N32
D21_035302_2263_XN_46N359W,MROX_1986,https://planetarydata.jpl.nasa.gov/img/data/mro/ctx/mrox_1986/data/D21_035302_2263_XN_46N359W.IMG,42.32,2.85,2014-02-06T06:49:24.271,2,E-4_N44;E0_N44
D21_035407_2260_XI_46N345W,MROX_1995,https://planetarydata.jpl.nasa.gov/img/data/mro/ctx/mrox_1995/data/D21_035407_2260_XI_46N345W.IMG,42.85,2.2599,2014-02-14T11:10:56.593,1,E12_N44
D21_035434_2242_XN_44N002W,MROX_1998,https://planetarydata.jpl.nasa.gov/img/data/mro/ctx/mrox_1998/data/D21_035434_2242_XN_44N002W.IMG,42.509,0.1,2014-02-16T13:39:35.101,2,E-4_N40;E-4_N44
D21_035447_2117_XN_31N356W,MROX_1999,https://planetarydata.jpl.nasa.gov/img/data/mro/ctx/mrox_1999/data/D21_035447_2117_XN_31N356W.IMG,42.24,3.49,2014-02-17T13:54:25.089,1,E0_N32
D21_035487_2215_XN_41N009W,MROX_2003,https://planetarydata.jpl.nasa.gov/img/data/mro/ctx/mrox_2003/data/D21_035487_2215_XN_41N009W.IMG,41.99,4.73,2014-02-20T16:46:05.544,1,E-12_N40
D21_035500_2140_XN_34N003W,MROX_2003,https://planetarydata.jpl.nasa.gov/img/data/mro/ctx/mrox_2003/data/D21_035500_2140_XN_34N003W.IMG,42.259,2.4399,2014-02-21T17:02:20.040,1,E-4_N32
D21_035526_2121_XN_32N352W,MROX_2005,https://planetarydata.jpl.nasa.gov/img/data/mro/ctx/mrox_2005/data/D21_035526_2121_XN_32N352W.IMG,42.689,0.0898,2014-02-23T17:39:13.453,1,E4_N32
D21_035539_2147_XN_34N348W,MROX_2006,https://planetarydata.jpl.nasa.gov/img/data/mro/ctx/mrox_2006/data/D21_035539_2147_XN_34N348W.IMG,42.31,2.2299,2014-02-24T17:59:02.855,1,E8_N32
D22_035658_2166_XN_36N357W,MROX_2015,https://planetarydata.jpl.nasa.gov/img/data/mro/ctx/mrox_2015/data/D22_035658_2166_XN_36N357W.IMG,42.798,0.1,2014-03-06T00:31:47.518,2,E0_N32;E0_N36
D22_035698_2176_XI_37N011W,MROX_2019,https://planetarydata.jpl.nasa.gov/img/data/mro/ctx/mrox_2019/data/D22_035698_2176_XI_37N011W.IMG,41.1,22.149,2014-03-09T03:19:55.602,2,E-12_N32;E-12_N36
D22_035764_2120_XN_32N010W,MROX_2021,https://planetarydata.jpl.nasa.gov/img/data/mro/ctx/mrox_2021/data/D22_035764_2120_XN_32N010W.IMG,43.539,0.79,2014-03-14T06:43:48.506,1,E-12_N32
D22_035790_2269_XN_46N001W,MROX_2023,https://planetarydata.jpl.nasa.gov/img/data/mro/ctx/mrox_2023/data/D22_035790_2269_XN_46N001W.IMG,44.38,3.8999,2014-03-16T07:25:18.294,1,E-4_N44
D22_035843_2149_XN_34N008W,MROX_2028,https://planetarydata.jpl.nasa.gov/img/data/mro/ctx/mrox_2028/data/D22_035843_2149_XN_34N008W.IMG,42.96,7.7599,2014-03-20T10:28:19.167,3,E-12_N32;E-12_N36;E-8_N32
D22_035909_2139_XN_33N008W,MROX_2034,https://planetarydata.jpl.nasa.gov/img/data/mro/ctx/mrox_2034/data/D22_035909_2139_XN_33N008W.IMG,44.189,3.6099,2014-03-25T13:53:29.832,1,E-12_N32
D22_035909_2251_XN_45N010W,MROX_2034,https://planetarydata.jpl.nasa.gov/img/data/mro/ctx/mrox_2034/data/D22_035909_2251_XN_45N010W.IMG,44.56,2.6299,2014-03-25T13:57:19.141,1,E-12_N44
D22_035961_2215_XN_41N349W,MROX_2040,https://planetarydata.jpl.nasa.gov/img/data/mro/ctx/mrox_2040/data/D22_035961_2215_XN_41N349W.IMG,44.21,0.0898,2014-03-29T15:10:13.709,2,E8_N36;E8_N40
F01_036053_2245_XN_44N341W,MROX_2048,https://planetarydata.jpl.nasa.gov/img/data/mro/ctx/mrox_2048/data/F01_036053_2245_XN_44N341W.IMG,45.048,0.1,2014-04-05T19:12:59.823,1,E16_N44
F01_036093_2260_XN_46N353W,MROX_2052,https://planetarydata.jpl.nasa.gov/img/data/mro/ctx/mrox_2052/data/F01_036093_2260_XN_46N353W.IMG,45.899,4.3799,2014-04-08T22:02:10.123,1,E4_N44
F01_036119_2291_XN_49N343W,MROX_2055,https://planetarydata.jpl.nasa.gov/img/data/mro/ctx/mrox_2055/data/F01_036119_2291_XN_49N343W.IMG,46.439,1.56,2014-04-10T22:39:56.427,1,E16_N44
F01_036199_2148_XN_34N007W,MROX_2065,https://planetarydata.jpl.nasa.gov/img/data/mro/ctx/mrox_2065/data/F01_036199_2148_XN_34N007W.IMG,43.46,23.149,2014-04-17T04:10:44.103,3,E-12_N32;E-12_N36;E-8_N32
F01_036265_2135_XN_33N006W,MROX_2074,https://planetarydata.jpl.nasa.gov/img/data/mro/ctx/mrox_2074/data/F01_036265_2135_XN_33N006W.IMG,46.06,3.33,2014-04-22T07:35:16.277,1,E-8_N32
F01_036265_2260_XN_46N008W,MROX_2074,https://planetarydata.jpl.nasa.gov/img/data/mro/ctx/mrox_2074/data/F01_036265_2260_XN_46N008W.IMG,46.978,2.5099,2014-04-22T07:39:42.785,1,E-12_N44
F01_036291_2144_XN_34N356W,MROX_2078,https://planetarydata.jpl.nasa.gov/img/data/mro/ctx/mrox_2078/data/F01_036291_2144_XN_34N356W.IMG,46.02,0.79,2014-04-24T08:13:13.897,1,E0_N32
F01_036330_2245_XN_44N342W,MROX_2083,https://planetarydata.jpl.nasa.gov/img/data/mro/ctx/mrox_2083/data/F01_036330_2245_XN_44N342W.IMG,47.658,8.15,2014-04-27T09:11:52.189,1,E16_N44
F01_036344_2253_XN_45N005W,MROX_2085,https://planetarydata.jpl.nasa.gov/img/data/mro/ctx/mrox_2085/data/F01_036344_2253_XN_45N005W.IMG,47.359,0.79,2014-04-28T11:22:06.540,2,E-8_N40;E-8_N44
F01_036357_2252_XN_45N000W,MROX_2088,https://planetarydata.jpl.nasa.gov/img/data/mro/ctx/mrox_2088/data/F01_036357_2252_XN_45N000W.IMG,47.469,0.9495,2014-04-29T11:40:34.504,4,E-4_N40;E-4_N44;E0_N40;E0_N44
F02_036396_2272_XI_47N346W,MROX_2094,https://planetarydata.jpl.nasa.gov/img/data/mro/ctx/mrox_2094/data/F02_036396_2272_XI_47N346W.IMG,47.56,6.87,2014-05-02T12:36:51.194,1,E12_N44
F02_036397_2266_XI_46N011W,MROX_2094,https://planetarydata.jpl.nasa.gov/img/data/mro/ctx/mrox_2094/data/F02_036397_2266_XI_46N011W.IMG,48.35,4.57,2014-05-02T14:29:33.182,1,E-12_N44
F02_036475_2241_XI_44N341W,MROX_2106,https://planetarydata.jpl.nasa.gov/img/data/mro/ctx/mrox_2106/data/F02_036475_2241_XI_44N341W.IMG,47.75,5.78,2014-05-08T16:19:35.152,1,E16_N44
F02_036476_2194_XN_39N007W,MROX_2106,https://planetarydata.jpl.nasa.gov/img/data/mro/ctx/mrox_2106/data/F02_036476_2194_XN_39N007W.IMG,47.95,4.7099,2014-05-08T18:10:45.839,1,E-8_N36
F02_036555_2299_XN_49N006W,MROX_2117,https://planetarydata.jpl.nasa.gov/img/data/mro/ctx/mrox_2117/data/F02_036555_2299_XN_49N006W.IMG,50.27,0.8,2014-05-14T21:59:05.735,1,E-8_N44
F02_036581_2292_XN_49N357W,MROX_2121,https://planetarydata.jpl.nasa.gov/img/data/mro/ctx/mrox_2121/data/F02_036581_2292_XN_49N357W.IMG,49.96,5.6798,2014-05-16T22:37:07.476,1,E0_N44
F02_036608_2190_XN_39N012W,MROX_2125,https://planetarydata.jpl.nasa.gov/img/data/mro/ctx/mrox_2125/data/F02_036608_2190_XN_39N012W.IMG,48.478,3.0,2014-05-19T01:04:03.100,1,E-12_N36
F02_036621_2278_XN_47N008W,MROX_2127,https://planetarydata.jpl.nasa.gov/img/data/mro/ctx/mrox_2127/data/F02_036621_2278_XN_47N008W.IMG,50.149,4.2999,2014-05-20T01:25:43.084,1,E-12_N44
F02_036634_2186_XN_38N002W,MROX_2128,https://planetarydata.jpl.nasa.gov/img/data/mro/ctx/mrox_2128/data/F02_036634_2186_XN_38N002W.IMG,48.439,5.98,2014-05-21T01:41:40.451,1,E-4_N36
F02_036647_2145_XN_34N356W,MROX_2130,https://planetarydata.jpl.nasa.gov/img/data/mro/ctx/mrox_2130/data/F02_036647_2145_XN_34N356W.IMG,48.6,0.79,2014-05-22T01:58:49.822,3,E0_N32;E0_N36;E4_N32
F02_036660_2131_XN_33N351W,MROX_2132,https://planetarydata.jpl.nasa.gov/img/data/mro/ctx/mrox_2132/data/F02_036660_2131_XN_33N351W.IMG,47.978,9.08,2014-05-23T02:17:24.794,2,E4_N32;E8_N32
F02_036713_2226_XN_42N000W,MROX_2138,https://planetarydata.jpl.nasa.gov/img/data/mro/ctx/mrox_2138/data/F02_036713_2226_XN_42N000W.IMG,49.798,6.6299,2014-05-27T05:28:20.690,1,E-4_N40
F02_036726_2155_XN_35N353W,MROX_2139,https://planetarydata.jpl.nasa.gov/img/data/mro/ctx/mrox_2139/data/F02_036726_2155_XN_35N353W.IMG,49.34,1.3994,2014-05-28T05:44:57.143,1,E4_N32
F02_036739_2274_XN_47N351W,MROX_2141,https://planetarydata.jpl.nasa.gov/img/data/mro/ctx/mrox_2141/data/F02_036739_2274_XN_47N351W.IMG,50.908,9.6097,2014-05-29T06:07:13.932,1,E8_N44
F02_036752_2293_XN_49N345W,MROX_2143,https://planetarydata.jpl.nasa.gov/img/data/mro/ctx/mrox_2143/data/F02_036752_2293_XN_49N345W.IMG,52.32,0.0898,2014-05-30T06:26:32.013,1,E12_N44
F02_036753_2223_XI_42N010W,MROX_2143,https://planetarydata.jpl.nasa.gov/img/data/mro/ctx/mrox_2143/data/F02_036753_2223_XI_42N010W.IMG,51.17,6.2698,2014-05-30T08:16:15.933,3,E-12_N36;E-12_N40;E-12_N44
F03_036858_2138_XN_33N356W,MROX_2156,https://planetarydata.jpl.nasa.gov/img/data/mro/ctx/mrox_2156/data/F03_036858_2138_XN_33N356W.IMG,51.228,8.13,2014-06-07T12:37:10.036,2,E0_N32;E4_N32
F03_036871_2196_XN_39N353W,MROX_2157,https://planetarydata.jpl.nasa.gov/img/data/mro/ctx/mrox_2157/data/F03_036871_2196_XN_39N353W.IMG,51.39,1.27,2014-06-08T12:57:40.712,2,E4_N36;E4_N40
F03_036898_2252_XN_45N011W,MROX_2160,https://planetarydata.jpl.nasa.gov/img/data/mro/ctx/mrox_2160/data/F03_036898_2252_XN_45N011W.IMG,53.02,0.0898,2014-06-10T15:29:27.343,1,E-12_N44
F03_036937_2251_XI_45N355W,MROX_2165,https://planetarydata.jpl.nasa.gov/img/data/mro/ctx/mrox_2165/data/F03_036937_2251_XI_45N355W.IMG,54.02,7.33,2014-06-13T16:25:30.952,1,E4_N44
F03_036950_2137_XN_33N349W,MROX_2166,https://planetarydata.jpl.nasa.gov/img/data/mro/ctx/mrox_2166/data/F03_036950_2137_XN_33N349W.IMG,51.509,0.0898,2014-06-14T16:40:39.709,1,E8_N32
F03_037003_2230_XN_43N357W,MROX_2171,https://planetarydata.jpl.nasa.gov/img/data/mro/ctx/mrox_2171/data/F03_037003_2230_XN_43N357W.IMG,53.71,0.8,2014-06-18T19:51:21.543,1,E0_N40
F03_037095_2138_XI_33N348W,MROX_2181,https://planetarydata.jpl.nasa.gov/img/data/mro/ctx/mrox_2181/data/F03_037095_2138_XI_33N348W.IMG,52.539,6.8898,2014-06-25T23:51:45.977,1,E8_N32
F03_037122_2154_XN_35N008W,MROX_2184,https://planetarydata.jpl.nasa.gov/img/data/mro/ctx/mrox_2184/data/F03_037122_2154_XN_35N008W.IMG,51.5,26.379,2014-06-28T02:21:49.593,3,E-12_N32;E-12_N36;E-8_N32
F03_037148_2155_XN_35N355W,MROX_2187,https://planetarydata.jpl.nasa.gov/img/data/mro/ctx/mrox_2187/data/F03_037148_2155_XN_35N355W.IMG,54.109,1.56,2014-06-30T02:59:41.827,2,E4_N32;E4_N36
F04_037187_2244_XN_44N342W,MROX_2192,https://planetarydata.jpl.nasa.gov/img/data/mro/ctx/mrox_2192/data/F04_037187_2244_XN_44N342W.IMG,56.03,7.3098,2014-07-03T03:58:47.751,1,E16_N44
F04_037214_2159_XN_35N357W,MROX_2196,https://planetarydata.jpl.nasa.gov/img/data/mro/ctx/mrox_2196/data/F04_037214_2159_XN_35N357W.IMG,54.978,1.1895,2014-07-05T06:25:30.586,2,E0_N32;E0_N36
F04_037293_2126_XN_32N353W,MROX_2204,https://planetarydata.jpl.nasa.gov/img/data/mro/ctx/mrox_2204/data/F04_037293_2126_XN_32N353W.IMG,55.429,3.1899,2014-07-11T10:08:49.814,1,E4_N32
F04_037293_2256_XI_45N355W,MROX_2205,https://planetarydata.jpl.nasa.gov/img/data/mro/ctx/mrox_2205/data/F04_037293_2256_XI_45N355W.IMG,58.649,2.47,2014-07-11T10:12:34.855,1,E4_N44
F04_037320_2200_XN_40N012W,MROX_2207,https://planetarydata.jpl.nasa.gov/img/data/mro/ctx/mrox_2207/data/F04_037320_2200_XN_40N012W.IMG,56.689,6.8098,2014-07-13T12:40:46.348,1,E-12_N36
F04_037359_2175_XN_37N355W,MROX_2210,https://planetarydata.jpl.nasa.gov/img/data/mro/ctx/mrox_2210/data/F04_037359_2175_XN_37N355W.IMG,57.359,3.5299,2014-07-16T13:35:54.194,1,E4_N36
F04_037372_2205_XN_40N351W,MROX_2211,https://planetarydata.jpl.nasa.gov/img/data/mro/ctx/mrox_2211/data/F04_037372_2205_XN_40N351W.IMG,57.689,4.98,2014-07-17T13:55:27.248,2,E8_N36;E8_N40
F04_037386_2160_XN_36N012W,MROX_2213,https://planetarydata.jpl.nasa.gov/img/data/mro/ctx/mrox_2213/data/F04_037386_2160_XN_36N012W.IMG,57.49,5.61,2014-07-18T16:04:49.884,2,E-12_N32;E-12_N36
F04_037425_2125_XN_32N357W,MROX_2216,https://planetarydata.jpl.nasa.gov/img/data/mro/ctx/mrox_2216/data/F04_037425_2125_XN_32N357W.IMG,56.658,1.57,2014-07-21T16:59:00.219,1,E0_N32
F04_037465_2223_XN_42N010W,MROX_2220,https://planetarydata.jpl.nasa.gov/img/data/mro/ctx/mrox_2220/data/F04_037465_2223_XN_42N010W.IMG,59.59,4.86,2014-07-24T19:49:59.362,3,E-12_N36;E-12_N40;E-12_N44
F04_037491_2226_XN_42N000W,MROX_2222,https://planetarydata.jpl.nasa.gov/img/data/mro/ctx/mrox_2222/data/F04_037491_2226_XN_42N000W.IMG,60.42,0.0898,2014-07-26T20:27:59.361,2,E-4_N40;E0_N40
F04_037530_2282_XN_48N345W,MROX_2225,https://planetarydata.jpl.nasa.gov/img/data/mro/ctx/mrox_2225/data/F04_037530_2282_XN_48N345W.IMG,62.908,0.79,2014-07-29T21:24:30.707,1,E12_N44
F04_037544_2216_XN_41N006W,MROX_2227,https://planetarydata.jpl.nasa.gov/img/data/mro/ctx/mrox_2227/data/F04_037544_2216_XN_41N006W.IMG,60.859,0.0898,2014-07-30T23:33:46.644,2,E-8_N36;E-8_N40
F05_037649_2116_XN_31N351W,MROX_2237,https://planetarydata.jpl.nasa.gov/img/data/mro/ctx/mrox_2237/data/F05_037649_2116_XN_31N351W.IMG,59.109,2.8199,2014-08-08T03:51:44.523,1,E8_N32
F05_037649_2276_XN_47N355W,MROX_2238,https://planetarydata.jpl.nasa.gov/img/data/mro/ctx/mrox_2238/data/F05_037649_2276_XN_47N355W.IMG,64.069,7.8498,2014-08-08T03:56:53.539,1,E4_N44
F05_037754_2257_XN_45N340W,MROX_2248,https://planetarydata.jpl.nasa.gov/img/data/mro/ctx/mrox_2248/data/F05_037754_2257_XN_45N340W.IMG,65.5,0.0898,2014-08-16T08:16:19.637,1,E16_N44
F05_037807_2267_XI_46N346W,MROX_2253,https://planetarydata.jpl.nasa.gov/img/data/mro/ctx/mrox_2253/data/F05_037807_2267_XI_46N346W.IMG,67.459,9.5297,2014-08-20T11:22:55.732,1,E12_N44
F05_037953_2149_XN_34N010W,MROX_2260,https://planetarydata.jpl.nasa.gov/img/data/mro/ctx/mrox_2260/data/F05_037953_2149_XN_34N010W.IMG,64.31,0.51,2014-08-31T20:19:56.861,1,E-12_N32
F06_038071_2130_XI_33N350W,MROX_2268,https://planetarydata.jpl.nasa.gov/img/data/mro/ctx/mrox_2268/data/F06_038071_2130_XI_33N350W.IMG,65.5,6.7698,2014-09-10T00:57:36.385,1,E8_N32
F06_038190_2279_XN_47N000W,MROX_2274,https://planetarydata.jpl.nasa.gov/img/data/mro/ctx/mrox_2274/data/F06_038190_2279_XN_47N000W.IMG,73.769,7.8399,2014-09-19T07:32:37.807,1,E-4_N44
F06_038230_2157_XN_35N012W,MROX_2276,https://planetarydata.jpl.nasa.gov/img/data/mro/ctx/mrox_2276/data/F06_038230_2157_XN_35N012W.IMG,67.909,2.0499,2014-09-22T10:16:15.552,1,E-12_N32
F06_038335_2125_XN_32N356W,MROX_2281,https://planetarydata.jpl.nasa.gov/img/data/mro/ctx/mrox_2281/data/F06_038335_2125_XN_32N356W.IMG,67.84,1.02,2014-09-30T14:32:37.986,1,E0_N32
F07_038441_2132_XN_33N010W,MROX_2289,https://planetarydata.jpl.nasa.gov/img/data/mro/ctx/mrox_2289/data/F07_038441_2132_XN_33N010W.IMG,68.68,6.91,2014-10-08T20:40:59.170,1,E-12_N32
F09_039140_2152_XN_35N005W,MROX_2312,https://planetarydata.jpl.nasa.gov/img/data/mro/ctx/mrox_2312/data/F09_039140_2152_XN_35N005W.IMG,73.799,5.73,2014-12-02T07:20:17.071,1,E-8_N32
F11_039997_2168_XN_36N359W,MROX_2349,https://planetarydata.jpl.nasa.gov/img/data/mro/ctx/mrox_2349/data/F11_039997_2168_XN_36N359W.IMG,71.299,18.98,2015-02-07T01:59:09.759,1,E0_N36
F13_040841_2204_XN_40N004W,MROX_2372,https://planetarydata.jpl.nasa.gov/img/data/mro/ctx/mrox_2372/data/F13_040841_2204_XN_40N004W.IMG,62.219,6.4298,2015-04-13T20:23:19.765,3,E-4_N36;E-4_N40;E-8_N40
F14_041144_2201_XN_40N356W,MROX_2384,https://planetarydata.jpl.nasa.gov/img/data/mro/ctx/mrox_2384/data/F14_041144_2201_XN_40N356W.IMG,57.618,4.6699,2015-05-07T11:00:55.892,1,E0_N36
F16_041922_2189_XN_38N356W,MROX_2397,https://planetarydata.jpl.nasa.gov/img/data/mro/ctx/mrox_2397/data/F16_041922_2189_XN_38N356W.IMG,48.618,17.44,2015-07-07T02:01:29.648,1,E0_N36
F16_042146_2251_XN_45N354W,MROX_2403,https://planetarydata.jpl.nasa.gov/img/data/mro/ctx/mrox_2403/data/F16_042146_2251_XN_45N354W.IMG,49.09,0.1,2015-07-24T12:57:51.487,1,E4_N44
F17_042318_2208_XN_40N009W,MROX_2409,https://planetarydata.jpl.nasa.gov/img/data/mro/ctx/mrox_2409/data/F17_042318_2208_XN_40N009W.IMG,45.75,5.8098,2015-08-06T22:36:46.397,1,E-12_N40
F17_042331_2157_XN_35N007W,MROX_2409,https://planetarydata.jpl.nasa.gov/img/data/mro/ctx/mrox_2409/data/F17_042331_2157_XN_35N007W.IMG,40.57,32.02,2015-08-07T22:53:49.240,2,E-12_N32;E-8_N32
F17_042529_2139_XN_33N010W,MROX_2414,https://planetarydata.jpl.nasa.gov/img/data/mro/ctx/mrox_2414/data/F17_042529_2139_XN_33N010W.IMG,41.42,0.1,2015-08-23T09:10:50.811,1,E-12_N32
F17_042568_2179_XN_37N356W,MROX_2415,https://planetarydata.jpl.nasa.gov/img/data/mro/ctx/mrox_2415/data/F17_042568_2179_XN_37N356W.IMG,42.25,5.0099,2015-08-26T10:08:16.360,2,E0_N36;E4_N36
F17_042595_2207_XN_40N009W,MROX_2416,https://planetarydata.jpl.nasa.gov/img/data/mro/ctx/mrox_2416/data/F17_042595_2207_XN_40N009W.IMG,45.978,31.199,2015-08-28T12:38:36.448,1,E-12_N40
F17_042621_2197_XN_39N003W,MROX_2417,https://planetarydata.jpl.nasa.gov/img/data/mro/ctx/mrox_2417/data/F17_042621_2197_XN_39N003W.IMG,42.868,1.6394,2015-08-30T13:15:42.439,1,E-4_N36
F18_042700_2273_XN_47N000W,MROX_2421,https://planetarydata.jpl.nasa.gov/img/data/mro/ctx/mrox_2421/data/F18_042700_2273_XN_47N000W.IMG,46.219,6.53,2015-09-05T17:02:26.294,1,E-4_N44
F18_042739_2263_XI_46N345W,MROX_2422,https://planetarydata.jpl.nasa.gov/img/data/mro/ctx/mrox_2422/data/F18_042739_2263_XI_46N345W.IMG,44.92,1.27,2015-09-08T17:57:35.521,1,E12_N44
F18_042752_2240_XI_44N340W,MROX_2422,https://planetarydata.jpl.nasa.gov/img/data/mro/ctx/mrox_2422/data/F18_042752_2240_XI_44N340W.IMG,44.149,2.9399,2015-09-09T18:16:00.612,1,E16_N44
F18_042885_2265_XN_46N011W,MROX_2427,https://planetarydata.jpl.nasa.gov/img/data/mro/ctx/mrox_2427/data/F18_042885_2265_XN_46N011W.IMG,44.219,0.0898,2015-09-20T03:00:04.936,1,E-12_N44
F18_042924_2195_XN_39N354W,MROX_2428,https://planetarydata.jpl.nasa.gov/img/data/mro/ctx/mrox_2428/data/F18_042924_2195_XN_39N354W.IMG,42.28,9.38,2015-09-23T03:53:34.411,2,E4_N36;E4_N40
F18_042964_2161_XN_36N006W,MROX_2429,https://planetarydata.jpl.nasa.gov/img/data/mro/ctx/mrox_2429/data/F18_042964_2161_XN_36N006W.IMG,40.74,2.25,2015-09-26T06:40:51.366,2,E-8_N32;E-8_N36
F19_043043_2250_XN_45N006W,MROX_2432,https://planetarydata.jpl.nasa.gov/img/data/mro/ctx/mrox_2432/data/F19_043043_2250_XN_45N006W.IMG,41.969,11.689,2015-10-02T10:27:44.799,1,E-8_N44
F19_043096_2140_XN_34N011W,MROX_2434,https://planetarydata.jpl.nasa.gov/img/data/mro/ctx/mrox_2434/data/F19_043096_2140_XN_34N011W.IMG,39.53,5.33,2015-10-06T13:30:59.370,1,E-12_N32
F19_043109_2250_XN_45N006W,MROX_2434,https://planetarydata.jpl.nasa.gov/img/data/mro/ctx/mrox_2434/data/F19_043109_2250_XN_45N006W.IMG,42.88,4.5198,2015-10-07T13:53:00.999,1,E-8_N44
F19_043148_2153_XN_35N350W,MROX_2436,https://planetarydata.jpl.nasa.gov/img/data/mro/ctx/mrox_2436/data/F19_043148_2153_XN_35N350W.IMG,40.219,2.35,2015-10-10T14:45:52.856,1,E8_N32
F19_043333_2230_XN_43N002W,MROX_2443,https://planetarydata.jpl.nasa.gov/img/data/mro/ctx/mrox_2443/data/F19_043333_2230_XN_43N002W.IMG,41.149,0.0898,2015-10-25T00:44:56.620,2,E-4_N40;E-4_N44
F19_043346_2220_XN_42N357W,MROX_2443,https://planetarydata.jpl.nasa.gov/img/data/mro/ctx/mrox_2443/data/F19_043346_2220_XN_42N357W.IMG,40.5,4.82,2015-10-26T01:03:35.748,1,E0_N40
F20_043425_2207_XN_40N354W,MROX_2447,https://planetarydata.jpl.nasa.gov/img/data/mro/ctx/mrox_2447/data/F20_043425_2207_XN_40N354W.IMG,39.859,7.0499,2015-11-01T04:46:52.783,1,E4_N40
F20_043544_2214_XN_41N002W,MROX_2449,https://planetarydata.jpl.nasa.gov/img/data/mro/ctx/mrox_2449/data/F20_043544_2214_XN_41N002W.IMG,40.329,0.11,2015-11-10T11:18:26.846,1,E-4_N40
F20_043557_2144_XN_34N356W,MROX_2450,https://planetarydata.jpl.nasa.gov/img/data/mro/ctx/mrox_2450/data/F20_043557_2144_XN_34N356W.IMG,39.548,0.11,2015-11-11T11:34:49.271,1,E0_N32
F20_043570_2132_XN_33N351W,MROX_2451,https://planetarydata.jpl.nasa.gov/img/data/mro/ctx/mrox_2451/data/F20_043570_2132_XN_33N351W.IMG,39.118,4.99,2015-11-12T11:53:03.798,1,E8_N32
F20_043583_2212_XN_41N347W,MROX_2451,https://planetarydata.jpl.nasa.gov/img/data/mro/ctx/mrox_2451/data/F20_043583_2212_XN_41N347W.IMG,39.859,4.33,2015-11-13T12:13:45.930,1,E8_N40
F20_043623_2161_XN_36N358W,MROX_2453,https://planetarydata.jpl.nasa.gov/img/data/mro/ctx/mrox_2453/data/F20_043623_2161_XN_36N358W.IMG,39.439,2.02,2015-11-16T15:00:19.587,1,E0_N32
F20_043649_2212_XN_41N347W,MROX_2454,https://planetarydata.jpl.nasa.gov/img/data/mro/ctx/mrox_2454/data/F20_043649_2212_XN_41N347W.IMG,41.09,12.349,2015-11-18T15:38:39.241,1,E8_N40
F20_043676_2125_XN_32N005W,MROX_2455,https://planetarydata.jpl.nasa.gov/img/data/mro/ctx/mrox_2455/data/F20_043676_2125_XN_32N005W.IMG,39.408,1.57,2015-11-20T18:04:49.673,1,E-8_N32
F20_043702_2224_XN_42N356W,MROX_2456,https://planetarydata.jpl.nasa.gov/img/data/mro/ctx/mrox_2456/data/F20_043702_2224_XN_42N356W.IMG,40.38,1.56,2015-11-22T18:45:42.542,2,E0_N40;E4_N40
F20_043715_2175_XI_37N350W,MROX_2456,https://planetarydata.jpl.nasa.gov/img/data/mro/ctx/mrox_2456/data/F20_043715_2175_XI_37N350W.IMG,39.67,0.75,2015-11-23T19:02:04.064,2,E8_N32;E8_N36
F20_043768_2184_XI_38N354W,MROX_2458,https://planetarydata.jpl.nasa.gov/img/data/mro/ctx/mrox_2458/data/F20_043768_2184_XI_38N354W.IMG,41.84,25.8,2015-11-27T22:08:49.045,1,E4_N36
F20_043781_2195_XI_39N351W,MROX_2459,https://planetarydata.jpl.nasa.gov/img/data/mro/ctx/mrox_2459/data/F20_043781_2195_XI_39N351W.IMG,40.28,6.66,2015-11-28T22:27:31.974,3,E4_N40;E8_N36;E8_N40
F21_043847_2198_XN_39N354W,MROX_2462,https://planetarydata.jpl.nasa.gov/img/data/mro/ctx/mrox_2462/data/F21_043847_2198_XN_39N354W.IMG,39.21,6.83,2015-12-04T01:53:05.074,1,E4_N36
F21_043874_2152_XN_35N010W,MROX_2463,https://planetarydata.jpl.nasa.gov/img/data/mro/ctx/mrox_2463/data/F21_043874_2152_XN_35N010W.IMG,39.539,0.45,2015-12-06T04:20:42.803,1,E-12_N32
F21_043926_2195_XI_39N351W,MROX_2464,https://planetarydata.jpl.nasa.gov/img/data/mro/ctx/mrox_2464/data/F21_043926_2195_XI_39N351W.IMG,39.03,8.2797,2015-12-10T05:35:32.975,3,E4_N40;E8_N36;E8_N40
F21_043992_2214_XI_41N353W,MROX_2466,https://planetarydata.jpl.nasa.gov/img/data/mro/ctx/mrox_2466/data/F21_043992_2214_XI_41N353W.IMG,39.38,6.33,2015-12-15T09:00:56.923,2,E4_N36;E4_N40
F21_044019_2185_XI_38N008W,MROX_2467,https://planetarydata.jpl.nasa.gov/img/data/mro/ctx/mrox_2467/data/F21_044019_2185_XI_38N008W.IMG,40.17,6.87,2015-12-17T11:28:58.886,2,E-12_N36;E-12_N40
F21_044058_2168_XN_36N355W,MROX_2469,https://planetarydata.jpl.nasa.gov/img/data/mro/ctx/mrox_2469/data/F21_044058_2168_XN_36N355W.IMG,38.07,18.379,2015-12-20T12:24:10.977,3,E0_N36;E4_N32;E4_N36
F21_044071_2175_XI_37N349W,MROX_2469,https://planetarydata.jpl.nasa.gov/img/data/mro/ctx/mrox_2469/data/F21_044071_2175_XI_37N349W.IMG,38.969,7.6299,2015-12-21T12:42:39.910,2,E8_N32;E8_N36
F21_044124_2167_XN_36N355W,MROX_2471,https://planetarydata.jpl.nasa.gov/img/data/mro/ctx/mrox_2471/data/F21_044124_2167_XN_36N355W.IMG,39.42,2.3599,2015-12-25T15:48:43.339,3,E0_N36;E4_N32;E4_N36
F21_044137_2180_XI_38N350W,MROX_2471,https://planetarydata.jpl.nasa.gov/img/data/mro/ctx/mrox_2471/data/F21_044137_2180_XI_38N350W.IMG,39.49,1.8994,2015-12-26T16:07:25.971,2,E8_N32;E8_N36
F21_044164_2185_XI_38N008W,MROX_2472,https://planetarydata.jpl.nasa.gov/img/data/mro/ctx/mrox_2472/data/F21_044164_2185_XI_38N008W.IMG,38.969,9.15,2015-12-28T18:36:40.813,2,E-12_N36;E-12_N40
F22_044256_2155_XN_35N358W,MROX_2476,https://planetarydata.jpl.nasa.gov/img/data/mro/ctx/mrox_2476/data/F22_044256_2155_XN_35N358W.IMG,39.719,0.0898,2016-01-04T22:37:52.310,1,E0_N32
F22_044322_2213_XN_41N001W,MROX_2479,https://planetarydata.jpl.nasa.gov/img/data/mro/ctx/mrox_2479/data/F22_044322_2213_XN_41N001W.IMG,39.84,3.1299,2016-01-10T02:04:10.470,1,E-4_N40
F22_044335_2185_XN_38N356W,MROX_2479,https://planetarydata.jpl.nasa.gov/img/data/mro/ctx/mrox_2479/data/F22_044335_2185_XN_38N356W.IMG,39.56,3.85,2016-01-11T02:21:47.894,2,E0_N36;E4_N36
F22_044375_2155_XI_35N007W,MROX_2481,https://planetarydata.jpl.nasa.gov/img/data/mro/ctx/mrox_2481/data/F22_044375_2155_XI_35N007W.IMG,40.149,3.7099,2016-01-14T05:07:50.833,2,E-8_N32;E-8_N36
F22_044388_2163_XN_36N359W,MROX_2481,https://planetarydata.jpl.nasa.gov/img/data/mro/ctx/mrox_2481/data/F22_044388_2163_XN_36N359W.IMG,41.99,25.12,2016-01-15T05:26:18.652,3,E-4_N36;E0_N32;E0_N36
F22_044414_2195_XI_39N352W,MROX_2482,https://planetarydata.jpl.nasa.gov/img/data/mro/ctx/mrox_2482/data/F22_044414_2195_XI_39N352W.IMG,40.289,3.1,2016-01-17T06:04:17.795,3,E4_N36;E4_N40;E8_N36
F22_044427_2295_XI_49N349W,MROX_2483,https://planetarydata.jpl.nasa.gov/img/data/mro/ctx/mrox_2483/data/F22_044427_2295_XI_49N349W.IMG,41.728,0.88,2016-01-18T06:25:47.833,1,E8_N44
F22_044480_2251_XI_45N352W,MROX_2485,https://planetarydata.jpl.nasa.gov/img/data/mro/ctx/mrox_2485/data/F22_044480_2251_XI_45N352W.IMG,42.96,24.699,2016-01-22T09:30:18.692,4,E4_N40;E4_N44;E8_N40;E8_N44
F22_044493_2257_XI_45N349W,MROX_2485,https://planetarydata.jpl.nasa.gov/img/data/mro/ctx/mrox_2485/data/F22_044493_2257_XI_45N349W.IMG,41.38,4.2999,2016-01-23T09:48:57.688,2,E8_N40;E8_N44
F22_044506_2244_XI_44N345W,MROX_2486,https://planetarydata.jpl.nasa.gov/img/data/mro/ctx/mrox_2486/data/F22_044506_2244_XI_44N345W.IMG,40.09,9.4496,2016-01-24T10:07:20.710,1,E12_N44
F22_044507_2217_XI_41N008W,MROX_2486,https://planetarydata.jpl.nasa.gov/img/data/mro/ctx/mrox_2486/data/F22_044507_2217_XI_41N008W.IMG,42.42,23.699,2016-01-24T11:58:14.690,2,E-12_N36;E-12_N40
F23_044665_2237_XN_43N005W,MROX_2487,https://planetarydata.jpl.nasa.gov/img/data/mro/ctx/mrox_2487/data/F23_044665_2237_XN_43N005W.IMG,40.95,3.1499,2016-02-05T19:24:54.902,1,E-8_N40
F23_044678_2185_XN_38N356W,MROX_2488,https://planetarydata.jpl.nasa.gov/img/data/mro/ctx/mrox_2488/data/F23_044678_2185_XN_38N356W.IMG,42.71,25.03,2016-02-06T19:41:38.702,1,E4_N36
F23_044691_2235_XI_43N355W,MROX_2489,https://planetarydata.jpl.nasa.gov/img/data/mro/ctx/mrox_2489/data/F23_044691_2235_XI_43N355W.IMG,40.81,5.4199,2016-02-07T20:01:21.118,2,E4_N40;E4_N44
F23_044704_2174_XI_37N349W,MROX_2489,https://planetarydata.jpl.nasa.gov/img/data/mro/ctx/mrox_2489/data/F23_044704_2174_XI_37N349W.IMG,40.219,4.82,2016-02-08T20:17:31.117,2,E8_N32;E8_N36
F23_044757_2181_XN_38N356W,MROX_2492,https://planetarydata.jpl.nasa.gov/img/data/mro/ctx/mrox_2492/data/F23_044757_2181_XN_38N356W.IMG,40.289,6.7698,2016-02-12T23:24:07.623,1,E4_N36
F23_044770_2199_XN_39N347W,MROX_2493,https://planetarydata.jpl.nasa.gov/img/data/mro/ctx/mrox_2493/data/F23_044770_2199_XN_39N347W.IMG,43.149,25.399,2016-02-13T23:42:46.442,1,E8_N36
F23_044797_2162_XI_36N006W,MROX_2495,https://planetarydata.jpl.nasa.gov/img/data/mro/ctx/mrox_2495/data/F23_044797_2162_XI_36N006W.IMG,41.118,3.1899,2016-02-16T02:10:32.017,1,E-8_N32
F23_044810_2136_XN_33N001W,MROX_2495,https://planetarydata.jpl.nasa.gov/img/data/mro/ctx/mrox_2495/data/F23_044810_2136_XN_33N001W.IMG,40.969,0.9697,2016-02-17T02:28:24.328,1,E-4_N32
F23_044810_2282_XN_48N003W,MROX_2495,https://planetarydata.jpl.nasa.gov/img/data/mro/ctx/mrox_2495/data/F23_044810_2282_XN_48N003W.IMG,42.859,1.1794,2016-02-17T02:32:35.941,1,E-4_N44
F23_044836_2175_XI_37N350W,MROX_2497,https://planetarydata.jpl.nasa.gov/img/data/mro/ctx/mrox_2497/data/F23_044836_2175_XI_37N350W.IMG,42.289,15.25,2016-02-19T03:05:43.064,2,E8_N32;E8_N36
F23_044863_2157_XN_35N008W,MROX_2498,https://planetarydata.jpl.nasa.gov/img/data/mro/ctx/mrox_2498/data/F23_044863_2157_XN_35N008W.IMG,41.07,0.25,2016-02-21T05:34:46.174,1,E-12_N32
F23_044876_2152_XN_35N003W,MROX_2498,https://planetarydata.jpl.nasa.gov/img/data/mro/ctx/mrox_2498/data/F23_044876_2152_XN_35N003W.IMG,41.13,0.1,2016-02-22T05:52:55.606,1,E-4_N32
F23_044876_2193_XN_39N003W,MROX_2498,https://planetarydata.jpl.nasa.gov/img/data/mro/ctx/mrox_2498/data/F23_044876_2193_XN_39N003W.IMG,41.52,1.4798,2016-02-22T05:54:03.610,1,E-4_N36
F23_044889_2200_XN_40N359W,MROX_2499,https://planetarydata.jpl.nasa.gov/img/data/mro/ctx/mrox_2499/data/F23_044889_2200_XN_40N359W.IMG,41.24,3.7,2016-02-23T06:12:52.546,2,E0_N36;E0_N40
F23_044902_2157_XN_35N353W,MROX_2500,https://planetarydata.jpl.nasa.gov/img/data/mro/ctx/mrox_2500/data/F23_044902_2157_XN_35N353W.IMG,41.048,2.2099,2016-02-24T06:29:50.970,1,E4_N32
F23_044929_2199_XI_39N010W,MROX_2502,https://planetarydata.jpl.nasa.gov/img/data/mro/ctx/mrox_2502/data/F23_044929_2199_XI_39N010W.IMG,42.219,6.7599,2016-02-26T08:59:22.987,2,E-12_N36;E-12_N40
F23_044942_2165_XN_36N004W,MROX_2503,https://planetarydata.jpl.nasa.gov/img/data/mro/ctx/mrox_2503/data/F23_044942_2165_XN_36N004W.IMG,41.99,7.0198,2016-02-27T09:17:17.411,3,E-4_N36;E-8_N32;E-8_N36
F23_044968_2253_XN_45N356W,MROX_2504,https://planetarydata.jpl.nasa.gov/img/data/mro/ctx/mrox_2504/data/F23_044968_2253_XN_45N356W.IMG,42.77,1.27,2016-02-29T09:56:52.881,1,E0_N44
G01_018450_2265_XI_46N359W,MROX_1178,https://planetarydata.jpl.nasa.gov/img/data/mro/ctx/mrox_1178/data/G01_018450_2265_XI_46N359W.IMG,45.21,1.36,2010-07-04T03:32:50.672,1,E0_N44
G01_018542_2178_XN_37N349W,MROX_1183,https://planetarydata.jpl.nasa.gov/img/data/mro/ctx/mrox_1183/data/G01_018542_2178_XN_37N349W.IMG,44.618,0.1,2010-07-11T07:32:51.188,1,E8_N36
G01_018555_2263_XI_46N345W,MROX_1183,https://planetarydata.jpl.nasa.gov/img/data/mro/ctx/mrox_1183/data/G01_018555_2263_XI_46N345W.IMG,45.609,1.35,2010-07-12T07:54:21.635,1,E12_N44
G01_018556_2193_XI_39N011W,MROX_1183,https://planetarydata.jpl.nasa.gov/img/data/mro/ctx/mrox_1183/data/G01_018556_2193_XI_39N011W.IMG,45.28,5.98,2010-07-12T09:44:36.685,1,E-12_N36
G01_018568_2294_XI_49N340W,MROX_1184,https://planetarydata.jpl.nasa.gov/img/data/mro/ctx/mrox_1184/data/G01_018568_2294_XI_49N340W.IMG,46.939,6.0499,2010-07-13T08:13:55.683,1,E16_N44
G01_018582_2267_XI_46N002W,MROX_1184,https://planetarydata.jpl.nasa.gov/img/data/mro/ctx/mrox_1184/data/G01_018582_2267_XI_46N002W.IMG,46.009,0.1,2010-07-14T10:23:42.664,2,E-4_N40;E-4_N44
G01_018661_2263_XN_46N000W,MROX_1187,https://planetarydata.jpl.nasa.gov/img/data/mro/ctx/mrox_1187/data/G01_018661_2263_XN_46N000W.IMG,46.228,3.64,2010-07-20T14:08:19.601,2,E-4_N44;E0_N44
G01_018767_2143_XN_34N011W,MROX_1192,https://planetarydata.jpl.nasa.gov/img/data/mro/ctx/mrox_1192/data/G01_018767_2143_XN_34N011W.IMG,46.048,1.56,2010-07-28T20:18:44.869,1,E-12_N32
G02_018885_2274_XN_47N355W,MROX_1197,https://planetarydata.jpl.nasa.gov/img/data/mro/ctx/mrox_1197/data/G02_018885_2274_XN_47N355W.IMG,48.42,3.02,2010-08-07T01:03:39.048,2,E0_N44;E4_N44
G02_018912_2180_XN_38N010W,MROX_1199,https://planetarydata.jpl.nasa.gov/img/data/mro/ctx/mrox_1199/data/G02_018912_2180_XN_38N010W.IMG,47.67,5.4599,2010-08-09T03:30:38.250,1,E-12_N36
G02_019030_2250_XI_45N354W,MROX_1206,https://planetarydata.jpl.nasa.gov/img/data/mro/ctx/mrox_1206/data/G02_019030_2250_XI_45N354W.IMG,48.859,8.5297,2010-08-18T08:13:25.636,1,E4_N44
G02_019057_2195_XI_39N009W,MROX_1207,https://planetarydata.jpl.nasa.gov/img/data/mro/ctx/mrox_1207/data/G02_019057_2195_XI_39N009W.IMG,49.24,6.5,2010-08-20T10:41:06.580,1,E-12_N36
G02_019096_2221_XN_42N355W,MROX_1210,https://planetarydata.jpl.nasa.gov/img/data/mro/ctx/mrox_1210/data/G02_019096_2221_XN_42N355W.IMG,49.649,18.219,2010-08-23T11:38:58.005,1,E4_N40
G02_019202_2163_XI_36N008W,MROX_1216,https://planetarydata.jpl.nasa.gov/img/data/mro/ctx/mrox_1216/data/G02_019202_2163_XI_36N008W.IMG,49.92,3.2299,2010-08-31T17:50:41.519,1,E-8_N32
G03_019505_2257_XN_45N359W,MROX_1230,https://planetarydata.jpl.nasa.gov/img/data/mro/ctx/mrox_1230/data/G03_019505_2257_XN_45N359W.IMG,56.859,18.64,2010-09-24T08:31:48.208,2,E-4_N44;E0_N44
G03_019531_2288_XN_48N352W,MROX_1231,https://planetarydata.jpl.nasa.gov/img/data/mro/ctx/mrox_1231/data/G03_019531_2288_XN_48N352W.IMG,56.689,1.3794,2010-09-26T09:10:10.800,1,E4_N44
G03_019584_2159_XN_35N357W,MROX_1234,https://planetarydata.jpl.nasa.gov/img/data/mro/ctx/mrox_1234/data/G03_019584_2159_XN_35N357W.IMG,53.81,0.34,2010-09-30T12:12:56.735,2,E0_N32;E0_N36
G04_019624_2188_XN_38N009W,MROX_1237,https://planetarydata.jpl.nasa.gov/img/data/mro/ctx/mrox_1237/data/G04_019624_2188_XN_38N009W.IMG,54.929,0.5997,2010-10-03T15:01:56.942,1,E-12_N36
G04_019676_2214_XN_41N349W,MROX_1240,https://planetarydata.jpl.nasa.gov/img/data/mro/ctx/mrox_1240/data/G04_019676_2214_XN_41N349W.IMG,56.42,0.38,2010-10-07T16:17:18.720,2,E8_N36;E8_N40
G04_019690_2176_XN_37N011W,MROX_1241,https://planetarydata.jpl.nasa.gov/img/data/mro/ctx/mrox_1241/data/G04_019690_2176_XN_37N011W.IMG,55.478,0.23,2010-10-08T18:26:38.499,2,E-12_N32;E-12_N36
G04_019756_2204_XI_40N011W,MROX_1244,https://planetarydata.jpl.nasa.gov/img/data/mro/ctx/mrox_1244/data/G04_019756_2204_XI_40N011W.IMG,58.509,17.35,2010-10-13T21:53:18.356,2,E-12_N36;E-12_N40
G04_019821_2185_XN_38N348W,MROX_1247,https://planetarydata.jpl.nasa.gov/img/data/mro/ctx/mrox_1247/data/G04_019821_2185_XN_38N348W.IMG,56.96,6.78,2010-10-18T23:25:33.101,2,E8_N36;E8_N40
G04_019980_2153_XN_35N008W,MROX_1254,https://planetarydata.jpl.nasa.gov/img/data/mro/ctx/mrox_1254/data/G04_019980_2153_XN_35N008W.IMG,58.618,0.0898,2010-10-31T08:44:50.940,1,E-12_N32
G05_020046_2156_XI_35N009W,MROX_1258,https://planetarydata.jpl.nasa.gov/img/data/mro/ctx/mrox_1258/data/G05_020046_2156_XI_35N009W.IMG,60.009,6.24,2010-11-05T12:09:49.177,2,E-12_N32;E-12_N36
G05_020138_2122_XN_32N001W,MROX_1262,https://planetarydata.jpl.nasa.gov/img/data/mro/ctx/mrox_1262/data/G05_020138_2122_XN_32N001W.IMG,59.649,0.0898,2010-11-12T16:11:25.975,1,E-4_N32
G05_020164_2135_XN_33N351W,MROX_1263,https://planetarydata.jpl.nasa.gov/img/data/mro/ctx/mrox_1263/data/G05_020164_2135_XN_33N351W.IMG,60.439,0.93,2010-11-14T16:49:29.532,1,E8_N32
G05_020191_2156_XI_35N009W,MROX_1265,https://planetarydata.jpl.nasa.gov/img/data/mro/ctx/mrox_1265/data/G05_020191_2156_XI_35N009W.IMG,60.939,6.98,2010-11-16T19:19:47.261,2,E-12_N32;E-12_N36
G05_020257_2223_XI_42N010W,MROX_1267,https://planetarydata.jpl.nasa.gov/img/data/mro/ctx/mrox_1267/data/G05_020257_2223_XI_42N010W.IMG,65.629,8.1097,2010-11-21T22:47:32.125,3,E-12_N36;E-12_N40;E-12_N44
G05_020270_2185_XN_38N006W,MROX_1268,https://planetarydata.jpl.nasa.gov/img/data/mro/ctx/mrox_1268/data/G05_020270_2185_XN_38N006W.IMG,63.399,3.68,2010-11-22T23:05:44.631,1,E-8_N36
G05_020283_2172_XN_37N000W,MROX_1269,https://planetarydata.jpl.nasa.gov/img/data/mro/ctx/mrox_1269/data/G05_020283_2172_XN_37N000W.IMG,63.259,0.9,2010-11-23T23:23:44.070,2,E-4_N32;E-4_N36
G05_020349_2113_XN_31N001W,MROX_1272,https://planetarydata.jpl.nasa.gov/img/data/mro/ctx/mrox_1272/data/G05_020349_2113_XN_31N001W.IMG,61.868,0.1799,2010-11-29T02:47:28.846,1,E-4_N32
G06_020401_2244_XN_44N344W,MROX_1274,https://planetarydata.jpl.nasa.gov/img/data/mro/ctx/mrox_1274/data/G06_020401_2244_XN_44N344W.IMG,67.67,5.7,2010-12-03T04:07:18.074,1,E12_N44
G06_020586_2250_XI_45N354W,MROX_1282,https://planetarydata.jpl.nasa.gov/img/data/mro/ctx/mrox_1282/data/G06_020586_2250_XI_45N354W.IMG,70.81,3.1899,2010-12-17T14:05:52.096,2,E4_N40;E4_N44
G06_020639_2141_XI_34N000W,MROX_1285,https://planetarydata.jpl.nasa.gov/img/data/mro/ctx/mrox_1285/data/G06_020639_2141_XI_34N000W.IMG,66.14,3.0699,2010-12-21T17:09:17.161,2,E-4_N32;E0_N32
G06_020665_2139_XN_33N349W,MROX_1286,https://planetarydata.jpl.nasa.gov/img/data/mro/ctx/mrox_1286/data/G06_020665_2139_XN_33N349W.IMG,66.45,0.79,2010-12-23T17:46:45.898,1,E8_N32
G06_020731_2117_XN_31N351W,MROX_1289,https://planetarydata.jpl.nasa.gov/img/data/mro/ctx/mrox_1289/data/G06_020731_2117_XN_31N351W.IMG,66.15,0.0898,2010-12-28T21:11:46.813,1,E8_N32
G06_020758_2102_XN_30N008W,MROX_1291,https://planetarydata.jpl.nasa.gov/img/data/mro/ctx/mrox_1291/data/G06_020758_2102_XN_30N008W.IMG,65.688,0.0898,2010-12-30T23:40:09.815,1,E-12_N32
G07_020876_2133_XN_33N350W,MROX_1295,https://planetarydata.jpl.nasa.gov/img/data/mro/ctx/mrox_1295/data/G07_020876_2133_XN_33N350W.IMG,68.28,0.1,2011-01-09T04:21:32.732,1,E8_N32
G09_021601_2267_XI_46N346W,MROX_1306,https://planetarydata.jpl.nasa.gov/img/data/mro/ctx/mrox_1306/data/G09_021601_2267_XI_46N346W.IMG,80.84,0.89,2011-03-06T16:17:18.895,1,E12_N44
G09_021654_2136_XN_33N351W,MROX_1308,https://planetarydata.jpl.nasa.gov/img/data/mro/ctx/mrox_1308/data/G09_021654_2136_XN_33N351W.IMG,71.53,1.56,2011-03-10T19:21:01.444,1,E8_N32
G09_021694_2169_XN_36N003W,MROX_1310,https://planetarydata.jpl.nasa.gov/img/data/mro/ctx/mrox_1310/data/G09_021694_2169_XN_36N003W.IMG,73.76,0.08,2011-03-13T22:10:21.291,3,E-4_N32;E-4_N36;E-8_N36
G09_021839_2107_XN_30N001W,MROX_1315,https://planetarydata.jpl.nasa.gov/img/data/mro/ctx/mrox_1315/data/G09_021839_2107_XN_30N001W.IMG,68.92,0.6895,2011-03-25T05:18:44.537,1,E-4_N32
G10_022037_2152_XN_35N007W,MROX_1323,https://planetarydata.jpl.nasa.gov/img/data/mro/ctx/mrox_1323/data/G10_022037_2152_XN_35N007W.IMG,70.909,0.1,2011-04-09T15:36:22.006,1,E-8_N32
G10_022195_2120_XN_32N000W,MROX_1328,https://planetarydata.jpl.nasa.gov/img/data/mro/ctx/mrox_1328/data/G10_022195_2120_XN_32N000W.IMG,67.34,0.9495,2011-04-21T23:04:25.140,1,E-4_N32
G11_022406_2123_XN_32N001W,MROX_1335,https://planetarydata.jpl.nasa.gov/img/data/mro/ctx/mrox_1335/data/G11_022406_2123_XN_32N001W.IMG,65.379,0.79,2011-05-08T09:40:35.259,1,E-4_N32
G11_022643_2234_XN_43N356W,MROX_1342,https://planetarydata.jpl.nasa.gov/img/data/mro/ctx/mrox_1342/data/G11_022643_2234_XN_43N356W.IMG,70.29,26.75,2011-05-26T20:56:17.466,1,E0_N40
G14_023606_2208_XN_40N006W,MROX_1383,https://planetarydata.jpl.nasa.gov/img/data/mro/ctx/mrox_1383/data/G14_023606_2208_XN_40N006W.IMG,54.649,21.16,2011-08-09T21:51:52.295,1,E-8_N40
G14_023803_2250_XN_45N347W,MROX_1393,https://planetarydata.jpl.nasa.gov/img/data/mro/ctx/mrox_1393/data/G14_023803_2250_XN_45N347W.IMG,54.658,29.46,2011-08-25T06:18:21.998,1,E12_N44
G15_024199_2272_XN_47N354W,MROX_1408,https://planetarydata.jpl.nasa.gov/img/data/mro/ctx/mrox_1408/data/G15_024199_2272_XN_47N354W.IMG,52.759,0.08,2011-09-25T02:50:34.081,1,E4_N44
G15_024226_2223_XI_42N010W,MROX_1410,https://planetarydata.jpl.nasa.gov/img/data/mro/ctx/mrox_1410/data/G15_024226_2223_XI_42N010W.IMG,49.27,1.1594,2011-09-27T05:17:57.222,2,E-12_N40;E-12_N44
G16_024384_2169_XN_36N003W,MROX_1416,https://planetarydata.jpl.nasa.gov/img/data/mro/ctx/mrox_1416/data/G16_024384_2169_XN_36N003W.IMG,44.478,0.0898,2011-10-09T12:43:08.181,2,E-4_N32;E-4_N36
G16_024410_2250_XI_45N354W,MROX_1418,https://planetarydata.jpl.nasa.gov/img/data/mro/ctx/mrox_1418/data/G16_024410_2250_XI_45N354W.IMG,48.728,5.98,2011-10-11T13:22:53.230,2,E4_N40;E4_N44
G16_024423_2198_XN_39N348W,MROX_1418,https://planetarydata.jpl.nasa.gov/img/data/mro/ctx/mrox_1418/data/G16_024423_2198_XN_39N348W.IMG,45.759,0.52,2011-10-12T13:39:59.094,2,E8_N36;E8_N40
G16_024450_2242_XN_44N006W,MROX_1419,https://planetarydata.jpl.nasa.gov/img/data/mro/ctx/mrox_1419/data/G16_024450_2242_XN_44N006W.IMG,48.228,0.93,2011-10-14T16:10:52.618,2,E-8_N40;E-8_N44
G16_024581_2233_XN_43N343W,MROX_1423,https://planetarydata.jpl.nasa.gov/img/data/mro/ctx/mrox_1423/data/G16_024581_2233_XN_43N343W.IMG,46.35,2.0099,2011-10-24T21:11:07.296,1,E16_N44
G16_024595_2185_XI_38N006W,MROX_1424,https://planetarydata.jpl.nasa.gov/img/data/mro/ctx/mrox_1424/data/G16_024595_2185_XI_38N006W.IMG,42.429,19.94,2011-10-25T23:21:12.133,1,E-8_N36
G16_024647_2264_XI_46N345W,MROX_1426,https://planetarydata.jpl.nasa.gov/img/data/mro/ctx/mrox_1426/data/G16_024647_2264_XI_46N345W.IMG,47.439,3.8399,2011-10-30T00:38:30.229,1,E12_N44
G17_024700_2124_XN_32N350W,MROX_1429,https://planetarydata.jpl.nasa.gov/img/data/mro/ctx/mrox_1429/data/G17_024700_2124_XN_32N350W.IMG,40.53,0.0898,2011-11-03T03:41:21.989,1,E8_N32
G17_024713_2277_XN_47N347W,MROX_1429,https://planetarydata.jpl.nasa.gov/img/data/mro/ctx/mrox_1429/data/G17_024713_2277_XN_47N347W.IMG,48.02,1.56,2011-11-04T04:05:03.748,1,E12_N44
G17_024727_2250_XN_45N009W,MROX_1430,https://planetarydata.jpl.nasa.gov/img/data/mro/ctx/mrox_1430/data/G17_024727_2250_XN_45N009W.IMG,46.289,0.0898,2011-11-05T06:15:32.088,2,E-12_N40;E-12_N44
G17_024872_2173_XN_37N009W,MROX_1434,https://planetarydata.jpl.nasa.gov/img/data/mro/ctx/mrox_1434/data/G17_024872_2173_XN_37N009W.IMG,40.109,22.28,2011-11-16T13:24:06.974,1,E-12_N36
G17_024937_2267_XN_46N343W,MROX_1438,https://planetarydata.jpl.nasa.gov/img/data/mro/ctx/mrox_1438/data/G17_024937_2267_XN_46N343W.IMG,45.77,1.56,2011-11-21T15:00:16.177,1,E16_N44
G17_024938_2185_XI_38N006W,MROX_1438,https://planetarydata.jpl.nasa.gov/img/data/mro/ctx/mrox_1438/data/G17_024938_2185_XI_38N006W.IMG,43.789,24.76,2011-11-21T16:50:10.927,1,E-8_N36
G17_024951_2197_XN_39N003W,MROX_1439,https://planetarydata.jpl.nasa.gov/img/data/mro/ctx/mrox_1439/data/G17_024951_2197_XN_39N003W.IMG,42.859,6.79,2011-11-22T17:09:07.720,2,E-4_N36;E-4_N40
G17_025003_2300_XN_50N345W,MROX_1441,https://planetarydata.jpl.nasa.gov/img/data/mro/ctx/mrox_1441/data/G17_025003_2300_XN_50N345W.IMG,47.298,5.44,2011-11-26T18:27:00.724,1,E12_N44
G17_025004_2254_XN_45N012W,MROX_1441,https://planetarydata.jpl.nasa.gov/img/data/mro/ctx/mrox_1441/data/G17_025004_2254_XN_45N012W.IMG,44.579,0.0898,2011-11-26T20:18:10.969,1,E-12_N44
G18_025069_2250_XN_45N347W,MROX_1445,https://planetarydata.jpl.nasa.gov/img/data/mro/ctx/mrox_1445/data/G18_025069_2250_XN_45N347W.IMG,43.689,4.8898,2011-12-01T21:51:38.749,1,E12_N44
G18_025083_2232_XN_43N008W,MROX_1446,https://planetarydata.jpl.nasa.gov/img/data/mro/ctx/mrox_1446/data/G18_025083_2232_XN_43N008W.IMG,43.17,0.0898,2011-12-03T00:01:13.906,2,E-12_N40;E-12_N44
G18_025135_2250_XN_45N347W,MROX_1450,https://planetarydata.jpl.nasa.gov/img/data/mro/ctx/mrox_1450/data/G18_025135_2250_XN_45N347W.IMG,44.469,11.118,2011-12-07T01:17:15.444,1,E12_N44
G18_025148_2290_XN_49N344W,MROX_1451,https://planetarydata.jpl.nasa.gov/img/data/mro/ctx/mrox_1451/data/G18_025148_2290_XN_49N344W.IMG,45.429,0.1,2011-12-08T01:36:53.538,2,E12_N44;E16_N44
G18_025360_2168_XN_36N009W,MROX_1466,https://planetarydata.jpl.nasa.gov/img/data/mro/ctx/mrox_1466/data/G18_025360_2168_XN_36N009W.IMG,40.548,4.36,2011-12-24T14:00:27.477,1,E-12_N36
G18_025373_2147_XN_34N004W,MROX_1467,https://planetarydata.jpl.nasa.gov/img/data/mro/ctx/mrox_1467/data/G18_025373_2147_XN_34N004W.IMG,39.798,0.0898,2011-12-25T14:18:07.474,3,E-4_N32;E-8_N32;E-8_N36
G18_025425_2271_XI_47N346W,MROX_1470,https://planetarydata.jpl.nasa.gov/img/data/mro/ctx/mrox_1470/data/G18_025425_2271_XI_47N346W.IMG,43.13,1.3894,2011-12-29T15:36:30.848,1,E12_N44
G18_025439_2206_XN_40N007W,MROX_1472,https://planetarydata.jpl.nasa.gov/img/data/mro/ctx/mrox_1472/data/G18_025439_2206_XN_40N007W.IMG,40.899,1.85,2011-12-30T17:45:40.591,2,E-8_N36;E-8_N40
G19_025478_2290_XN_49N353W,MROX_1476,https://planetarydata.jpl.nasa.gov/img/data/mro/ctx/mrox_1476/data/G19_025478_2290_XN_49N353W.IMG,43.77,0.1,2012-01-02T18:43:55.784,1,E4_N44
G19_025505_2214_XI_41N009W,MROX_1478,https://planetarydata.jpl.nasa.gov/img/data/mro/ctx/mrox_1478/data/G19_025505_2214_XI_41N009W.IMG,40.63,6.08,2012-01-04T21:10:34.813,1,E-12_N40
G19_025518_2207_XN_40N007W,MROX_1479,https://planetarydata.jpl.nasa.gov/img/data/mro/ctx/mrox_1479/data/G19_025518_2207_XN_40N007W.IMG,38.429,29.89,2012-01-05T21:29:39.009,2,E-8_N36;E-8_N40
G19_025571_2130_XN_33N009W,MROX_1485,https://planetarydata.jpl.nasa.gov/img/data/mro/ctx/mrox_1485/data/G19_025571_2130_XN_33N009W.IMG,39.52,0.34,2012-01-10T00:33:32.757,1,E-12_N32
G19_025610_2223_XN_42N354W,MROX_1487,https://planetarydata.jpl.nasa.gov/img/data/mro/ctx/mrox_1487/data/G19_025610_2223_XN_42N354W.IMG,41.77,8.4496,2012-01-13T01:32:18.345,1,E4_N40
G19_025623_2128_XI_32N350W,MROX_1488,https://planetarydata.jpl.nasa.gov/img/data/mro/ctx/mrox_1488/data/G19_025623_2128_XI_32N350W.IMG,38.81,9.5297,2012-01-14T01:48:12.732,1,E8_N32
G19_025636_2267_XI_46N345W,MROX_1490,https://planetarydata.jpl.nasa.gov/img/data/mro/ctx/mrox_1490/data/G19_025636_2267_XI_46N345W.IMG,42.509,2.47,2012-01-15T02:10:31.677,1,E12_N44
G19_025650_2167_XN_36N009W,MROX_1491,https://planetarydata.jpl.nasa.gov/img/data/mro/ctx/mrox_1491/data/G19_025650_2167_XN_36N009W.IMG,37.908,25.149,2012-01-16T04:18:39.179,2,E-12_N32;E-12_N36
G19_025663_2272_XI_47N003W,MROX_1492,https://planetarydata.jpl.nasa.gov/img/data/mro/ctx/mrox_1492/data/G19_025663_2272_XI_47N003W.IMG,42.09,4.6798,2012-01-17T04:39:53.777,2,E-4_N44;E-8_N44
G19_025676_2190_XN_39N356W,MROX_1493,https://planetarydata.jpl.nasa.gov/img/data/mro/ctx/mrox_1493/data/G19_025676_2190_XN_39N356W.IMG,40.978,8.4397,2012-01-18T04:56:31.962,2,E0_N36;E4_N36
G19_025729_2260_XN_46N004W,MROX_1496,https://planetarydata.jpl.nasa.gov/img/data/mro/ctx/mrox_1496/data/G19_025729_2260_XN_46N004W.IMG,42.289,4.8498,2012-01-22T08:04:38.905,4,E-4_N40;E-4_N44;E-8_N40;E-8_N44
G19_025755_2235_XN_43N353W,MROX_1499,https://planetarydata.jpl.nasa.gov/img/data/mro/ctx/mrox_1499/data/G19_025755_2235_XN_43N353W.IMG,41.38,2.9799,2012-01-24T08:41:28.094,2,E4_N40;E4_N44
G19_025782_2218_XN_41N011W,MROX_1501,https://planetarydata.jpl.nasa.gov/img/data/mro/ctx/mrox_1501/data/G19_025782_2218_XN_41N011W.IMG,40.689,0.67,2012-01-26T11:09:29.935,3,E-12_N36;E-12_N40;E-12_N44
G19_025795_2220_XN_42N005W,MROX_1502,https://planetarydata.jpl.nasa.gov/img/data/mro/ctx/mrox_1502/data/G19_025795_2220_XN_42N005W.IMG,40.78,0.0898,2012-01-27T11:28:31.436,2,E-8_N36;E-8_N40
G20_025874_2196_XN_39N003W,MROX_1509,https://planetarydata.jpl.nasa.gov/img/data/mro/ctx/mrox_1509/data/G20_025874_2196_XN_39N003W.IMG,39.649,8.32,2012-02-02T15:11:59.596,1,E-4_N36
G20_025874_2242_XN_44N003W,MROX_1509,https://planetarydata.jpl.nasa.gov/img/data/mro/ctx/mrox_1509/data/G20_025874_2242_XN_44N003W.IMG,40.759,5.2099,2012-02-02T15:13:21.201,2,E-4_N40;E-4_N44
G20_025940_2196_XN_39N004W,MROX_1516,https://planetarydata.jpl.nasa.gov/img/data/mro/ctx/mrox_1516/data/G20_025940_2196_XN_39N004W.IMG,40.289,0.1,2012-02-07T18:37:36.697,4,E-4_N36;E-4_N40;E-8_N36;E-8_N40
G20_025940_2304_XN_50N006W,MROX_1516,https://planetarydata.jpl.nasa.gov/img/data/mro/ctx/mrox_1516/data/G20_025940_2304_XN_50N006W.IMG,42.84,0.0898,2012-02-07T18:40:33.908,1,E-8_N44
G20_025953_2199_XN_39N359W,MROX_1517,https://planetarydata.jpl.nasa.gov/img/data/mro/ctx/mrox_1517/data/G20_025953_2199_XN_39N359W.IMG,40.259,0.9596,2012-02-08T18:56:04.904,2,E0_N36;E0_N40
G20_025966_2256_XI_45N355W,MROX_1518,https://planetarydata.jpl.nasa.gov/img/data/mro/ctx/mrox_1518/data/G20_025966_2256_XI_45N355W.IMG,41.359,0.4198,2012-02-09T19:16:45.564,1,E4_N44
G20_026006_2219_XN_41N006W,MROX_1522,https://planetarydata.jpl.nasa.gov/img/data/mro/ctx/mrox_1522/data/G20_026006_2219_XN_41N006W.IMG,40.618,0.0898,2012-02-12T22:03:56.309,2,E-8_N36;E-8_N40
G20_026019_2228_XN_42N001W,MROX_1523,https://planetarydata.jpl.nasa.gov/img/data/mro/ctx/mrox_1523/data/G20_026019_2228_XN_42N001W.IMG,40.77,0.0898,2012-02-13T22:23:04.880,2,E-4_N40;E-4_N44
G20_026032_2263_XN_46N357W,MROX_1525,https://planetarydata.jpl.nasa.gov/img/data/mro/ctx/mrox_1525/data/G20_026032_2263_XN_46N357W.IMG,41.5,0.0898,2012-02-14T22:43:00.209,1,E0_N44
G20_026045_2161_XN_36N350W,MROX_1526,https://planetarydata.jpl.nasa.gov/img/data/mro/ctx/mrox_1526/data/G20_026045_2161_XN_36N350W.IMG,40.14,1.56,2012-02-15T22:58:30.612,1,E8_N32
G20_026072_2119_XN_31N006W,MROX_1529,https://planetarydata.jpl.nasa.gov/img/data/mro/ctx/mrox_1529/data/G20_026072_2119_XN_31N006W.IMG,40.09,0.0898,2012-02-18T01:26:43.250,1,E-8_N32
G20_026164_2234_XN_43N359W,MROX_1536,https://planetarydata.jpl.nasa.gov/img/data/mro/ctx/mrox_1536/data/G20_026164_2234_XN_43N359W.IMG,41.39,6.94,2012-02-25T05:33:37.309,2,E0_N40;E0_N44
G21_026243_2201_XN_40N356W,MROX_1543,https://planetarydata.jpl.nasa.gov/img/data/mro/ctx/mrox_1543/data/G21_026243_2201_XN_40N356W.IMG,40.929,6.15,2012-03-02T09:17:16.950,4,E0_N36;E0_N40;E4_N36;E4_N40
G21_026335_2128_XN_32N350W,MROX_1551,https://planetarydata.jpl.nasa.gov/img/data/mro/ctx/mrox_1551/data/G21_026335_2128_XN_32N350W.IMG,38.13,27.69,2012-03-09T13:18:04.469,1,E8_N32
G21_026362_2281_XI_48N004W,MROX_1553,https://planetarydata.jpl.nasa.gov/img/data/mro/ctx/mrox_1553/data/G21_026362_2281_XI_48N004W.IMG,43.52,20.699,2012-03-11T15:52:03.595,2,E-4_N44;E-8_N44
G21_026375_2230_XN_43N000W,MROX_1555,https://planetarydata.jpl.nasa.gov/img/data/mro/ctx/mrox_1555/data/G21_026375_2230_XN_43N000W.IMG,40.908,0.0898,2012-03-12T16:09:08.108,1,E-4_N40
G21_026388_2133_XN_33N353W,MROX_1556,https://planetarydata.jpl.nasa.gov/img/data/mro/ctx/mrox_1556/data/G21_026388_2133_XN_33N353W.IMG,41.158,7.79,2012-03-13T16:24:41.214,1,E4_N32
G21_026520_2138_XN_33N357W,MROX_1570,https://planetarydata.jpl.nasa.gov/img/data/mro/ctx/mrox_1570/data/G21_026520_2138_XN_33N357W.IMG,40.908,1.56,2012-03-23T23:16:10.555,1,E0_N32
G21_026533_2220_XN_42N354W,MROX_1571,https://planetarydata.jpl.nasa.gov/img/data/mro/ctx/mrox_1571/data/G21_026533_2220_XN_42N354W.IMG,40.868,1.57,2012-03-24T23:37:23.798,1,E4_N40
G21_026560_2217_XN_41N011W,MROX_1574,https://planetarydata.jpl.nasa.gov/img/data/mro/ctx/mrox_1574/data/G21_026560_2217_XN_41N011W.IMG,41.079,0.77,2012-03-27T02:06:01.225,3,E-12_N36;E-12_N40;E-12_N44
G21_026573_2157_XN_35N005W,MROX_1575,https://planetarydata.jpl.nasa.gov/img/data/mro/ctx/mrox_1575/data/G21_026573_2157_XN_35N005W.IMG,40.88,0.65,2012-03-28T02:23:27.850,2,E-8_N32;E-8_N36
G21_026573_2275_XN_47N007W,MROX_1575,https://planetarydata.jpl.nasa.gov/img/data/mro/ctx/mrox_1575/data/G21_026573_2275_XN_47N007W.IMG,41.969,0.34,2012-03-28T02:26:53.459,1,E-8_N44
G21_026586_2119_XN_31N359W,MROX_1576,https://planetarydata.jpl.nasa.gov/img/data/mro/ctx/mrox_1576/data/G21_026586_2119_XN_31N359W.IMG,41.039,0.66,2012-03-29T02:41:01.480,1,E0_N32
G22_026665_2229_XN_42N358W,MROX_1587,https://planetarydata.jpl.nasa.gov/img/data/mro/ctx/mrox_1587/data/G22_026665_2229_XN_42N358W.IMG,41.368,0.0898,2012-04-04T06:28:38.963,1,E0_N40
G22_026678_2284_XN_48N353W,MROX_1588,https://planetarydata.jpl.nasa.gov/img/data/mro/ctx/mrox_1588/data/G22_026678_2284_XN_48N353W.IMG,42.34,0.1,2012-04-05T06:48:46.015,1,E4_N44
G22_026718_2186_XN_38N004W,MROX_1594,https://planetarydata.jpl.nasa.gov/img/data/mro/ctx/mrox_1594/data/G22_026718_2186_XN_38N004W.IMG,41.14,0.66,2012-04-08T09:33:27.688,3,E-4_N36;E-8_N36;E-8_N40
G22_026771_2213_XI_41N009W,MROX_1600,https://planetarydata.jpl.nasa.gov/img/data/mro/ctx/mrox_1600/data/G22_026771_2213_XI_41N009W.IMG,42.789,15.98,2012-04-12T12:40:54.511,1,E-12_N40
G22_026836_2261_XI_46N345W,MROX_1606,https://planetarydata.jpl.nasa.gov/img/data/mro/ctx/mrox_1606/data/G22_026836_2261_XI_46N345W.IMG,42.939,8.22,2012-04-17T14:15:54.415,1,E12_N44
G22_026929_2145_XN_34N003W,MROX_1616,https://planetarydata.jpl.nasa.gov/img/data/mro/ctx/mrox_1616/data/G22_026929_2145_XN_34N003W.IMG,42.0,18.25,2012-04-24T20:07:26.931,1,E-4_N32
G22_026995_2155_XN_35N005W,MROX_1623,https://planetarydata.jpl.nasa.gov/img/data/mro/ctx/mrox_1623/data/G22_026995_2155_XN_35N005W.IMG,42.048,0.34,2012-04-29T23:32:47.965,1,E-8_N32
G23_027021_2226_XN_42N356W,MROX_1627,https://planetarydata.jpl.nasa.gov/img/data/mro/ctx/mrox_1627/data/G23_027021_2226_XN_42N356W.IMG,42.5,0.3099,2012-05-02T00:12:17.947,1,E0_N40
G23_027061_2127_XN_32N007W,MROX_1630,https://planetarydata.jpl.nasa.gov/img/data/mro/ctx/mrox_1630/data/G23_027061_2127_XN_32N007W.IMG,42.27,2.4199,2012-05-05T02:56:27.984,1,E-8_N32
G23_027087_2234_XN_43N358W,MROX_1632,https://planetarydata.jpl.nasa.gov/img/data/mro/ctx/mrox_1632/data/G23_027087_2234_XN_43N358W.IMG,42.929,0.0898,2012-05-07T03:37:25.661,2,E0_N40;E0_N44
G23_027100_2228_XN_42N353W,MROX_1634,https://planetarydata.jpl.nasa.gov/img/data/mro/ctx/mrox_1634/data/G23_027100_2228_XN_42N353W.IMG,42.859,0.5,2012-05-08T03:55:39.188,2,E4_N40;E4_N44
G23_027113_2170_XN_37N348W,MROX_1636,https://planetarydata.jpl.nasa.gov/img/data/mro/ctx/mrox_1636/data/G23_027113_2170_XN_37N348W.IMG,41.969,7.2099,2012-05-09T04:12:37.314,2,E8_N32;E8_N36
G23_027140_2275_XN_47N006W,MROX_1638,https://planetarydata.jpl.nasa.gov/img/data/mro/ctx/mrox_1638/data/G23_027140_2275_XN_47N006W.IMG,43.899,0.0898,2012-05-11T06:44:52.436,1,E-8_N44
G23_027153_2179_XN_37N359W,MROX_1639,https://planetarydata.jpl.nasa.gov/img/data/mro/ctx/mrox_1639/data/G23_027153_2179_XN_37N359W.IMG,42.829,0.63,2012-05-12T07:00:39.155,1,E0_N36
G23_027271_2293_XN_49N342W,MROX_1651,https://planetarydata.jpl.nasa.gov/img/data/mro/ctx/mrox_1651/data/G23_027271_2293_XN_49N342W.IMG,45.07,0.0898,2012-05-21T11:43:28.520,1,E16_N44
G23_027272_2152_XN_35N007W,MROX_1651,https://planetarydata.jpl.nasa.gov/img/data/mro/ctx/mrox_1651/data/G23_027272_2152_XN_35N007W.IMG,43.32,0.0898,2012-05-21T13:31:33.465,1,E-8_N32
G23_027351_2202_XN_40N005W,MROX_1657,https://planetarydata.jpl.nasa.gov/img/data/mro/ctx/mrox_1657/data/G23_027351_2202_XN_40N005W.IMG,43.649,4.73,2012-05-27T17:16:34.492,2,E-8_N36;E-8_N40
J01_045034_2160_XN_36N356W,MROX_2509,https://planetarydata.jpl.nasa.gov/img/data/mro/ctx/mrox_2509/data/J01_045034_2160_XN_36N356W.IMG,41.52,3.8199,2016-03-05T13:17:53.784,2,E0_N32;E0_N36
J01_045060_2177_XI_37N349W,MROX_2510,https://planetarydata.jpl.nasa.gov/img/data/mro/ctx/mrox_2510/data/J01_045060_2177_XI_37N349W.IMG,39.439,30.859,2016-03-07T13:54:27.938,3,E8_N32;E8_N36;E8_N40
J01_045113_2257_XI_45N355W,MROX_2513,https://planetarydata.jpl.nasa.gov/img/data/mro/ctx/mrox_2513/data/J01_045113_2257_XI_45N355W.IMG,43.27,7.33,2016-03-11T17:02:38.848,1,E4_N44
J01_045126_2244_XI_44N345W,MROX_2514,https://planetarydata.jpl.nasa.gov/img/data/mro/ctx/mrox_2514/data/J01_045126_2244_XI_44N345W.IMG,45.63,24.719,2016-03-12T17:20:38.938,1,E12_N44
J01_045139_2268_XI_46N346W,MROX_2515,https://planetarydata.jpl.nasa.gov/img/data/mro/ctx/mrox_2515/data/J01_045139_2268_XI_46N346W.IMG,42.658,20.829,2016-03-13T17:39:26.867,1,E12_N44
J01_045166_2154_XN_35N359W,MROX_2517,https://planetarydata.jpl.nasa.gov/img/data/mro/ctx/mrox_2517/data/J01_045166_2154_XN_35N359W.IMG,42.71,3.12,2016-03-15T20:05:22.871,1,E0_N32
J01_045205_2297_XI_49N349W,MROX_2519,https://planetarydata.jpl.nasa.gov/img/data/mro/ctx/mrox_2519/data/J01_045205_2297_XI_49N349W.IMG,43.92,23.059,2016-03-18T21:04:13.859,1,E8_N44
J01_045245_2135_XN_33N355W,MROX_2521,https://planetarydata.jpl.nasa.gov/img/data/mro/ctx/mrox_2521/data/J01_045245_2135_XN_33N355W.IMG,42.75,0.34,2016-03-21T23:46:56.683,1,E4_N32
J01_045258_2194_XI_39N352W,MROX_2522,https://planetarydata.jpl.nasa.gov/img/data/mro/ctx/mrox_2522/data/J01_045258_2194_XI_39N352W.IMG,42.298,15.358,2016-03-23T00:06:38.818,2,E4_N36;E4_N40
J01_045285_2149_XN_34N007W,MROX_2523,https://planetarydata.jpl.nasa.gov/img/data/mro/ctx/mrox_2523/data/J01_045285_2149_XN_34N007W.IMG,43.42,3.7999,2016-03-25T02:34:26.339,1,E-8_N32
J01_045298_2193_XI_39N003W,MROX_2524,https://planetarydata.jpl.nasa.gov/img/data/mro/ctx/mrox_2524/data/J01_045298_2193_XI_39N003W.IMG,43.24,7.2198,2016-03-26T02:53:59.876,1,E-4_N36
J01_045324_2181_XN_38N356W,MROX_2526,https://planetarydata.jpl.nasa.gov/img/data/mro/ctx/mrox_2526/data/J01_045324_2181_XN_38N356W.IMG,41.009,32.28,2016-03-28T03:30:30.448,2,E0_N36;E4_N36
J01_045351_2223_XI_42N010W,MROX_2527,https://planetarydata.jpl.nasa.gov/img/data/mro/ctx/mrox_2527/data/J01_045351_2223_XI_42N010W.IMG,44.28,7.04,2016-03-30T05:59:50.717,3,E-12_N36;E-12_N40;E-12_N44
J01_045364_2156_XI_35N006W,MROX_2528,https://planetarydata.jpl.nasa.gov/img/data/mro/ctx/mrox_2528/data/J01_045364_2156_XI_35N006W.IMG,41.28,28.879,2016-03-31T06:16:17.811,2,E-8_N32;E-8_N36
J02_045377_2172_XN_37N358W,MROX_2530,https://planetarydata.jpl.nasa.gov/img/data/mro/ctx/mrox_2530/data/J02_045377_2172_XN_37N358W.IMG,44.408,4.8799,2016-04-01T06:35:27.352,1,E0_N36
J02_045390_2214_XI_41N353W,MROX_2530,https://planetarydata.jpl.nasa.gov/img/data/mro/ctx/mrox_2530/data/J02_045390_2214_XI_41N353W.IMG,45.548,8.3,2016-04-02T06:54:34.796,2,E4_N36;E4_N40
J02_045403_2180_XI_38N350W,MROX_2531,https://planetarydata.jpl.nasa.gov/img/data/mro/ctx/mrox_2531/data/J02_045403_2180_XI_38N350W.IMG,42.75,19.76,2016-04-03T07:11:44.830,2,E8_N32;E8_N36
J02_045416_2248_XI_44N348W,MROX_2532,https://planetarydata.jpl.nasa.gov/img/data/mro/ctx/mrox_2532/data/J02_045416_2248_XI_44N348W.IMG,43.35,31.87,2016-04-04T07:32:10.770,2,E8_N40;E8_N44
J02_045417_2191_XN_39N011W,MROX_2532,https://planetarydata.jpl.nasa.gov/img/data/mro/ctx/mrox_2532/data/J02_045417_2191_XN_39N011W.IMG,44.649,0.1,2016-04-04T09:23:11.524,1,E-12_N36
J02_045443_2161_XN_36N359W,MROX_2534,https://planetarydata.jpl.nasa.gov/img/data/mro/ctx/mrox_2534/data/J02_045443_2161_XN_36N359W.IMG,44.969,7.9298,2016-04-06T09:58:32.079,2,E0_N32;E0_N36
J02_045456_2195_XI_39N352W,MROX_2534,https://planetarydata.jpl.nasa.gov/img/data/mro/ctx/mrox_2534/data/J02_045456_2195_XI_39N352W.IMG,47.649,31.359,2016-04-07T10:17:58.816,4,E4_N36;E4_N40;E8_N36;E8_N40
J02_045522_2173_XN_37N358W,MROX_2539,https://planetarydata.jpl.nasa.gov/img/data/mro/ctx/mrox_2539/data/J02_045522_2173_XN_37N358W.IMG,44.469,9.4397,2016-04-12T13:43:58.485,2,E0_N32;E0_N36
J02_045535_2217_XI_41N354W,MROX_2540,https://planetarydata.jpl.nasa.gov/img/data/mro/ctx/mrox_2540/data/J02_045535_2217_XI_41N354W.IMG,45.56,9.4397,2016-04-13T14:04:25.738,1,E4_N40
J02_045588_2173_XN_37N358W,MROX_2544,https://planetarydata.jpl.nasa.gov/img/data/mro/ctx/mrox_2544/data/J02_045588_2173_XN_37N358W.IMG,46.71,10.55,2016-04-17T17:10:26.173,2,E0_N32;E0_N36
J02_045627_2256_XI_45N349W,MROX_2547,https://planetarydata.jpl.nasa.gov/img/data/mro/ctx/mrox_2547/data/J02_045627_2256_XI_45N349W.IMG,46.149,29.0,2016-04-20T18:09:43.728,2,E8_N40;E8_N44
J02_045628_2124_XN_32N011W,MROX_2547,https://planetarydata.jpl.nasa.gov/img/data/mro/ctx/mrox_2547/data/J02_045628_2124_XN_32N011W.IMG,45.49,0.23,2016-04-20T19:58:11.477,1,E-12_N32
J02_045641_2197_XI_39N010W,MROX_2548,https://planetarydata.jpl.nasa.gov/img/data/mro/ctx/mrox_2548/data/J02_045641_2197_XI_39N010W.IMG,44.939,25.469,2016-04-21T20:18:54.734,2,E-12_N36;E-12_N40
J02_045707_2261_XN_46N010W,MROX_2550,https://planetarydata.jpl.nasa.gov/img/data/mro/ctx/mrox_2550/data/J02_045707_2261_XN_46N010W.IMG,49.649,0.8,2016-04-26T23:47:57.495,1,E-12_N44
J02_045733_2212_XN_41N359W,MROX_2551,https://planetarydata.jpl.nasa.gov/img/data/mro/ctx/mrox_2551/data/J02_045733_2212_XN_41N359W.IMG,48.5,0.0898,2016-04-29T00:24:06.960,1,E0_N40
J03_045773_2266_XN_46N011W,MROX_2556,https://planetarydata.jpl.nasa.gov/img/data/mro/ctx/mrox_2556/data/J03_045773_2266_XN_46N011W.IMG,51.06,5.28,2016-05-02T03:14:26.054,1,E-12_N44
J03_045799_2204_XN_40N002W,MROX_2558,https://planetarydata.jpl.nasa.gov/img/data/mro/ctx/mrox_2558/data/J03_045799_2204_XN_40N002W.IMG,48.46,7.6798,2016-05-04T03:50:14.638,2,E-4_N36;E-4_N40
J03_045865_2199_XN_39N003W,MROX_2564,https://planetarydata.jpl.nasa.gov/img/data/mro/ctx/mrox_2564/data/J03_045865_2199_XN_39N003W.IMG,49.71,0.1,2016-05-09T07:16:15.085,2,E-4_N36;E-4_N40
J03_045878_2226_XI_42N355W,MROX_2566,https://planetarydata.jpl.nasa.gov/img/data/mro/ctx/mrox_2566/data/J03_045878_2226_XI_42N355W.IMG,52.908,27.678,2016-05-10T07:35:17.588,2,E4_N40;E4_N44
J03_045891_2151_XI_35N353W,MROX_2567,https://planetarydata.jpl.nasa.gov/img/data/mro/ctx/mrox_2567/data/J03_045891_2151_XI_35N353W.IMG,48.03,9.9496,2016-05-11T07:51:53.572,2,E4_N32;E4_N36
J03_045918_2153_XI_35N008W,MROX_2570,https://planetarydata.jpl.nasa.gov/img/data/mro/ctx/mrox_2570/data/J03_045918_2153_XI_35N008W.IMG,49.63,6.33,2016-05-13T10:21:39.546,2,E-12_N32;E-12_N36
J03_045944_2168_XN_36N000W,MROX_2573,https://planetarydata.jpl.nasa.gov/img/data/mro/ctx/mrox_2573/data/J03_045944_2168_XN_36N000W.IMG,49.34,6.9298,2016-05-15T10:59:48.731,4,E-4_N32;E-4_N36;E0_N32;E0_N36
J03_045997_2221_XN_42N007W,MROX_2578,https://planetarydata.jpl.nasa.gov/img/data/mro/ctx/mrox_2578/data/J03_045997_2221_XN_42N007W.IMG,52.21,0.77,2016-05-19T14:09:14.590,1,E-8_N40
J03_046010_2149_XN_34N358W,MROX_2580,https://planetarydata.jpl.nasa.gov/img/data/mro/ctx/mrox_2580/data/J03_046010_2149_XN_34N358W.IMG,52.38,26.989,2016-05-20T14:25:32.269,2,E0_N32;E0_N36
J03_046036_2157_XN_35N351W,MROX_2583,https://planetarydata.jpl.nasa.gov/img/data/mro/ctx/mrox_2583/data/J03_046036_2157_XN_35N351W.IMG,50.368,4.58,2016-05-22T15:03:15.056,3,E4_N36;E8_N32;E8_N36
J03_046063_2204_XN_40N008W,MROX_2586,https://planetarydata.jpl.nasa.gov/img/data/mro/ctx/mrox_2586/data/J03_046063_2204_XN_40N008W.IMG,53.109,8.24,2016-05-24T17:34:24.034,3,E-12_N36;E-12_N40;E-8_N36
J03_046076_2151_XI_35N006W,MROX_2587,https://planetarydata.jpl.nasa.gov/img/data/mro/ctx/mrox_2587/data/J03_046076_2151_XI_35N006W.IMG,48.71,29.26,2016-05-25T17:51:36.522,1,E-8_N32
J03_046102_2206_XI_40N353W,MROX_2590,https://planetarydata.jpl.nasa.gov/img/data/mro/ctx/mrox_2590/data/J03_046102_2206_XI_40N353W.IMG,53.25,2.2099,2016-05-27T18:31:14.516,2,E4_N36;E4_N40
J03_046115_2227_XN_42N349W,MROX_2592,https://planetarydata.jpl.nasa.gov/img/data/mro/ctx/mrox_2592/data/J03_046115_2227_XN_42N349W.IMG,54.109,1.37,2016-05-28T18:50:47.112,1,E8_N40
J03_046142_2165_XN_36N004W,MROX_2596,https://planetarydata.jpl.nasa.gov/img/data/mro/ctx/mrox_2596/data/J03_046142_2165_XN_36N004W.IMG,52.84,6.74,2016-05-30T21:18:00.403,2,E-8_N32;E-8_N36
J04_046168_2212_XI_41N354W,MROX_2600,https://planetarydata.jpl.nasa.gov/img/data/mro/ctx/mrox_2600/data/J04_046168_2212_XI_41N354W.IMG,55.408,16.039,2016-06-01T21:57:02.417,2,E4_N36;E4_N40
J04_046181_2157_XN_35N351W,MROX_2602,https://planetarydata.jpl.nasa.gov/img/data/mro/ctx/mrox_2602/data/J04_046181_2157_XN_35N351W.IMG,51.39,16.01,2016-06-02T22:14:11.115,3,E4_N36;E8_N32;E8_N36
J04_046221_2168_XN_36N000W,MROX_2607,https://planetarydata.jpl.nasa.gov/img/data/mro/ctx/mrox_2607/data/J04_046221_2168_XN_36N000W.IMG,54.978,19.379,2016-06-06T01:02:50.416,3,E-4_N32;E-4_N36;E0_N32
J04_046247_2158_XN_35N351W,MROX_2610,https://planetarydata.jpl.nasa.gov/img/data/mro/ctx/mrox_2610/data/J04_046247_2158_XN_35N351W.IMG,53.899,5.45,2016-06-08T01:40:07.223,2,E8_N32;E8_N36
J04_046273_2237_XN_43N342W,MROX_2614,https://planetarydata.jpl.nasa.gov/img/data/mro/ctx/mrox_2614/data/J04_046273_2237_XN_43N342W.IMG,57.368,8.6798,2016-06-10T02:19:59.240,1,E16_N44
J04_046313_2189_XN_38N355W,MROX_2620,https://planetarydata.jpl.nasa.gov/img/data/mro/ctx/mrox_2620/data/J04_046313_2189_XN_38N355W.IMG,55.09,5.66,2016-06-13T05:07:06.249,2,E4_N36;E4_N40
J04_046353_2205_XN_40N008W,MROX_2627,https://planetarydata.jpl.nasa.gov/img/data/mro/ctx/mrox_2627/data/J04_046353_2205_XN_40N008W.IMG,55.7,13.528,2016-06-16T07:55:52.761,4,E-12_N36;E-12_N40;E-8_N36;E-8_N40
J04_046366_2233_XN_43N003W,MROX_2629,https://planetarydata.jpl.nasa.gov/img/data/mro/ctx/mrox_2629/data/J04_046366_2233_XN_43N003W.IMG,57.359,9.24,2016-06-17T08:15:30.068,2,E-4_N40;E-4_N44
J04_046419_2153_XI_35N008W,MROX_2637,https://planetarydata.jpl.nasa.gov/img/data/mro/ctx/mrox_2637/data/J04_046419_2153_XI_35N008W.IMG,54.929,10.509,2016-06-21T11:20:03.392,2,E-12_N32;E-12_N36
J04_046445_2120_XN_32N357W,MROX_2642,https://planetarydata.jpl.nasa.gov/img/data/mro/ctx/mrox_2642/data/J04_046445_2120_XN_32N357W.IMG,54.929,0.0898,2016-06-23T11:56:42.312,1,E0_N32
J04_046458_2157_XN_35N351W,MROX_2644,https://planetarydata.jpl.nasa.gov/img/data/mro/ctx/mrox_2644/data/J04_046458_2157_XN_35N351W.IMG,57.039,9.0297,2016-06-24T12:16:20.526,2,E8_N32;E8_N36
J04_046498_2236_XN_43N006W,MROX_2650,https://planetarydata.jpl.nasa.gov/img/data/mro/ctx/mrox_2650/data/J04_046498_2236_XN_43N006W.IMG,59.64,8.1097,2016-06-27T15:07:06.054,2,E-8_N40;E-8_N44
J04_046511_2159_XN_35N359W,MROX_2652,https://planetarydata.jpl.nasa.gov/img/data/mro/ctx/mrox_2652/data/J04_046511_2159_XN_35N359W.IMG,57.439,3.4599,2016-06-28T15:23:52.342,2,E0_N32;E0_N36
J04_046524_2201_XN_40N355W,MROX_2654,https://planetarydata.jpl.nasa.gov/img/data/mro/ctx/mrox_2654/data/J04_046524_2201_XN_40N355W.IMG,58.56,7.33,2016-06-29T15:43:28.642,4,E0_N36;E0_N40;E4_N36;E4_N40
J04_046537_2219_XI_41N351W,MROX_2656,https://planetarydata.jpl.nasa.gov/img/data/mro/ctx/mrox_2656/data/J04_046537_2219_XI_41N351W.IMG,59.359,9.32,2016-06-30T16:02:42.336,2,E8_N40;E8_N44
J05_046550_2228_XI_42N346W,MROX_2658,https://planetarydata.jpl.nasa.gov/img/data/mro/ctx/mrox_2658/data/J05_046550_2228_XI_42N346W.IMG,60.02,9.0998,2016-07-01T16:21:39.327,1,E12_N44
J05_046590_2160_XN_36N356W,MROX_2662,https://planetarydata.jpl.nasa.gov/img/data/mro/ctx/mrox_2662/data/J05_046590_2160_XN_36N356W.IMG,58.109,3.2799,2016-07-04T19:08:31.449,2,E0_N32;E0_N36
J05_046630_2274_XN_47N010W,MROX_2666,https://planetarydata.jpl.nasa.gov/img/data/mro/ctx/mrox_2666/data/J05_046630_2274_XN_47N010W.IMG,63.899,3.16,2016-07-07T22:00:20.164,1,E-12_N44
J05_046643_2165_XN_36N004W,MROX_2668,https://planetarydata.jpl.nasa.gov/img/data/mro/ctx/mrox_2668/data/J05_046643_2165_XN_36N004W.IMG,58.35,13.49,2016-07-08T22:14:53.050,2,E-8_N32;E-8_N36
J05_046656_2186_XN_38N358W,MROX_2669,https://planetarydata.jpl.nasa.gov/img/data/mro/ctx/mrox_2669/data/J05_046656_2186_XN_38N358W.IMG,60.39,0.0898,2016-07-09T22:34:34.346,1,E0_N36
J05_046709_2293_XN_49N007W,MROX_2675,https://planetarydata.jpl.nasa.gov/img/data/mro/ctx/mrox_2675/data/J05_046709_2293_XN_49N007W.IMG,66.438,1.1494,2016-07-14T01:44:03.584,1,E-8_N44
J05_046788_2231_XN_43N006W,MROX_2684,https://planetarydata.jpl.nasa.gov/img/data/mro/ctx/mrox_2684/data/J05_046788_2231_XN_43N006W.IMG,62.31,29.94,2016-07-20T05:26:45.491,2,E-8_N40;E-8_N44
J05_046867_2211_XN_41N359W,MROX_2691,https://planetarydata.jpl.nasa.gov/img/data/mro/ctx/mrox_2691/data/J05_046867_2211_XN_41N359W.IMG,64.54,1.4495,2016-07-26T09:10:39.512,1,E0_N40
J05_046893_2156_XN_35N348W,MROX_2694,https://planetarydata.jpl.nasa.gov/img/data/mro/ctx/mrox_2694/data/J05_046893_2156_XN_35N348W.IMG,62.27,0.5796,2016-07-28T09:46:28.292,1,E8_N32
J05_046906_2268_XI_46N346W,MROX_2695,https://planetarydata.jpl.nasa.gov/img/data/mro/ctx/mrox_2695/data/J05_046906_2268_XI_46N346W.IMG,67.65,7.8098,2016-07-29T10:08:24.129,1,E12_N44
J05_046907_2223_XI_42N010W,MROX_2695,https://planetarydata.jpl.nasa.gov/img/data/mro/ctx/mrox_2695/data/J05_046907_2223_XI_42N010W.IMG,66.29,6.66,2016-07-29T11:59:03.113,1,E-12_N40
J06_046985_2245_XN_44N341W,MROX_2704,https://planetarydata.jpl.nasa.gov/img/data/mro/ctx/mrox_2704/data/J06_046985_2245_XN_44N341W.IMG,68.129,0.26,2016-08-04T13:53:35.761,1,E16_N44
J06_047025_2128_XN_32N351W,MROX_2707,https://planetarydata.jpl.nasa.gov/img/data/mro/ctx/mrox_2707/data/J06_047025_2128_XN_32N351W.IMG,62.85,2.08,2016-08-07T16:38:46.734,2,E4_N32;E8_N32
J06_047091_2154_XN_35N355W,MROX_2713,https://planetarydata.jpl.nasa.gov/img/data/mro/ctx/mrox_2713/data/J06_047091_2154_XN_35N355W.IMG,64.269,7.98,2016-08-12T20:05:33.827,2,E4_N32;E4_N36
J06_047131_2124_XN_32N006W,MROX_2716,https://planetarydata.jpl.nasa.gov/img/data/mro/ctx/mrox_2716/data/J06_047131_2124_XN_32N006W.IMG,63.478,3.7,2016-08-15T22:53:28.019,1,E-8_N32
J06_047144_2233_XN_43N002W,MROX_2717,https://planetarydata.jpl.nasa.gov/img/data/mro/ctx/mrox_2717/data/J06_047144_2233_XN_43N002W.IMG,69.688,0.79,2016-08-16T23:15:21.830,2,E-4_N40;E-4_N44
J06_047197_2140_XN_34N008W,MROX_2721,https://planetarydata.jpl.nasa.gov/img/data/mro/ctx/mrox_2721/data/J06_047197_2140_XN_34N008W.IMG,65.01,4.16,2016-08-21T02:20:39.939,1,E-12_N32
J06_047223_2200_XN_40N359W,MROX_2723,https://planetarydata.jpl.nasa.gov/img/data/mro/ctx/mrox_2723/data/J06_047223_2200_XN_40N359W.IMG,68.87,0.11,2016-08-23T03:00:09.074,2,E0_N36;E0_N40
J06_047236_2156_XN_35N353W,MROX_2724,https://planetarydata.jpl.nasa.gov/img/data/mro/ctx/mrox_2724/data/J06_047236_2156_XN_35N353W.IMG,66.59,0.79,2016-08-24T03:17:32.885,1,E4_N32
J06_047275_2252_XN_45N340W,MROX_2728,https://planetarydata.jpl.nasa.gov/img/data/mro/ctx/mrox_2728/data/J06_047275_2252_XN_45N340W.IMG,72.299,3.37,2016-08-27T04:16:47.249,1,E16_N44
J06_047289_2156_XN_35N001W,MROX_2729,https://planetarydata.jpl.nasa.gov/img/data/mro/ctx/mrox_2729/data/J06_047289_2156_XN_35N001W.IMG,66.769,6.07,2016-08-28T06:24:34.248,2,E-4_N32;E-4_N36
J06_047315_2187_XN_38N350W,MROX_2731,https://planetarydata.jpl.nasa.gov/img/data/mro/ctx/mrox_2731/data/J06_047315_2187_XN_38N350W.IMG,69.51,5.1299,2016-08-30T07:03:36.281,1,E8_N36
J07_047381_2208_XN_40N352W,MROX_2736,https://planetarydata.jpl.nasa.gov/img/data/mro/ctx/mrox_2736/data/J07_047381_2208_XN_40N352W.IMG,71.26,1.9094,2016-09-04T10:30:23.538,1,E4_N40
J07_047434_2181_XN_38N359W,MROX_2740,https://planetarydata.jpl.nasa.gov/img/data/mro/ctx/mrox_2740/data/J07_047434_2181_XN_38N359W.IMG,70.159,1.9294,2016-09-08T13:36:42.791,1,E0_N36
J07_047500_2166_XN_36N001W,MROX_2745,https://planetarydata.jpl.nasa.gov/img/data/mro/ctx/mrox_2745/data/J07_047500_2166_XN_36N001W.IMG,69.688,1.02,2016-09-13T17:02:11.692,1,E-4_N36
J09_048146_2153_XN_35N000W,MROX_2783,https://planetarydata.jpl.nasa.gov/img/data/mro/ctx/mrox_2783/data/J09_048146_2153_XN_35N000W.IMG,71.129,2.39,2016-11-03T01:17:27.226,2,E-4_N32;E0_N32
J09_048159_2187_XN_38N355W,MROX_2784,https://planetarydata.jpl.nasa.gov/img/data/mro/ctx/mrox_2784/data/J09_048159_2187_XN_38N355W.IMG,73.79,1.3894,2016-11-04T01:37:37.069,1,E4_N36
J09_048212_2138_XN_33N002W,MROX_2788,https://planetarydata.jpl.nasa.gov/img/data/mro/ctx/mrox_2788/data/J09_048212_2138_XN_33N002W.IMG,69.938,2.64,2016-11-08T04:44:21.635,1,E-4_N32
J09_048291_2167_XN_36N359W,MROX_2794,https://planetarydata.jpl.nasa.gov/img/data/mro/ctx/mrox_2794/data/J09_048291_2167_XN_36N359W.IMG,72.069,0.0898,2016-11-14T08:31:45.898,1,E0_N36
J09_048370_2162_XN_36N358W,MROX_2799,https://planetarydata.jpl.nasa.gov/img/data/mro/ctx/mrox_2799/data/J09_048370_2162_XN_36N358W.IMG,70.328,21.6,2016-11-20T12:17:15.829,2,E0_N32;E0_N36
J10_048594_2197_XN_39N353W,MROX_2811,https://planetarydata.jpl.nasa.gov/img/data/mro/ctx/mrox_2811/data/J10_048594_2197_XN_39N353W.IMG,72.78,0.7096,2016-12-07T23:17:21.795,1,E4_N36
J10_048792_2167_XN_36N359W,MROX_2821,https://planetarydata.jpl.nasa.gov/img/data/mro/ctx/mrox_2821/data/J10_048792_2167_XN_36N359W.IMG,68.43,5.5099,2016-12-23T09:35:39.979,1,E0_N36
J10_048845_2182_XN_38N005W,MROX_2824,https://planetarydata.jpl.nasa.gov/img/data/mro/ctx/mrox_2824/data/J10_048845_2182_XN_38N005W.IMG,69.51,4.66,2016-12-27T12:43:29.599,1,E-8_N36
J11_048924_2150_XN_35N003W,MROX_2830,https://planetarydata.jpl.nasa.gov/img/data/mro/ctx/mrox_2830/data/J11_048924_2150_XN_35N003W.IMG,65.438,9.41,2017-01-02T16:27:15.077,1,E-4_N32
J11_048950_2149_XN_34N352W,MROX_2831,https://planetarydata.jpl.nasa.gov/img/data/mro/ctx/mrox_2831/data/J11_048950_2149_XN_34N352W.IMG,65.42,1.01,2017-01-04T17:04:44.263,1,E4_N32
J11_049122_2209_XN_40N009W,MROX_2839,https://planetarydata.jpl.nasa.gov/img/data/mro/ctx/mrox_2839/data/J11_049122_2209_XN_40N009W.IMG,68.319,0.0898,2017-01-18T02:46:39.112,1,E-12_N40
J11_049148_2157_XN_35N358W,MROX_2840,https://planetarydata.jpl.nasa.gov/img/data/mro/ctx/mrox_2840/data/J11_049148_2157_XN_35N358W.IMG,63.64,0.0898,2017-01-20T03:22:16.883,1,E0_N32
J11_049293_2137_XN_33N356W,MROX_2846,https://planetarydata.jpl.nasa.gov/img/data/mro/ctx/mrox_2846/data/J11_049293_2137_XN_33N356W.IMG,60.2,1.6294,2017-01-31T10:31:20.825,1,E0_N32
J12_049306_2158_XN_35N352W,MROX_2848,https://planetarydata.jpl.nasa.gov/img/data/mro/ctx/mrox_2848/data/J12_049306_2158_XN_35N352W.IMG,61.35,6.6398,2017-02-01T10:50:36.847,2,E4_N32;E4_N36
J12_049544_2203_XN_40N010W,MROX_2857,https://planetarydata.jpl.nasa.gov/img/data/mro/ctx/mrox_2857/data/J12_049544_2203_XN_40N010W.IMG,61.658,8.1699,2017-02-19T23:55:33.039,2,E-12_N36;E-12_N40
J13_049860_2164_XN_36N352W,MROX_2871,https://planetarydata.jpl.nasa.gov/img/data/mro/ctx/mrox_2871/data/J13_049860_2164_XN_36N352W.IMG,55.46,22.268,2017-03-16T14:46:51.424,2,E4_N32;E4_N36
J13_049887_2203_XN_40N010W,MROX_2871,https://planetarydata.jpl.nasa.gov/img/data/mro/ctx/mrox_2871/data/J13_049887_2203_XN_40N010W.IMG,57.96,18.338,2017-03-18T17:17:28.867,1,E-12_N36
J14_050137_2188_XN_38N357W,MROX_2882,https://planetarydata.jpl.nasa.gov/img/data/mro/ctx/mrox_2882/data/J14_050137_2188_XN_38N357W.IMG,52.618,2.9799,2017-04-07T04:51:08.246,1,E0_N36
J14_050176_2232_XN_43N344W,MROX_2884,https://planetarydata.jpl.nasa.gov/img/data/mro/ctx/mrox_2884/data/J14_050176_2232_XN_43N344W.IMG,54.829,9.4199,2017-04-10T05:48:37.594,1,E12_N44
J14_050216_2161_XN_36N354W,MROX_2885,https://planetarydata.jpl.nasa.gov/img/data/mro/ctx/mrox_2885/data/J14_050216_2161_XN_36N354W.IMG,49.39,1.01,2017-04-13T08:35:37.817,2,E4_N32;E4_N36
J14_050308_2227_XN_42N347W,MROX_2889,https://planetarydata.jpl.nasa.gov/img/data/mro/ctx/mrox_2889/data/J14_050308_2227_XN_42N347W.IMG,53.06,0.9495,2017-04-20T12:42:02.531,1,E8_N40
J14_050414_2200_XN_40N002W,MROX_2894,https://planetarydata.jpl.nasa.gov/img/data/mro/ctx/mrox_2894/data/J14_050414_2200_XN_40N002W.IMG,49.329,9.6996,2017-04-28T18:55:56.927,2,E-4_N36;E-4_N40
J14_050427_2196_XN_39N353W,MROX_2894,https://planetarydata.jpl.nasa.gov/img/data/mro/ctx/mrox_2894/data/J14_050427_2196_XN_39N353W.IMG,50.829,25.338,2017-04-29T19:14:39.554,2,E4_N36;E4_N40
J15_050480_2202_XI_40N004W,MROX_2897,https://planetarydata.jpl.nasa.gov/img/data/mro/ctx/mrox_2897/data/J15_050480_2202_XI_40N004W.IMG,48.95,5.0998,2017-05-03T22:22:24.807,4,E-4_N36;E-4_N40;E-8_N36;E-8_N40
J15_050519_2214_XN_41N348W,MROX_2899,https://planetarydata.jpl.nasa.gov/img/data/mro/ctx/mrox_2899/data/J15_050519_2214_XN_41N348W.IMG,49.899,5.58,2017-05-06T23:19:10.444,1,E8_N40
J15_050585_2227_XN_42N347W,MROX_2902,https://planetarydata.jpl.nasa.gov/img/data/mro/ctx/mrox_2902/data/J15_050585_2227_XN_42N347W.IMG,51.24,25.46,2017-05-12T02:45:53.782,1,E8_N40
J15_050625_2152_XN_35N002W,MROX_2904,https://planetarydata.jpl.nasa.gov/img/data/mro/ctx/mrox_2904/data/J15_050625_2152_XN_35N002W.IMG,44.1,4.7599,2017-05-15T05:31:48.368,1,E-4_N32
J15_050743_2214_XN_41N348W,MROX_2907,https://planetarydata.jpl.nasa.gov/img/data/mro/ctx/mrox_2907/data/J15_050743_2214_XN_41N348W.IMG,45.399,29.37,2017-05-24T10:15:08.392,1,E8_N40
J15_050757_2208_XN_40N006W,MROX_2908,https://planetarydata.jpl.nasa.gov/img/data/mro/ctx/mrox_2908/data/J15_050757_2208_XN_40N006W.IMG,46.679,0.25,2017-05-25T12:25:58.969,1,E-8_N40
J15_050796_2171_XN_37N351W,MROX_2910,https://planetarydata.jpl.nasa.gov/img/data/mro/ctx/mrox_2910/data/J15_050796_2171_XN_37N351W.IMG,43.829,3.2,2017-05-28T13:20:30.004,2,E8_N32;E8_N36
J15_050836_2207_XN_40N003W,MROX_2911,https://planetarydata.jpl.nasa.gov/img/data/mro/ctx/mrox_2911/data/J15_050836_2207_XN_40N003W.IMG,45.859,0.0898,2017-05-31T16:10:15.445,2,E-4_N36;E-4_N40
J16_050862_2196_XI_39N355W,MROX_2912,https://planetarydata.jpl.nasa.gov/img/data/mro/ctx/mrox_2912/data/J16_050862_2196_XI_39N355W.IMG,43.789,19.059,2017-06-02T16:47:19.713,3,E0_N40;E4_N36;E4_N40
J16_050875_2214_XN_41N348W,MROX_2913,https://planetarydata.jpl.nasa.gov/img/data/mro/ctx/mrox_2913/data/J16_050875_2214_XN_41N348W.IMG,46.17,3.9599,2017-06-03T17:07:02.700,1,E8_N40
J16_050889_2223_XN_42N010W,MROX_2913,https://planetarydata.jpl.nasa.gov/img/data/mro/ctx/mrox_2913/data/J16_050889_2223_XN_42N010W.IMG,46.399,0.0898,2017-06-04T19:17:46.306,2,E-12_N40;E-12_N44
J16_050915_2157_XN_35N002W,MROX_2915,https://planetarydata.jpl.nasa.gov/img/data/mro/ctx/mrox_2915/data/J16_050915_2157_XN_35N002W.IMG,40.658,25.42,2017-06-06T19:53:26.126,1,E-4_N32
J16_050981_2219_XN_41N005W,MROX_2917,https://planetarydata.jpl.nasa.gov/img/data/mro/ctx/mrox_2917/data/J16_050981_2219_XN_41N005W.IMG,43.75,24.5,2017-06-11T23:21:44.236,1,E-8_N40
J16_051060_2158_XN_35N359W,MROX_2920,https://planetarydata.jpl.nasa.gov/img/data/mro/ctx/mrox_2920/data/J16_051060_2158_XN_35N359W.IMG,41.009,6.8098,2017-06-18T03:04:07.233,2,E0_N32;E0_N36
J16_051086_2169_XN_36N351W,MROX_2921,https://planetarydata.jpl.nasa.gov/img/data/mro/ctx/mrox_2921/data/J16_051086_2169_XN_36N351W.IMG,40.118,24.539,2017-06-20T03:41:31.988,2,E8_N32;E8_N36
J16_051099_2232_XN_43N344W,MROX_2922,https://planetarydata.jpl.nasa.gov/img/data/mro/ctx/mrox_2922/data/J16_051099_2232_XN_43N344W.IMG,45.06,0.8195,2017-06-21T04:02:07.569,1,E12_N44
J16_051100_2141_XN_34N010W,MROX_2922,https://planetarydata.jpl.nasa.gov/img/data/mro/ctx/mrox_2922/data/J16_051100_2141_XN_34N010W.IMG,40.07,5.6798,2017-06-21T05:51:50.952,1,E-12_N32
J16_051126_2156_XN_35N358W,MROX_2923,https://planetarydata.jpl.nasa.gov/img/data/mro/ctx/mrox_2923/data/J16_051126_2156_XN_35N358W.IMG,42.189,17.059,2017-06-23T06:29:43.711,2,E0_N32;E0_N36
J16_051192_2197_XI_39N003W,MROX_2925,https://planetarydata.jpl.nasa.gov/img/data/mro/ctx/mrox_2925/data/J16_051192_2197_XI_39N003W.IMG,42.109,7.29,2017-06-28T09:56:46.537,2,E-4_N36;E-4_N40
J17_051310_2260_XI_46N345W,MROX_2929,https://planetarydata.jpl.nasa.gov/img/data/mro/ctx/mrox_2929/data/J17_051310_2260_XI_46N345W.IMG,44.868,2.9599,2017-07-07T14:39:06.396,1,E12_N44
J17_051324_2208_XN_40N007W,MROX_2929,https://planetarydata.jpl.nasa.gov/img/data/mro/ctx/mrox_2929/data/J17_051324_2208_XN_40N007W.IMG,42.189,1.57,2017-07-08T16:48:36.095,1,E-8_N40
J18_051759_2206_XN_40N005W,MROX_2934,https://planetarydata.jpl.nasa.gov/img/data/mro/ctx/mrox_2934/data/J18_051759_2206_XN_40N005W.IMG,38.679,22.19,2017-08-11T14:17:09.933,2,E-8_N36;E-8_N40
J18_051943_2271_XN_47N347W,MROX_2941,https://planetarydata.jpl.nasa.gov/img/data/mro/ctx/mrox_2941/data/J18_051943_2271_XN_47N347W.IMG,42.0,1.07,2017-08-25T22:24:55.191,1,E12_N44
J19_052088_2271_XN_47N347W,MROX_2946,https://planetarydata.jpl.nasa.gov/img/data/mro/ctx/mrox_2946/data/J19_052088_2271_XN_47N347W.IMG,40.57,13.368,2017-09-06T05:34:04.600,1,E12_N44
J19_052115_2173_XN_37N001W,MROX_2946,https://planetarydata.jpl.nasa.gov/img/data/mro/ctx/mrox_2946/data/J19_052115_2173_XN_37N001W.IMG,38.829,1.1895,2017-09-08T08:00:22.335,1,E-4_N36
J19_052221_2147_XN_34N012W,MROX_2949,https://planetarydata.jpl.nasa.gov/img/data/mro/ctx/mrox_2949/data/J19_052221_2147_XN_34N012W.IMG,40.368,22.05,2017-09-16T14:13:26.100,1,E-12_N32
J19_052273_2187_XI_38N354W,MROX_2951,https://planetarydata.jpl.nasa.gov/img/data/mro/ctx/mrox_2951/data/J19_052273_2187_XI_38N354W.IMG,39.789,9.56,2017-09-20T15:29:33.126,2,E4_N32;E4_N36
J19_052339_2276_XN_47N357W,MROX_2953,https://planetarydata.jpl.nasa.gov/img/data/mro/ctx/mrox_2953/data/J19_052339_2276_XN_47N357W.IMG,41.45,4.4298,2017-09-25T18:59:36.669,1,E0_N44
J20_052418_2249_XI_44N354W,MROX_2956,https://planetarydata.jpl.nasa.gov/img/data/mro/ctx/mrox_2956/data/J20_052418_2249_XI_44N354W.IMG,40.289,1.1995,2017-10-01T22:43:43.963,2,E4_N40;E4_N44
J20_052523_2243_XN_44N341W,MROX_2959,https://planetarydata.jpl.nasa.gov/img/data/mro/ctx/mrox_2959/data/J20_052523_2243_XN_44N341W.IMG,40.399,5.6299,2017-10-10T03:06:39.664,1,E16_N44
J20_052550_2233_XI_43N359W,MROX_2960,https://planetarydata.jpl.nasa.gov/img/data/mro/ctx/mrox_2960/data/J20_052550_2233_XI_43N359W.IMG,39.35,5.44,2017-10-12T05:36:05.028,2,E0_N40;E0_N44
J20_052589_2280_XN_48N344W,MROX_2961,https://planetarydata.jpl.nasa.gov/img/data/mro/ctx/mrox_2961/data/J20_052589_2280_XN_48N344W.IMG,40.969,1.26,2017-10-15T06:34:13.360,1,E12_N44
J20_052642_2151_XN_35N350W,MROX_2963,https://planetarydata.jpl.nasa.gov/img/data/mro/ctx/mrox_2963/data/J20_052642_2151_XN_35N350W.IMG,38.219,8.74,2017-10-19T09:37:44.006,1,E8_N32
J20_052761_2168_XN_36N359W,MROX_2966,https://planetarydata.jpl.nasa.gov/img/data/mro/ctx/mrox_2966/data/J20_052761_2168_XN_36N359W.IMG,38.859,3.2799,2017-10-28T16:12:04.774,1,E0_N36
J21_052814_2224_XI_42N010W,MROX_2968,https://planetarydata.jpl.nasa.gov/img/data/mro/ctx/mrox_2968/data/J21_052814_2224_XI_42N010W.IMG,37.079,30.629,2017-11-01T19:20:38.897,2,E-12_N40;E-12_N44
J21_052906_2233_XI_43N359W,MROX_2970,https://planetarydata.jpl.nasa.gov/img/data/mro/ctx/mrox_2970/data/J21_052906_2233_XI_43N359W.IMG,39.929,0.11,2017-11-08T23:25:09.797,2,E0_N40;E0_N44
J21_052946_2164_XI_36N010W,MROX_2971,https://planetarydata.jpl.nasa.gov/img/data/mro/ctx/mrox_2971/data/J21_052946_2164_XI_36N010W.IMG,39.408,0.17,2017-11-12T02:11:14.870,2,E-12_N32;E-12_N36
J21_052972_2262_XI_46N001W,MROX_2972,https://planetarydata.jpl.nasa.gov/img/data/mro/ctx/mrox_2972/data/J21_052972_2262_XI_46N001W.IMG,40.89,4.2999,2017-11-14T02:51:41.848,2,E-4_N40;E-4_N44
J21_052998_2173_XI_37N349W,MROX_2973,https://planetarydata.jpl.nasa.gov/img/data/mro/ctx/mrox_2973/data/J21_052998_2173_XI_37N349W.IMG,40.259,9.5198,2017-11-16T03:26:39.810,2,E8_N32;E8_N36
J21_053091_2212_XN_41N009W,MROX_2975,https://planetarydata.jpl.nasa.gov/img/data/mro/ctx/mrox_2975/data/J21_053091_2212_XN_41N009W.IMG,39.89,0.9798,2017-11-23T09:24:27.045,1,E-12_N40
J21_053104_2193_XI_39N003W,MROX_2975,https://planetarydata.jpl.nasa.gov/img/data/mro/ctx/mrox_2975/data/J21_053104_2193_XI_39N003W.IMG,40.34,6.32,2017-11-24T09:42:25.778,1,E-4_N36
J21_053130_2137_XI_33N352W,MROX_2975,https://planetarydata.jpl.nasa.gov/img/data/mro/ctx/mrox_2975/data/J21_053130_2137_XI_33N352W.IMG,40.978,14.089,2017-11-26T10:18:06.713,2,E4_N32;E8_N32
J22_053209_2148_XN_34N350W,MROX_3005,https://planetarydata.jpl.nasa.gov/img/data/mro/ctx/mrox_3005/data/J22_053209_2148_XN_34N350W.IMG,40.259,3.24,2017-12-02T14:03:44.212,1,E8_N32
J22_053236_2191_XN_39N008W,MROX_3006,https://planetarydata.jpl.nasa.gov/img/data/mro/ctx/mrox_3006/data/J22_053236_2191_XN_39N008W.IMG,40.14,0.33,2017-12-04T16:34:46.795,1,E-12_N36
J22_053275_2120_XI_32N349W,MROX_3008,https://planetarydata.jpl.nasa.gov/img/data/mro/ctx/mrox_3008/data/J22_053275_2120_XI_32N349W.IMG,42.77,28.6,2017-12-07T17:28:46.646,1,E8_N32
J22_053302_2193_XI_39N011W,MROX_3008,https://planetarydata.jpl.nasa.gov/img/data/mro/ctx/mrox_3008/data/J22_053302_2193_XI_39N011W.IMG,39.74,8.0198,2017-12-09T20:00:44.744,1,E-12_N36
J22_053499_2170_XI_37N348W,MROX_3014,https://planetarydata.jpl.nasa.gov/img/data/mro/ctx/mrox_3014/data/J22_053499_2170_XI_37N348W.IMG,41.439,5.8799,2017-12-25T04:25:41.517,2,E8_N32;E8_N36
K01_053605_2186_XI_38N002W,MROX_3018,https://planetarydata.jpl.nasa.gov/img/data/mro/ctx/mrox_3018/data/K01_053605_2186_XI_38N002W.IMG,41.939,5.0099,2018-01-02T10:40:41.516,1,E-4_N36
K01_053658_2213_XN_41N010W,MROX_3020,https://planetarydata.jpl.nasa.gov/img/data/mro/ctx/mrox_3020/data/K01_053658_2213_XN_41N010W.IMG,42.329,3.3999,2018-01-06T13:48:43.230,1,E-12_N40
K01_053671_2266_XN_46N006W,MROX_3020,https://planetarydata.jpl.nasa.gov/img/data/mro/ctx/mrox_3020/data/K01_053671_2266_XN_46N006W.IMG,42.969,1.57,2018-01-07T14:08:55.790,1,E-8_N44
K01_053697_2201_XI_40N356W,MROX_3022,https://planetarydata.jpl.nasa.gov/img/data/mro/ctx/mrox_3022/data/K01_053697_2201_XI_40N356W.IMG,41.39,9.4496,2018-01-09T14:44:37.398,3,E0_N36;E0_N40;E4_N36
K01_053723_2261_XI_46N345W,MROX_3023,https://planetarydata.jpl.nasa.gov/img/data/mro/ctx/mrox_3023/data/K01_053723_2261_XI_46N345W.IMG,43.219,0.45,2018-01-11T15:23:33.352,1,E12_N44
K01_053737_2246_XI_44N005W,MROX_3023,https://planetarydata.jpl.nasa.gov/img/data/mro/ctx/mrox_3023/data/K01_053737_2246_XI_44N005W.IMG,44.57,18.55,2018-01-12T17:34:06.353,2,E-8_N40;E-8_N44
K01_053763_2156_XN_35N356W,MROX_3024,https://planetarydata.jpl.nasa.gov/img/data/mro/ctx/mrox_3024/data/K01_053763_2156_XN_35N356W.IMG,42.31,1.56,2018-01-14T18:09:01.266,2,E0_N32;E4_N32
K01_053763_2246_XN_44N357W,MROX_3024,https://planetarydata.jpl.nasa.gov/img/data/mro/ctx/mrox_3024/data/K01_053763_2246_XN_44N357W.IMG,43.158,0.8699,2018-01-14T18:11:53.273,1,E0_N44
K01_053803_2165_XI_36N010W,MROX_3026,https://planetarydata.jpl.nasa.gov/img/data/mro/ctx/mrox_3026/data/K01_053803_2165_XI_36N010W.IMG,41.118,16.48,2018-01-17T20:57:03.330,2,E-12_N32;E-12_N36
K01_053816_2154_XN_35N002W,MROX_3026,https://planetarydata.jpl.nasa.gov/img/data/mro/ctx/mrox_3026/data/K01_053816_2154_XN_35N002W.IMG,42.84,4.5099,2018-01-18T21:15:59.187,1,E-4_N32
K01_053869_2266_XN_46N011W,MROX_3029,https://planetarydata.jpl.nasa.gov/img/data/mro/ctx/mrox_3029/data/K01_053869_2266_XN_46N011W.IMG,44.469,0.9495,2018-01-23T00:26:37.425,1,E-12_N44
K01_053961_2233_XN_43N003W,MROX_3033,https://planetarydata.jpl.nasa.gov/img/data/mro/ctx/mrox_3033/data/K01_053961_2233_XN_43N003W.IMG,44.368,0.1,2018-01-30T04:27:59.521,2,E-4_N40;E-4_N44
K01_053974_2284_XN_48N358W,MROX_3033,https://planetarydata.jpl.nasa.gov/img/data/mro/ctx/mrox_3033/data/K01_053974_2284_XN_48N358W.IMG,45.81,1.37,2018-01-31T04:48:45.542,1,E0_N44
K02_053987_2264_XI_46N354W,MROX_3034,https://planetarydata.jpl.nasa.gov/img/data/mro/ctx/mrox_3034/data/K02_053987_2264_XI_46N354W.IMG,44.78,6.2698,2018-02-01T05:07:10.145,1,E4_N44
K02_054000_2257_XN_45N347W,MROX_3034,https://planetarydata.jpl.nasa.gov/img/data/mro/ctx/mrox_3034/data/K02_054000_2257_XN_45N347W.IMG,45.67,6.29,2018-02-02T05:25:32.540,1,E12_N44
K02_054014_2140_XI_34N011W,MROX_3034,https://planetarydata.jpl.nasa.gov/img/data/mro/ctx/mrox_3034/data/K02_054014_2140_XI_34N011W.IMG,41.539,25.329,2018-02-03T07:32:32.134,1,E-12_N32
K02_054080_2158_XI_35N010W,MROX_3037,https://planetarydata.jpl.nasa.gov/img/data/mro/ctx/mrox_3037/data/K02_054080_2158_XI_35N010W.IMG,44.57,4.53,2018-02-08T10:59:03.131,1,E-12_N32
K02_054159_2164_XI_36N007W,MROX_3040,https://planetarydata.jpl.nasa.gov/img/data/mro/ctx/mrox_3040/data/K02_054159_2164_XI_36N007W.IMG,44.81,1.06,2018-02-14T14:43:35.095,3,E-12_N36;E-8_N32;E-8_N36
K03_054449_2299_XN_49N007W,MROX_3043,https://planetarydata.jpl.nasa.gov/img/data/mro/ctx/mrox_3043/data/K03_054449_2299_XN_49N007W.IMG,51.14,0.63,2018-03-09T05:06:36.457,1,E-8_N44
K03_054514_2235_XN_43N340W,MROX_3046,https://planetarydata.jpl.nasa.gov/img/data/mro/ctx/mrox_3046/data/K03_054514_2235_XN_43N340W.IMG,49.798,0.0898,2018-03-14T06:37:56.749,1,E16_N44
K03_054541_2273_XN_47N358W,MROX_3048,https://planetarydata.jpl.nasa.gov/img/data/mro/ctx/mrox_3048/data/K03_054541_2273_XN_47N358W.IMG,51.439,1.3794,2018-03-16T09:09:28.758,1,E0_N44
K03_054620_2250_XN_45N354W,MROX_3053,https://planetarydata.jpl.nasa.gov/img/data/mro/ctx/mrox_3053/data/K03_054620_2250_XN_45N354W.IMG,51.548,0.54,2018-03-22T12:52:28.045,1,E4_N44
K03_054633_2211_XN_41N349W,MROX_3054,https://planetarydata.jpl.nasa.gov/img/data/mro/ctx/mrox_3054/data/K03_054633_2211_XN_41N349W.IMG,50.52,0.56,2018-03-23T13:10:01.443,1,E8_N40
K03_054659_2256_XN_45N339W,MROX_3055,https://planetarydata.jpl.nasa.gov/img/data/mro/ctx/mrox_3055/data/K03_054659_2256_XN_45N339W.IMG,52.25,0.0898,2018-03-25T13:48:07.750,1,E16_N44
K03_054660_2181_XN_38N005W,MROX_3055,https://planetarydata.jpl.nasa.gov/img/data/mro/ctx/mrox_3055/data/K03_054660_2181_XN_38N005W.IMG,50.14,0.0898,2018-03-25T15:37:58.527,2,E-8_N32;E-8_N36
K03_054673_2205_XN_40N000W,MROX_3057,https://planetarydata.jpl.nasa.gov/img/data/mro/ctx/mrox_3057/data/K03_054673_2205_XN_40N000W.IMG,50.92,0.0898,2018-03-26T15:57:51.542,2,E-4_N36;E-4_N40
K03_054686_2237_XN_43N356W,MROX_3057,https://planetarydata.jpl.nasa.gov/img/data/mro/ctx/mrox_3057/data/K03_054686_2237_XN_43N356W.IMG,52.02,0.0898,2018-03-27T16:17:29.154,3,E0_N40;E0_N44;E4_N40
K03_054699_2219_XN_41N351W,MROX_3058,https://planetarydata.jpl.nasa.gov/img/data/mro/ctx/mrox_3058/data/K03_054699_2219_XN_41N351W.IMG,51.52,1.29,2018-03-28T16:35:05.559,1,E8_N40
K03_054725_2281_XN_48N341W,MROX_3060,https://planetarydata.jpl.nasa.gov/img/data/mro/ctx/mrox_3060/data/K03_054725_2281_XN_48N341W.IMG,54.02,0.0898,2018-03-30T17:14:41.198,1,E16_N44
K04_054752_2182_XN_38N357W,MROX_3062,https://planetarydata.jpl.nasa.gov/img/data/mro/ctx/mrox_3062/data/K04_054752_2182_XN_38N357W.IMG,51.27,0.0898,2018-04-01T19:41:23.806,1,E0_N36
K04_054765_2209_XN_40N352W,MROX_3063,https://planetarydata.jpl.nasa.gov/img/data/mro/ctx/mrox_3063/data/K04_054765_2209_XN_40N352W.IMG,52.17,0.0898,2018-04-02T20:00:52.723,1,E4_N40
K04_054831_2171_XN_37N353W,MROX_3068,https://planetarydata.jpl.nasa.gov/img/data/mro/ctx/mrox_3068/data/K04_054831_2171_XN_37N353W.IMG,51.95,0.0898,2018-04-07T23:24:57.500,1,E4_N36
K04_054870_2270_XN_47N340W,MROX_3071,https://planetarydata.jpl.nasa.gov/img/data/mro/ctx/mrox_3071/data/K04_054870_2270_XN_47N340W.IMG,55.658,0.0898,2018-04-11T00:23:46.470,1,E16_N44
K04_054871_2244_XN_44N006W,MROX_3071,https://planetarydata.jpl.nasa.gov/img/data/mro/ctx/mrox_3071/data/K04_054871_2244_XN_44N006W.IMG,54.75,0.0898,2018-04-11T02:15:12.251,1,E-8_N40
K04_054910_2218_XN_41N351W,MROX_3074,https://planetarydata.jpl.nasa.gov/img/data/mro/ctx/mrox_3074/data/K04_054910_2218_XN_41N351W.IMG,54.31,1.27,2018-04-14T03:09:32.604,1,E8_N40
K04_054923_2229_XN_42N346W,MROX_3075,https://planetarydata.jpl.nasa.gov/img/data/mro/ctx/mrox_3075/data/K04_054923_2229_XN_42N346W.IMG,54.92,0.1499,2018-04-15T03:28:25.224,1,E12_N44
K04_054924_2132_XN_33N012W,MROX_3075,https://planetarydata.jpl.nasa.gov/img/data/mro/ctx/mrox_3075/data/K04_054924_2132_XN_33N012W.IMG,52.109,0.0898,2018-04-15T05:18:10.106,1,E-12_N32
K04_054950_2213_XN_41N003W,MROX_3077,https://planetarydata.jpl.nasa.gov/img/data/mro/ctx/mrox_3077/data/K04_054950_2213_XN_41N003W.IMG,54.798,0.0898,2018-04-17T05:57:54.648,1,E-4_N40
K04_054963_2209_XN_40N358W,MROX_3078,https://planetarydata.jpl.nasa.gov/img/data/mro/ctx/mrox_3078/data/K04_054963_2209_XN_40N358W.IMG,54.829,0.0898,2018-04-18T06:16:12.174,2,E0_N36;E0_N40
K04_054976_2210_XN_41N352W,MROX_3079,https://planetarydata.jpl.nasa.gov/img/data/mro/ctx/mrox_3079/data/K04_054976_2210_XN_41N352W.IMG,55.009,0.0898,2018-04-19T06:35:11.693,1,E4_N40
K04_054989_2269_XN_46N348W,MROX_3080,https://planetarydata.jpl.nasa.gov/img/data/mro/ctx/mrox_3080/data/K04_054989_2269_XN_46N348W.IMG,57.39,0.0898,2018-04-20T06:55:31.216,1,E8_N44
K04_055003_2231_XN_43N010W,MROX_3081,https://planetarydata.jpl.nasa.gov/img/data/mro/ctx/mrox_3081/data/K04_055003_2231_XN_43N010W.IMG,56.158,0.0898,2018-04-21T09:05:10.921,1,E-12_N40
K04_055016_2123_XN_32N003W,MROX_3082,https://planetarydata.jpl.nasa.gov/img/data/mro/ctx/mrox_3082/data/K04_055016_2123_XN_32N003W.IMG,53.0,0.0898,2018-04-22T09:20:06.135,1,E-4_N32
K04_055029_2115_XN_31N358W,MROX_3083,https://planetarydata.jpl.nasa.gov/img/data/mro/ctx/mrox_3083/data/K04_055029_2115_XN_31N358W.IMG,52.96,0.0898,2018-04-23T09:38:15.256,1,E0_N32
K04_055042_2186_XN_38N354W,MROX_3084,https://planetarydata.jpl.nasa.gov/img/data/mro/ctx/mrox_3084/data/K04_055042_2186_XN_38N354W.IMG,55.13,0.0898,2018-04-24T09:59:34.485,1,E4_N36
K04_055068_2264_XN_46N345W,MROX_3086,https://planetarydata.jpl.nasa.gov/img/data/mro/ctx/mrox_3086/data/K04_055068_2264_XN_46N345W.IMG,58.38,0.0898,2018-04-26T10:38:40.373,1,E12_N44
K04_055069_2208_XN_40N011W,MROX_3087,https://planetarydata.jpl.nasa.gov/img/data/mro/ctx/mrox_3087/data/K04_055069_2208_XN_40N011W.IMG,56.27,0.0898,2018-04-26T12:29:34.620,1,E-12_N40
K04_055095_2156_XN_35N000W,MROX_3088,https://planetarydata.jpl.nasa.gov/img/data/mro/ctx/mrox_3088/data/K04_055095_2156_XN_35N000W.IMG,54.929,0.0898,2018-04-28T13:04:37.364,2,E-4_N32;E-4_N36
K04_055121_2218_XN_41N351W,MROX_3091,https://planetarydata.jpl.nasa.gov/img/data/mro/ctx/mrox_3091/data/K04_055121_2218_XN_41N351W.IMG,57.27,1.57,2018-04-30T13:43:28.714,2,E8_N40;E8_N44
K05_055214_2153_XI_35N009W,MROX_3099,https://planetarydata.jpl.nasa.gov/img/data/mro/ctx/mrox_3099/data/K05_055214_2153_XI_35N009W.IMG,56.5,1.83,2018-05-07T19:35:42.997,1,E-12_N32
K05_055227_2175_XN_37N004W,MROX_3101,https://planetarydata.jpl.nasa.gov/img/data/mro/ctx/mrox_3101/data/K05_055227_2175_XN_37N004W.IMG,57.32,0.0898,2018-05-08T19:54:57.430,4,E-4_N32;E-4_N36;E-8_N32;E-8_N36
K05_055253_2256_XN_45N355W,MROX_3103,https://planetarydata.jpl.nasa.gov/img/data/mro/ctx/mrox_3103/data/K05_055253_2256_XN_45N355W.IMG,61.0,1.35,2018-05-10T20:34:50.303,2,E4_N40;E4_N44
K05_055266_2219_XN_41N349W,MROX_3104,https://planetarydata.jpl.nasa.gov/img/data/mro/ctx/mrox_3104/data/K05_055266_2219_XN_41N349W.IMG,59.82,3.68,2018-05-11T20:52:19.533,1,E8_N40
K05_055280_2134_XN_33N010W,MROX_3105,https://planetarydata.jpl.nasa.gov/img/data/mro/ctx/mrox_3105/data/K05_055280_2134_XN_33N010W.IMG,56.609,0.0898,2018-05-12T23:00:05.246,1,E-12_N32
K05_055306_2200_XN_40N001W,MROX_3108,https://planetarydata.jpl.nasa.gov/img/data/mro/ctx/mrox_3108/data/K05_055306_2200_XN_40N001W.IMG,59.35,0.2099,2018-05-14T23:39:40.620,2,E-4_N36;E-4_N40
K05_055332_2130_XI_33N350W,MROX_3110,https://planetarydata.jpl.nasa.gov/img/data/mro/ctx/mrox_3110/data/K05_055332_2130_XI_33N350W.IMG,56.63,6.8098,2018-05-17T00:14:42.985,1,E8_N32
K05_055411_2216_XN_41N349W,MROX_3117,https://planetarydata.jpl.nasa.gov/img/data/mro/ctx/mrox_3117/data/K05_055411_2216_XN_41N349W.IMG,60.679,12.269,2018-05-23T04:00:29.910,2,E8_N36;E8_N40
K05_055438_2243_XN_44N005W,MROX_3119,https://planetarydata.jpl.nasa.gov/img/data/mro/ctx/mrox_3119/data/K05_055438_2243_XN_44N005W.IMG,62.899,4.24,2018-05-25T06:30:57.184,1,E-8_N44
K05_055451_2172_XN_37N358W,MROX_3120,https://planetarydata.jpl.nasa.gov/img/data/mro/ctx/mrox_3120/data/K05_055451_2172_XN_37N358W.IMG,60.74,5.98,2018-05-26T06:47:13.318,1,E0_N36
K05_055464_2168_XN_36N353W,MROX_3121,https://planetarydata.jpl.nasa.gov/img/data/mro/ctx/mrox_3121/data/K05_055464_2168_XN_36N353W.IMG,60.789,6.86,2018-05-27T07:05:09.855,2,E4_N32;E4_N36
K05_055477_2183_XI_38N348W,MROX_3122,https://planetarydata.jpl.nasa.gov/img/data/mro/ctx/mrox_3122/data/K05_055477_2183_XI_38N348W.IMG,61.35,3.68,2018-05-28T07:24:02.891,2,E8_N32;E8_N36
K05_055517_2171_XN_37N001W,MROX_3125,https://planetarydata.jpl.nasa.gov/img/data/mro/ctx/mrox_3125/data/K05_055517_2171_XN_37N001W.IMG,61.03,2.14,2018-05-31T10:11:57.000,1,E-4_N36
K06_055543_2212_XN_41N350W,MROX_3127,https://planetarydata.jpl.nasa.gov/img/data/mro/ctx/mrox_3127/data/K06_055543_2212_XN_41N350W.IMG,63.579,3.3199,2018-06-02T10:49:52.287,2,E8_N36;E8_N40
K08_056559_2139_XN_33N001W,MROX_3244,https://planetarydata.jpl.nasa.gov/img/data/mro/ctx/mrox_3244/data/K08_056559_2139_XN_33N001W.IMG,69.56,7.73,2018-08-20T14:20:18.782,1,E-4_N32
K11_057786_2188_XN_38N011W,MROX_3355,https://planetarydata.jpl.nasa.gov/img/data/mro/ctx/mrox_3355/data/K11_057786_2188_XN_38N011W.IMG,68.519,1.9094,2018-11-24T04:23:39.688,1,E-12_N36
P01_001334_2213_XI_41N348W,MROX_0007,https://planetarydata.jpl.nasa.gov/img/data/mro/ctx/mrox_0007/data/P01_001334_2213_XI_41N348W.IMG,48.09,5.9199,2006-11-08T10:23:49.078,1,E8_N40
P01_001414_2164_XI_36N008W,MROX_0009,https://planetarydata.jpl.nasa.gov/img/data/mro/ctx/mrox_0009/data/P01_001414_2164_XI_36N008W.IMG,48.7,1.52,2006-11-14T15:51:46.015,1,E-12_N36
P01_001440_2174_XI_37N358W,MROX_0010,https://planetarydata.jpl.nasa.gov/img/data/mro/ctx/mrox_0010/data/P01_001440_2174_XI_37N358W.IMG,48.85,0.28,2006-11-16T16:27:02.068,1,E0_N36
P01_001466_2215_XI_41N348W,MROX_0011,https://planetarydata.jpl.nasa.gov/img/data/mro/ctx/mrox_0011/data/P01_001466_2215_XI_41N348W.IMG,50.0,3.91,2006-11-18T17:03:09.008,1,E8_N40
P02_001810_2175_XI_37N012W,MROX_0023,https://planetarydata.jpl.nasa.gov/img/data/mro/ctx/mrox_0023/data/P02_001810_2175_XI_37N012W.IMG,52.859,0.44,2006-12-15T11:51:23.969,1,E-12_N36
P02_001928_2264_XI_46N354W,MROX_0028,https://planetarydata.jpl.nasa.gov/img/data/mro/ctx/mrox_0028/data/P02_001928_2264_XI_46N354W.IMG,57.259,7.4298,2006-12-24T16:34:53.005,1,E4_N44
P02_001968_2164_XI_36N008W,MROX_0030,https://planetarydata.jpl.nasa.gov/img/data/mro/ctx/mrox_0030/data/P02_001968_2164_XI_36N008W.IMG,52.009,30.079,2006-12-27T19:20:06.002,2,E-12_N32;E-12_N36
P02_001994_2143_XI_34N355W,MROX_0031,https://planetarydata.jpl.nasa.gov/img/data/mro/ctx/mrox_0031/data/P02_001994_2143_XI_34N355W.IMG,53.939,5.48,2006-12-29T19:56:48.977,1,E4_N32
P03_002100_2223_XN_42N010W,MROX_0036,https://planetarydata.jpl.nasa.gov/img/data/mro/ctx/mrox_0036/data/P03_002100_2223_XN_42N010W.IMG,57.82,0.0898,2007-01-07T02:12:57.697,1,E-12_N40
P03_002139_2209_XN_40N354W,MROX_0038,https://planetarydata.jpl.nasa.gov/img/data/mro/ctx/mrox_0038/data/P03_002139_2209_XN_40N354W.IMG,57.92,0.0898,2007-01-10T03:08:47.066,1,E4_N40
P03_002166_2204_XN_40N011W,MROX_0039,https://planetarydata.jpl.nasa.gov/img/data/mro/ctx/mrox_0039/data/P03_002166_2204_XN_40N011W.IMG,58.14,0.1,2007-01-12T05:38:18.498,2,E-12_N36;E-12_N40
P03_002271_2135_XN_33N357W,MROX_0042,https://planetarydata.jpl.nasa.gov/img/data/mro/ctx/mrox_0042/data/P03_002271_2135_XN_33N357W.IMG,57.579,0.0898,2007-01-20T09:57:58.929,1,E0_N32
P03_002284_2181_XN_38N353W,MROX_0043,https://planetarydata.jpl.nasa.gov/img/data/mro/ctx/mrox_0043/data/P03_002284_2181_XN_38N353W.IMG,59.048,0.08,2007-01-21T10:18:04.112,1,E4_N36
P04_002508_2218_XI_41N348W,MROX_0052,https://planetarydata.jpl.nasa.gov/img/data/mro/ctx/mrox_0052/data/P04_002508_2218_XI_41N348W.IMG,63.78,3.1,2007-02-07T21:12:50.922,2,E8_N36;E8_N40
P04_002587_2231_XN_43N346W,MROX_0055,https://planetarydata.jpl.nasa.gov/img/data/mro/ctx/mrox_0055/data/P04_002587_2231_XN_43N346W.IMG,65.239,0.0898,2007-02-14T00:57:44.398,1,E12_N44
P04_002719_2143_XN_34N348W,MROX_0060,https://planetarydata.jpl.nasa.gov/img/data/mro/ctx/mrox_0060/data/P04_002719_2143_XN_34N348W.IMG,63.509,0.0898,2007-02-24T07:47:05.890,1,E8_N32
P04_002746_2208_XI_40N006W,MROX_0062,https://planetarydata.jpl.nasa.gov/img/data/mro/ctx/mrox_0062/data/P04_002746_2208_XI_40N006W.IMG,66.53,0.8,2007-02-26T10:18:48.967,1,E-8_N40
P05_003089_2211_XN_41N011W,MROX_0074,https://planetarydata.jpl.nasa.gov/img/data/mro/ctx/mrox_0074/data/P05_003089_2211_XN_41N011W.IMG,71.239,0.0898,2007-03-25T03:45:01.460,2,E-12_N36;E-12_N40
P06_003234_2212_XN_41N009W,MROX_0080,https://planetarydata.jpl.nasa.gov/img/data/mro/ctx/mrox_0080/data/P06_003234_2212_XN_41N009W.IMG,72.93,0.0898,2007-04-05T10:54:58.260,1,E-12_N40
P06_003247_2161_XN_36N003W,MROX_0081,https://planetarydata.jpl.nasa.gov/img/data/mro/ctx/mrox_0081/data/P06_003247_2161_XN_36N003W.IMG,70.328,0.0898,2007-04-06T11:12:02.896,2,E-4_N32;E-4_N36
P06_003445_2163_XI_36N009W,MROX_0093,https://planetarydata.jpl.nasa.gov/img/data/mro/ctx/mrox_0093/data/P06_003445_2163_XI_36N009W.IMG,71.828,4.0499,2007-04-21T21:27:49.505,2,E-12_N32;E-12_N36
P13_005950_2100_XN_30N357W,MROX_0265,https://planetarydata.jpl.nasa.gov/img/data/mro/ctx/mrox_0265/data/P13_005950_2100_XN_30N357W.IMG,48.908,0.1,2007-11-03T02:05:38.711,1,E0_N32
P13_006135_2174_XN_37N010W,MROX_0275,https://planetarydata.jpl.nasa.gov/img/data/mro/ctx/mrox_0275/data/P13_006135_2174_XN_37N010W.IMG,51.85,0.1,2007-11-17T12:08:38.136,2,E-12_N32;E-12_N36
P13_006174_2196_XN_39N355W,MROX_0286,https://planetarydata.jpl.nasa.gov/img/data/mro/ctx/mrox_0286/data/P13_006174_2196_XN_39N355W.IMG,52.929,0.1,2007-11-20T13:05:53.295,2,E4_N36;E4_N40
P13_006201_2100_XN_30N011W,MROX_0294,https://planetarydata.jpl.nasa.gov/img/data/mro/ctx/mrox_0294/data/P13_006201_2100_XN_30N011W.IMG,46.27,0.1,2007-11-22T15:32:42.745,1,E-12_N32
P13_006253_2192_XN_39N352W,MROX_0309,https://planetarydata.jpl.nasa.gov/img/data/mro/ctx/mrox_0309/data/P13_006253_2192_XN_39N352W.IMG,51.71,0.1,2007-11-26T16:51:04.691,3,E4_N36;E4_N40;E8_N36
P13_006279_2234_XN_43N342W,MROX_0316,https://planetarydata.jpl.nasa.gov/img/data/mro/ctx/mrox_0316/data/P13_006279_2234_XN_43N342W.IMG,54.28,0.1,2007-11-28T17:29:55.262,1,E16_N44
P14_006464_2163_XI_36N352W,MROX_0322,https://planetarydata.jpl.nasa.gov/img/data/mro/ctx/mrox_0322/data/P14_006464_2163_XI_36N352W.IMG,47.57,0.0898,2007-12-13T03:28:08.149,2,E4_N32;E4_N36
P14_006464_2214_XN_41N353W,MROX_0322,https://planetarydata.jpl.nasa.gov/img/data/mro/ctx/mrox_0322/data/P14_006464_2214_XN_41N353W.IMG,50.85,0.0898,2007-12-13T03:29:31.653,1,E4_N40
P14_006477_2172_XN_37N347W,MROX_0323,https://planetarydata.jpl.nasa.gov/img/data/mro/ctx/mrox_0323/data/P14_006477_2172_XN_37N347W.IMG,48.009,0.1,2007-12-14T03:47:07.800,1,E8_N36
P14_006570_2241_XN_44N008W,MROX_0334,https://planetarydata.jpl.nasa.gov/img/data/mro/ctx/mrox_0334/data/P14_006570_2241_XN_44N008W.IMG,51.46,0.1,2007-12-21T09:45:37.124,4,E-12_N40;E-12_N44;E-8_N40;E-8_N44
P14_006622_2219_XI_41N348W,MROX_0340,https://planetarydata.jpl.nasa.gov/img/data/mro/ctx/mrox_0340/data/P14_006622_2219_XI_41N348W.IMG,49.25,3.9599,2007-12-25T11:00:38.086,1,E8_N40
P14_006635_2267_XN_46N343W,MROX_0341,https://planetarydata.jpl.nasa.gov/img/data/mro/ctx/mrox_0341/data/P14_006635_2267_XN_46N343W.IMG,52.45,0.11,2007-12-26T11:20:37.952,1,E16_N44
P14_006636_2258_XI_45N011W,MROX_0342,https://planetarydata.jpl.nasa.gov/img/data/mro/ctx/mrox_0342/data/P14_006636_2258_XI_45N011W.IMG,51.63,4.0899,2007-12-26T13:12:59.139,1,E-12_N44
P14_006649_2232_XI_43N005W,MROX_0343,https://planetarydata.jpl.nasa.gov/img/data/mro/ctx/mrox_0343/data/P14_006649_2232_XI_43N005W.IMG,49.92,2.79,2007-12-27T13:30:55.103,1,E-8_N40
P14_006688_2144_XI_34N347W,MROX_0348,https://planetarydata.jpl.nasa.gov/img/data/mro/ctx/mrox_0348/data/P14_006688_2144_XI_34N347W.IMG,45.28,8.72,2007-12-30T14:24:22.090,1,E8_N32
P14_006701_2263_XI_46N344W,MROX_0350,https://planetarydata.jpl.nasa.gov/img/data/mro/ctx/mrox_0350/data/P14_006701_2263_XI_46N344W.IMG,51.74,4.33,2007-12-31T14:46:59.065,1,E12_N44
P14_006702_2217_XN_41N011W,MROX_0350,https://planetarydata.jpl.nasa.gov/img/data/mro/ctx/mrox_0350/data/P14_006702_2217_XN_41N011W.IMG,48.649,0.1,2007-12-31T16:37:57.752,1,E-12_N40
P15_006714_2256_XI_45N340W,MROX_0352,https://planetarydata.jpl.nasa.gov/img/data/mro/ctx/mrox_0352/data/P15_006714_2256_XI_45N340W.IMG,50.84,1.25,2008-01-01T15:05:35.126,1,E16_N44
P15_006728_2144_XN_34N000W,MROX_0354,https://planetarydata.jpl.nasa.gov/img/data/mro/ctx/mrox_0354/data/P15_006728_2144_XN_34N000W.IMG,44.46,0.1,2008-01-02T17:13:07.265,1,E-4_N32
P15_006754_2196_XI_39N351W,MROX_0358,https://planetarydata.jpl.nasa.gov/img/data/mro/ctx/mrox_0358/data/P15_006754_2196_XI_39N351W.IMG,46.798,3.1,2008-01-04T17:52:25.097,3,E4_N40;E8_N36;E8_N40
P15_006794_2200_XN_40N003W,MROX_0364,https://planetarydata.jpl.nasa.gov/img/data/mro/ctx/mrox_0364/data/P15_006794_2200_XN_40N003W.IMG,47.189,4.3098,2008-01-07T20:41:25.471,2,E-4_N36;E-4_N40
P15_006807_2187_XN_38N358W,MROX_0365,https://planetarydata.jpl.nasa.gov/img/data/mro/ctx/mrox_0365/data/P15_006807_2187_XN_38N358W.IMG,46.35,3.5,2008-01-08T20:59:44.130,1,E0_N36
P15_006820_2256_XN_45N353W,MROX_0367,https://planetarydata.jpl.nasa.gov/img/data/mro/ctx/mrox_0367/data/P15_006820_2256_XN_45N353W.IMG,50.24,4.4698,2008-01-09T21:20:58.987,1,E4_N44
P15_006833_2144_XN_34N347W,MROX_0368,https://planetarydata.jpl.nasa.gov/img/data/mro/ctx/mrox_0368/data/P15_006833_2144_XN_34N347W.IMG,43.77,0.1,2008-01-10T21:36:07.240,1,E8_N32
P15_006847_2266_XN_46N011W,MROX_0370,https://planetarydata.jpl.nasa.gov/img/data/mro/ctx/mrox_0370/data/P15_006847_2266_XN_46N011W.IMG,50.298,0.1,2008-01-11T23:51:21.890,1,E-12_N44
P15_006925_2229_XN_42N340W,MROX_0381,https://planetarydata.jpl.nasa.gov/img/data/mro/ctx/mrox_0381/data/P15_006925_2229_XN_42N340W.IMG,47.429,0.1,2008-01-18T01:42:24.822,1,E16_N44
P15_006952_2201_XN_40N357W,MROX_0385,https://planetarydata.jpl.nasa.gov/img/data/mro/ctx/mrox_0385/data/P15_006952_2201_XN_40N357W.IMG,45.81,0.1,2008-01-20T04:11:36.612,2,E0_N36;E0_N40
P15_006965_2224_XN_42N352W,MROX_0387,https://planetarydata.jpl.nasa.gov/img/data/mro/ctx/mrox_0387/data/P15_006965_2224_XN_42N352W.IMG,46.859,0.11,2008-01-21T04:31:22.860,1,E4_N40
P15_006992_2194_XN_39N009W,MROX_0390,https://planetarydata.jpl.nasa.gov/img/data/mro/ctx/mrox_0390/data/P15_006992_2194_XN_39N009W.IMG,45.17,0.1,2008-01-23T07:00:12.845,1,E-12_N40
P15_007005_2216_XN_41N005W,MROX_0392,https://planetarydata.jpl.nasa.gov/img/data/mro/ctx/mrox_0392/data/P15_007005_2216_XN_41N005W.IMG,46.21,0.1,2008-01-24T07:19:56.093,1,E-8_N40
P15_007018_2264_XN_46N000W,MROX_0393,https://planetarydata.jpl.nasa.gov/img/data/mro/ctx/mrox_0393/data/P15_007018_2264_XN_46N000W.IMG,48.64,0.1,2008-01-25T07:40:02.037,1,E-4_N44
P15_007031_2222_XN_42N355W,MROX_0395,https://planetarydata.jpl.nasa.gov/img/data/mro/ctx/mrox_0395/data/P15_007031_2222_XN_42N355W.IMG,46.07,3.0899,2008-01-26T07:57:54.774,1,E4_N40
P15_007044_2222_XN_42N349W,MROX_0397,https://planetarydata.jpl.nasa.gov/img/data/mro/ctx/mrox_0397/data/P15_007044_2222_XN_42N349W.IMG,46.56,4.7599,2008-01-27T08:16:19.116,1,E8_N40
P15_007058_2266_XI_46N011W,MROX_0398,https://planetarydata.jpl.nasa.gov/img/data/mro/ctx/mrox_0398/data/P15_007058_2266_XI_46N011W.IMG,48.969,7.98,2008-01-28T10:29:10.052,1,E-12_N44
P16_007123_2241_XN_44N347W,MROX_0407,https://planetarydata.jpl.nasa.gov/img/data/mro/ctx/mrox_0407/data/P16_007123_2241_XN_44N347W.IMG,46.64,0.1799,2008-02-02T12:02:02.247,1,E12_N44
P16_007163_2264_XN_46N359W,MROX_0412,https://planetarydata.jpl.nasa.gov/img/data/mro/ctx/mrox_0412/data/P16_007163_2264_XN_46N359W.IMG,47.579,0.1,2008-02-05T14:51:25.261,2,E-4_N44;E0_N44
P16_007176_2208_XN_40N353W,MROX_0414,https://planetarydata.jpl.nasa.gov/img/data/mro/ctx/mrox_0414/data/P16_007176_2208_XN_40N353W.IMG,44.77,0.1,2008-02-06T15:08:23.998,2,E4_N36;E4_N40
P16_007203_2222_XN_42N011W,MROX_0417,https://planetarydata.jpl.nasa.gov/img/data/mro/ctx/mrox_0417/data/P16_007203_2222_XN_42N011W.IMG,45.24,0.1,2008-02-08T17:39:18.253,1,E-12_N40
P16_007215_2254_XN_45N339W,MROX_0419,https://planetarydata.jpl.nasa.gov/img/data/mro/ctx/mrox_0419/data/P16_007215_2254_XN_45N339W.IMG,46.478,2.1499,2008-02-09T16:06:35.599,1,E16_N44
P16_007216_2248_XN_44N006W,MROX_0419,https://planetarydata.jpl.nasa.gov/img/data/mro/ctx/mrox_0419/data/P16_007216_2248_XN_44N006W.IMG,46.359,0.1,2008-02-09T17:59:10.388,2,E-8_N40;E-8_N44
P16_007229_2192_XN_39N000W,MROX_0421,https://planetarydata.jpl.nasa.gov/img/data/mro/ctx/mrox_0421/data/P16_007229_2192_XN_39N000W.IMG,43.82,0.0898,2008-02-10T18:15:57.222,2,E-4_N36;E-4_N40
P16_007242_2159_XN_35N355W,MROX_0424,https://planetarydata.jpl.nasa.gov/img/data/mro/ctx/mrox_0424/data/P16_007242_2159_XN_35N355W.IMG,42.359,2.25,2008-02-11T18:33:58.576,2,E4_N32;E4_N36
P16_007255_2202_XN_40N350W,MROX_0426,https://planetarydata.jpl.nasa.gov/img/data/mro/ctx/mrox_0426/data/P16_007255_2202_XN_40N350W.IMG,44.1,0.1,2008-02-12T18:54:19.430,2,E8_N36;E8_N40
P16_007348_2224_XI_42N010W,MROX_0431,https://planetarydata.jpl.nasa.gov/img/data/mro/ctx/mrox_0431/data/P16_007348_2224_XI_42N010W.IMG,44.49,1.05,2008-02-20T00:52:22.899,1,E-12_N40
P16_007374_2183_XI_38N000W,MROX_0435,https://planetarydata.jpl.nasa.gov/img/data/mro/ctx/mrox_0435/data/P16_007374_2183_XI_38N000W.IMG,42.439,6.11,2008-02-22T01:29:03.927,5,E-4_N32;E-4_N36;E-4_N40;E0_N32;E0_N36
P16_007387_2290_XN_49N356W,MROX_0437,https://planetarydata.jpl.nasa.gov/img/data/mro/ctx/mrox_0437/data/P16_007387_2290_XN_49N356W.IMG,47.31,0.1,2008-02-23T01:51:50.663,1,E0_N44
P16_007400_2202_XN_40N350W,MROX_0439,https://planetarydata.jpl.nasa.gov/img/data/mro/ctx/mrox_0439/data/P16_007400_2202_XN_40N350W.IMG,43.478,0.1,2008-02-24T02:07:40.966,2,E8_N36;E8_N40
P16_007414_2191_XN_39N012W,MROX_0441,https://planetarydata.jpl.nasa.gov/img/data/mro/ctx/mrox_0441/data/P16_007414_2191_XN_39N012W.IMG,43.17,1.55,2008-02-25T04:18:54.238,1,E-12_N36
P16_007426_2266_XN_46N341W,MROX_0443,https://planetarydata.jpl.nasa.gov/img/data/mro/ctx/mrox_0443/data/P16_007426_2266_XN_46N341W.IMG,45.92,0.1,2008-02-26T02:47:32.811,1,E16_N44
P16_007427_2204_XN_40N007W,MROX_0444,https://planetarydata.jpl.nasa.gov/img/data/mro/ctx/mrox_0444/data/P16_007427_2204_XN_40N007W.IMG,43.45,0.1,2008-02-26T04:37:52.057,3,E-12_N40;E-8_N36;E-8_N40
P17_007492_2261_XN_46N344W,MROX_0455,https://planetarydata.jpl.nasa.gov/img/data/mro/ctx/mrox_0455/data/P17_007492_2261_XN_46N344W.IMG,44.719,8.6196,2008-03-02T06:14:40.837,2,E12_N44;E16_N44
P17_007493_2263_XN_46N010W,MROX_0455,https://planetarydata.jpl.nasa.gov/img/data/mro/ctx/mrox_0455/data/P17_007493_2263_XN_46N010W.IMG,45.46,0.0898,2008-03-02T08:07:10.697,1,E-12_N44
P17_007506_2206_XN_40N005W,MROX_0457,https://planetarydata.jpl.nasa.gov/img/data/mro/ctx/mrox_0457/data/P17_007506_2206_XN_40N005W.IMG,42.978,3.37,2008-03-03T08:24:12.105,2,E-8_N36;E-8_N40
P17_007519_2147_XN_34N359W,MROX_0460,https://planetarydata.jpl.nasa.gov/img/data/mro/ctx/mrox_0460/data/P17_007519_2147_XN_34N359W.IMG,40.95,7.86,2008-03-04T08:41:14.814,4,E-4_N32;E-4_N36;E0_N32;E0_N36
P17_007532_2184_XN_38N354W,MROX_0462,https://planetarydata.jpl.nasa.gov/img/data/mro/ctx/mrox_0462/data/P17_007532_2184_XN_38N354W.IMG,42.478,0.0898,2008-03-05T09:01:46.434,1,E4_N36
P17_007572_2190_XN_39N006W,MROX_0468,https://planetarydata.jpl.nasa.gov/img/data/mro/ctx/mrox_0468/data/P17_007572_2190_XN_39N006W.IMG,42.56,0.0898,2008-03-08T11:51:10.710,1,E-8_N36
P17_007585_2149_XN_34N001W,MROX_0470,https://planetarydata.jpl.nasa.gov/img/data/mro/ctx/mrox_0470/data/P17_007585_2149_XN_34N001W.IMG,41.52,0.0898,2008-03-09T12:08:30.017,2,E-4_N32;E-4_N36
P17_007611_2238_XN_43N352W,MROX_0475,https://planetarydata.jpl.nasa.gov/img/data/mro/ctx/mrox_0475/data/P17_007611_2238_XN_43N352W.IMG,43.929,0.0898,2008-03-11T12:49:12.760,3,E4_N40;E4_N44;E8_N40
P17_007638_2193_XN_39N008W,MROX_0478,https://planetarydata.jpl.nasa.gov/img/data/mro/ctx/mrox_0478/data/P17_007638_2193_XN_39N008W.IMG,42.618,1.76,2008-03-13T15:17:55.526,2,E-12_N36;E-12_N40
P17_007651_2126_XN_32N003W,MROX_0481,https://planetarydata.jpl.nasa.gov/img/data/mro/ctx/mrox_0481/data/P17_007651_2126_XN_32N003W.IMG,41.079,0.0898,2008-03-14T15:34:45.309,1,E-4_N32
P17_007664_2157_XN_35N359W,MROX_0483,https://planetarydata.jpl.nasa.gov/img/data/mro/ctx/mrox_0483/data/P17_007664_2157_XN_35N359W.IMG,40.859,9.4199,2008-03-15T15:55:21.413,1,E0_N32
P17_007677_2287_XN_48N355W,MROX_0485,https://planetarydata.jpl.nasa.gov/img/data/mro/ctx/mrox_0485/data/P17_007677_2287_XN_48N355W.IMG,45.53,0.0898,2008-03-16T16:18:10.982,1,E4_N44
P17_007690_2141_XN_34N348W,MROX_0487,https://planetarydata.jpl.nasa.gov/img/data/mro/ctx/mrox_0487/data/P17_007690_2141_XN_34N348W.IMG,41.368,1.2096,2008-03-17T16:32:12.968,2,E8_N32;E8_N36
P17_007704_2223_XI_42N011W,MROX_0491,https://planetarydata.jpl.nasa.gov/img/data/mro/ctx/mrox_0491/data/P17_007704_2223_XI_42N011W.IMG,43.2,0.8296,2008-03-18T18:45:57.837,3,E-12_N36;E-12_N40;E-12_N44
P17_007717_2189_XN_38N006W,MROX_0494,https://planetarydata.jpl.nasa.gov/img/data/mro/ctx/mrox_0494/data/P17_007717_2189_XN_38N006W.IMG,42.21,0.0898,2008-03-19T19:04:16.340,1,E-8_N36
P17_007730_2176_XI_37N001W,MROX_0496,https://planetarydata.jpl.nasa.gov/img/data/mro/ctx/mrox_0496/data/P17_007730_2176_XI_37N001W.IMG,41.52,4.8799,2008-03-20T19:22:45.943,2,E-4_N32;E-4_N36
P17_007743_2169_XN_36N355W,MROX_0498,https://planetarydata.jpl.nasa.gov/img/data/mro/ctx/mrox_0498/data/P17_007743_2169_XN_36N355W.IMG,41.85,1.54,2008-03-21T19:41:56.047,1,E4_N36
P17_007756_2202_XI_40N351W,MROX_0501,https://planetarydata.jpl.nasa.gov/img/data/mro/ctx/mrox_0501/data/P17_007756_2202_XI_40N351W.IMG,42.439,0.3699,2008-03-22T20:01:12.854,2,E8_N36;E8_N40
P17_007783_2217_XN_41N008W,MROX_0505,https://planetarydata.jpl.nasa.gov/img/data/mro/ctx/mrox_0505/data/P17_007783_2217_XN_41N008W.IMG,42.78,0.0898,2008-03-24T22:31:48.593,2,E-12_N36;E-12_N40
P17_007796_2200_XN_40N003W,MROX_0508,https://planetarydata.jpl.nasa.gov/img/data/mro/ctx/mrox_0508/data/P17_007796_2200_XN_40N003W.IMG,42.49,2.14,2008-03-25T22:50:38.193,2,E-4_N36;E-4_N40
P17_007809_2169_XN_36N358W,MROX_0510,https://planetarydata.jpl.nasa.gov/img/data/mro/ctx/mrox_0510/data/P17_007809_2169_XN_36N358W.IMG,41.45,2.81,2008-03-26T23:08:17.086,2,E0_N32;E0_N36
P17_007822_2126_XN_32N352W,MROX_0512,https://planetarydata.jpl.nasa.gov/img/data/mro/ctx/mrox_0512/data/P17_007822_2126_XN_32N352W.IMG,41.109,0.0898,2008-03-27T23:26:08.479,1,E4_N32
P17_007835_2249_XN_44N349W,MROX_0514,https://planetarydata.jpl.nasa.gov/img/data/mro/ctx/mrox_0514/data/P17_007835_2249_XN_44N349W.IMG,43.539,0.0898,2008-03-28T23:49:02.094,2,E8_N40;E8_N44
P17_007849_2255_XN_45N011W,MROX_0517,https://planetarydata.jpl.nasa.gov/img/data/mro/ctx/mrox_0517/data/P17_007849_2255_XN_45N011W.IMG,43.7,0.0898,2008-03-30T02:00:42.237,1,E-12_N44
P18_007888_2206_XN_40N355W,MROX_0521,https://planetarydata.jpl.nasa.gov/img/data/mro/ctx/mrox_0521/data/P18_007888_2206_XN_40N355W.IMG,42.2,1.1594,2008-04-02T02:55:34.888,3,E0_N40;E4_N36;E4_N40
P18_007901_2250_XN_45N351W,MROX_0523,https://planetarydata.jpl.nasa.gov/img/data/mro/ctx/mrox_0523/data/P18_007901_2250_XN_45N351W.IMG,43.38,0.0898,2008-04-03T03:15:53.582,3,E4_N44;E8_N40;E8_N44
P18_007914_2270_XN_47N346W,MROX_0524,https://planetarydata.jpl.nasa.gov/img/data/mro/ctx/mrox_0524/data/P18_007914_2270_XN_47N346W.IMG,43.96,0.0898,2008-04-04T03:35:30.869,1,E12_N44
P18_007915_2150_XN_35N012W,MROX_0524,https://planetarydata.jpl.nasa.gov/img/data/mro/ctx/mrox_0524/data/P18_007915_2150_XN_35N012W.IMG,41.298,0.77,2008-04-04T05:23:48.803,1,E-12_N32
P18_007941_2200_XN_40N002W,MROX_0529,https://planetarydata.jpl.nasa.gov/img/data/mro/ctx/mrox_0529/data/P18_007941_2200_XN_40N002W.IMG,42.228,1.55,2008-04-06T06:03:40.991,2,E-4_N36;E-4_N40
P18_007954_2150_XN_35N357W,MROX_0530,https://planetarydata.jpl.nasa.gov/img/data/mro/ctx/mrox_0530/data/P18_007954_2150_XN_35N357W.IMG,40.899,6.0598,2008-04-07T06:20:57.372,2,E0_N32;E0_N36
P18_008046_2253_XN_45N350W,MROX_0542,https://planetarydata.jpl.nasa.gov/img/data/mro/ctx/mrox_0542/data/P18_008046_2253_XN_45N350W.IMG,43.118,0.0898,2008-04-14T10:28:50.555,2,E8_N40;E8_N44
P18_008112_2251_XI_45N352W,MROX_0548,https://planetarydata.jpl.nasa.gov/img/data/mro/ctx/mrox_0548/data/P18_008112_2251_XI_45N352W.IMG,43.56,7.9298,2008-04-19T13:55:45.805,4,E4_N40;E4_N44;E8_N40;E8_N44
P18_008231_2166_XI_36N001W,MROX_0558,https://planetarydata.jpl.nasa.gov/img/data/mro/ctx/mrox_0558/data/P18_008231_2166_XI_36N001W.IMG,41.408,2.43,2008-04-28T20:28:37.827,1,E-4_N36
P19_008349_2220_XN_42N344W,MROX_0567,https://planetarydata.jpl.nasa.gov/img/data/mro/ctx/mrox_0567/data/P19_008349_2220_XN_42N344W.IMG,42.09,0.45,2008-05-08T01:13:25.902,1,E12_N44
P19_008429_2226_XN_42N009W,MROX_0571,https://planetarydata.jpl.nasa.gov/img/data/mro/ctx/mrox_0571/data/P19_008429_2226_XN_42N009W.IMG,41.789,5.4698,2008-05-14T06:53:04.605,1,E-12_N40
P19_008508_2245_XN_44N007W,MROX_0578,https://planetarydata.jpl.nasa.gov/img/data/mro/ctx/mrox_0578/data/P19_008508_2245_XN_44N007W.IMG,41.92,7.48,2008-05-20T10:40:31.800,3,E-12_N44;E-8_N40;E-8_N44
P19_008560_2245_XN_44N346W,MROX_0582,https://planetarydata.jpl.nasa.gov/img/data/mro/ctx/mrox_0582/data/P19_008560_2245_XN_44N346W.IMG,42.609,1.2399,2008-05-24T11:56:55.592,1,E12_N44
P19_008573_2263_XI_46N342W,MROX_0583,https://planetarydata.jpl.nasa.gov/img/data/mro/ctx/mrox_0583/data/P19_008573_2263_XI_46N342W.IMG,42.81,0.08,2008-05-25T12:16:22.790,1,E16_N44
P19_008600_2212_XI_41N358W,MROX_0584,https://planetarydata.jpl.nasa.gov/img/data/mro/ctx/mrox_0584/data/P19_008600_2212_XI_41N358W.IMG,42.149,0.0898,2008-05-27T14:45:30.731,2,E0_N36;E0_N40
P19_008640_2163_XI_36N010W,MROX_0587,https://planetarydata.jpl.nasa.gov/img/data/mro/ctx/mrox_0587/data/P19_008640_2163_XI_36N010W.IMG,42.02,0.0898,2008-05-30T17:33:35.752,1,E-12_N32
P19_008653_2185_XI_38N005W,MROX_0589,https://planetarydata.jpl.nasa.gov/img/data/mro/ctx/mrox_0589/data/P19_008653_2185_XI_38N005W.IMG,42.06,0.0898,2008-05-31T17:52:56.754,1,E-8_N36
P20_008719_2181_XN_38N007W,MROX_0595,https://planetarydata.jpl.nasa.gov/img/data/mro/ctx/mrox_0595/data/P20_008719_2181_XN_38N007W.IMG,42.149,0.0898,2008-06-05T21:20:15.669,3,E-12_N36;E-8_N32;E-8_N36
P20_008745_2214_XN_41N358W,MROX_0597,https://planetarydata.jpl.nasa.gov/img/data/mro/ctx/mrox_0597/data/P20_008745_2214_XN_41N358W.IMG,42.408,0.92,2008-06-07T22:00:02.779,1,E0_N40
P20_008758_2277_XN_47N354W,MROX_0598,https://planetarydata.jpl.nasa.gov/img/data/mro/ctx/mrox_0598/data/P20_008758_2277_XN_47N354W.IMG,43.17,0.0898,2008-06-08T22:21:05.859,1,E4_N44
P20_008798_2174_XN_37N005W,MROX_0602,https://planetarydata.jpl.nasa.gov/img/data/mro/ctx/mrox_0602/data/P20_008798_2174_XN_37N005W.IMG,42.289,0.0898,2008-06-12T01:07:10.716,1,E-8_N36
P20_008851_2163_XN_36N012W,MROX_0606,https://planetarydata.jpl.nasa.gov/img/data/mro/ctx/mrox_0606/data/P20_008851_2163_XN_36N012W.IMG,42.509,1.2298,2008-06-16T04:15:26.571,2,E-12_N32;E-12_N36
P20_008863_2272_XN_47N341W,MROX_0607,https://planetarydata.jpl.nasa.gov/img/data/mro/ctx/mrox_0607/data/P20_008863_2272_XN_47N341W.IMG,43.06,1.58,2008-06-17T02:45:20.632,1,E16_N44
P20_008864_2167_XN_36N007W,MROX_0607,https://planetarydata.jpl.nasa.gov/img/data/mro/ctx/mrox_0607/data/P20_008864_2167_XN_36N007W.IMG,42.53,1.2298,2008-06-17T04:34:32.975,2,E-8_N32;E-8_N36
P20_008903_2193_XN_39N352W,MROX_0610,https://planetarydata.jpl.nasa.gov/img/data/mro/ctx/mrox_0610/data/P20_008903_2193_XN_39N352W.IMG,42.439,0.8,2008-06-20T05:32:26.879,2,E4_N36;E4_N40
P20_008916_2249_XN_44N348W,MROX_0611,https://planetarydata.jpl.nasa.gov/img/data/mro/ctx/mrox_0611/data/P20_008916_2249_XN_44N348W.IMG,43.24,3.72,2008-06-21T05:53:01.080,3,E12_N44;E8_N40;E8_N44
P20_008943_2175_XI_37N004W,MROX_0613,https://planetarydata.jpl.nasa.gov/img/data/mro/ctx/mrox_0613/data/P20_008943_2175_XI_37N004W.IMG,42.759,2.02,2008-06-23T08:21:25.725,1,E-8_N36
P20_008956_2197_XN_39N000W,MROX_0614,https://planetarydata.jpl.nasa.gov/img/data/mro/ctx/mrox_0614/data/P20_008956_2197_XN_39N000W.IMG,42.64,0.0898,2008-06-24T08:40:48.828,4,E-4_N36;E-4_N40;E0_N36;E0_N40
P20_008969_2184_XN_38N354W,MROX_0615,https://planetarydata.jpl.nasa.gov/img/data/mro/ctx/mrox_0615/data/P20_008969_2184_XN_38N354W.IMG,42.658,0.1799,2008-06-25T08:59:51.127,1,E4_N36
P20_009022_2200_XN_40N002W,MROX_0619,https://planetarydata.jpl.nasa.gov/img/data/mro/ctx/mrox_0619/data/P20_009022_2200_XN_40N002W.IMG,42.82,0.0898,2008-06-29T12:07:41.771,2,E-4_N36;E-4_N40
P20_009035_2240_XI_44N357W,MROX_0620,https://planetarydata.jpl.nasa.gov/img/data/mro/ctx/mrox_0620/data/P20_009035_2240_XI_44N357W.IMG,43.158,0.55,2008-06-30T12:27:58.671,2,E0_N40;E0_N44
P21_009088_2173_XI_37N004W,MROX_0623,https://planetarydata.jpl.nasa.gov/img/data/mro/ctx/mrox_0623/data/P21_009088_2173_XI_37N004W.IMG,42.03,11.89,2008-07-04T15:32:51.702,2,E-8_N32;E-8_N36
P21_009101_2208_XN_40N359W,MROX_0624,https://planetarydata.jpl.nasa.gov/img/data/mro/ctx/mrox_0624/data/P21_009101_2208_XN_40N359W.IMG,43.06,0.0898,2008-07-05T15:52:37.505,2,E0_N36;E0_N40
P21_009141_2166_XN_36N010W,MROX_0627,https://planetarydata.jpl.nasa.gov/img/data/mro/ctx/mrox_0627/data/P21_009141_2166_XN_36N010W.IMG,43.158,0.0898,2008-07-08T18:39:52.241,2,E-12_N32;E-12_N36
P21_009154_2175_XN_37N005W,MROX_0628,https://planetarydata.jpl.nasa.gov/img/data/mro/ctx/mrox_0628/data/P21_009154_2175_XN_37N005W.IMG,43.079,1.28,2008-07-09T18:58:52.540,1,E-8_N36
P21_009167_2201_XI_40N001W,MROX_0629,https://planetarydata.jpl.nasa.gov/img/data/mro/ctx/mrox_0629/data/P21_009167_2201_XI_40N001W.IMG,42.82,5.2999,2008-07-10T19:18:22.647,2,E-4_N36;E-4_N40
P21_009246_2240_XI_44N358W,MROX_0634,https://planetarydata.jpl.nasa.gov/img/data/mro/ctx/mrox_0634/data/P21_009246_2240_XI_44N358W.IMG,44.0,2.8199,2008-07-16T23:04:29.697,2,E0_N40;E0_N44
P21_009272_2280_XN_48N348W,MROX_0636,https://planetarydata.jpl.nasa.gov/img/data/mro/ctx/mrox_0636/data/P21_009272_2280_XN_48N348W.IMG,44.42,0.0898,2008-07-18T23:43:12.205,1,E8_N44
P21_009312_2208_XN_40N359W,MROX_0639,https://planetarydata.jpl.nasa.gov/img/data/mro/ctx/mrox_0639/data/P21_009312_2208_XN_40N359W.IMG,43.798,0.0898,2008-07-22T02:29:05.047,3,E-4_N40;E0_N36;E0_N40
P21_009325_2160_XN_36N354W,MROX_0640,https://planetarydata.jpl.nasa.gov/img/data/mro/ctx/mrox_0640/data/P21_009325_2160_XN_36N354W.IMG,43.82,0.0898,2008-07-23T02:46:28.244,2,E4_N32;E4_N36
P21_009338_2253_XN_45N350W,MROX_0641,https://planetarydata.jpl.nasa.gov/img/data/mro/ctx/mrox_0641/data/P21_009338_2253_XN_45N350W.IMG,44.28,0.0898,2008-07-24T03:07:38.855,2,E8_N40;E8_N44
P21_009365_2169_XN_36N006W,MROX_0643,https://planetarydata.jpl.nasa.gov/img/data/mro/ctx/mrox_0643/data/P21_009365_2169_XN_36N006W.IMG,43.96,0.0898,2008-07-26T05:35:02.906,2,E-8_N32;E-8_N36
P21_009378_2200_XI_40N002W,MROX_0644,https://planetarydata.jpl.nasa.gov/img/data/mro/ctx/mrox_0644/data/P21_009378_2200_XI_40N002W.IMG,43.34,8.73,2008-07-27T05:54:48.611,2,E-4_N36;E-4_N40
P21_009391_2238_XI_43N357W,MROX_0645,https://planetarydata.jpl.nasa.gov/img/data/mro/ctx/mrox_0645/data/P21_009391_2238_XI_43N357W.IMG,44.39,0.45,2008-07-28T06:14:55.620,2,E0_N40;E0_N44
P21_009431_2171_XN_37N008W,MROX_0648,https://planetarydata.jpl.nasa.gov/img/data/mro/ctx/mrox_0648/data/P21_009431_2171_XN_37N008W.IMG,44.24,0.0898,2008-07-31T09:00:41.368,4,E-12_N32;E-12_N36;E-8_N32;E-8_N36
P22_009483_2274_XN_47N349W,MROX_0651,https://planetarydata.jpl.nasa.gov/img/data/mro/ctx/mrox_0651/data/P22_009483_2274_XN_47N349W.IMG,45.289,0.0898,2008-08-04T10:19:10.989,1,E8_N44
P22_009497_2213_XI_41N009W,MROX_0652,https://planetarydata.jpl.nasa.gov/img/data/mro/ctx/mrox_0652/data/P22_009497_2213_XI_41N009W.IMG,45.85,14.788,2008-08-05T12:28:20.639,1,E-12_N40
P22_009523_2165_XN_36N001W,MROX_0653,https://planetarydata.jpl.nasa.gov/img/data/mro/ctx/mrox_0653/data/P22_009523_2165_XN_36N001W.IMG,43.49,14.74,2008-08-07T13:04:29.034,1,E-4_N36
P22_009549_2289_XN_48N351W,MROX_0655,https://planetarydata.jpl.nasa.gov/img/data/mro/ctx/mrox_0655/data/P22_009549_2289_XN_48N351W.IMG,45.939,0.08,2008-08-09T13:45:34.850,1,E8_N44
P22_009602_2210_XN_41N357W,MROX_0658,https://planetarydata.jpl.nasa.gov/img/data/mro/ctx/mrox_0658/data/P22_009602_2210_XN_41N357W.IMG,45.259,0.56,2008-08-13T16:50:08.599,2,E0_N36;E0_N40
P22_009642_2216_XN_41N009W,MROX_0661,https://planetarydata.jpl.nasa.gov/img/data/mro/ctx/mrox_0661/data/P22_009642_2216_XN_41N009W.IMG,45.609,1.3994,2008-08-16T19:38:47.562,1,E-12_N40
P22_009681_2243_XI_44N355W,MROX_0665,https://planetarydata.jpl.nasa.gov/img/data/mro/ctx/mrox_0665/data/P22_009681_2243_XI_44N355W.IMG,45.57,5.69,2008-08-19T20:35:40.583,2,E4_N40;E4_N44
P22_009694_2267_XN_46N350W,MROX_0666,https://planetarydata.jpl.nasa.gov/img/data/mro/ctx/mrox_0666/data/P22_009694_2267_XN_46N350W.IMG,46.469,0.0898,2008-08-20T20:54:46.191,2,E8_N40;E8_N44
P22_009747_2239_XN_43N356W,MROX_0669,https://planetarydata.jpl.nasa.gov/img/data/mro/ctx/mrox_0669/data/P22_009747_2239_XN_43N356W.IMG,46.42,0.0898,2008-08-25T00:01:23.171,2,E0_N40;E0_N44
P22_009760_2250_XI_45N352W,MROX_0671,https://planetarydata.jpl.nasa.gov/img/data/mro/ctx/mrox_0671/data/P22_009760_2250_XI_45N352W.IMG,46.368,3.5499,2008-08-26T00:20:02.583,3,E4_N44;E8_N40;E8_N44
P22_009787_2277_XN_47N009W,MROX_0672,https://planetarydata.jpl.nasa.gov/img/data/mro/ctx/mrox_0672/data/P22_009787_2277_XN_47N009W.IMG,47.35,0.0898,2008-08-28T02:50:35.450,1,E-12_N44
P22_009826_2221_XN_42N355W,MROX_0675,https://planetarydata.jpl.nasa.gov/img/data/mro/ctx/mrox_0675/data/P22_009826_2221_XN_42N355W.IMG,45.14,19.928,2008-08-31T03:45:29.065,1,E4_N40
T01_000807_2205_XN_40N010W,MROX_0003,https://planetarydata.jpl.nasa.gov/img/data/mro/ctx/mrox_0003/data/T01_000807_2205_XN_40N010W.IMG,45.1,0.08,2006-09-28T09:37:33.172,1,E-12_N40
